text,toxic
я сегодня проезжала по рабочей и между домами снитенко и гомолысовой магазином ( на пустыре) бежала кошка похожего окраса.,0
"может, я и ошиблась, но необычный окрас бросился в глаза.",0
"зачем придумывать очередной налог на воздух, если можно обьявить инсульт и грипп- пандемией!",0
"ретро дежавю ... сложно понять чужое сердце , лиш ощутить музыкой видимо",0
2 августа поздно вечером нашли вот такую потеряшку в районе высоток на победе.,0
"девочка явно домашняя, в новом ошейнике.",0
а еще на стоянке никто не проверяет безопасность детей.,0
"возле порта на тарзанке стоит человек и смотрит за детьми, а на стоянке прыгает девочка, а вокруг никого.",0
это просто дэлика зубилосовсем немного переделано кузово.,0
"вы живёте в россии, не оставляйте российских детей без вашей заботы.",0
я на нем за 21 день марафона скинула 5кг и обьемы ушли по 8см.,0
а потом я чего то расслабилась в принципе как всегда и все.,0
пиши сразу путину раз такая смелая,0
"пока хвалиться нечем , не очень хочется затевать ремонт в зале и в коридоре .",0
"для вас ,я возьму на себя труд судить о вас ,по-моему большое открытие быть человеком￼ !",0
"как же здорово осознавать то, что людей поддерживают, помогают, стимулируют! )",0
"моя мама доживала со мной и когда заболела, я ухаживала за ней.",0
очень правильные и верные слова - сказаны.,0
"с праздником дорогие, чистого неба над головой, мира на всей земле.",0
"интиресно как это - вода чистая но не из под крана, что то не понять",0
а про этого извините но реально ломать мозг над этим людям думаю нестоит.,0
"про данный пост забудут через некоторое время, да и как про игру.",0
и ездили на борту грузовика без всяких подписей и инструктажей.,0
ты минут пятнадцать назад смотрела сис приходил,0
"очень жаль таких детишек,которые воспитываются с неадекватно- психическими отклонениями!",0
"на автобанах только толщина подушки перед основным полотном больше метра, неважно где, германия, франция, чехия, венгрия и т.д.",0
выгодней им дать земельный участок и брать за него налоги😂,0
все против народа.. учить историю надо фашистские отряды и полицаи были утинскиештурмовые отряды времен 1933 года как в германии,0
"а мне зять подарил э/ простыню на дачу, теперь радуюсь каждую прохладную ночь, дивлюсь себе-зачем насморк заводила, когда есть такое чудо!",0
"можно и в жару, попали в самое пекло, зоопарк в дендропарке находится, все в соснах, очень рекомендую))",0
"убери деньги изо всего что считаешь вечным, тот тоже исчезнет но вера никогда",0
"некоторым, очень трудно видеть красоту природы да, правда это чудо природы",0
я прошу чтобы все последствия прошлых и нынешних ошибок и недоразумений рассеялись да будет так !,0
"если есть возможность возьмите пожалуйста у меня 3 кошки и 4 котенок ,вам добро вернётся",0
"ладно нам долго лететь.. - ааа,-отвечает,- зато вас первыми откопают...",0
"здравствуйте, можно узнать цену курочек?",0
"так он может терять свои позиции еще лет 100, а то и 500 и ни на шаг не сдвинулся.",0
"а медиков вообще не за что - приехать к больному, поставить диагноз орз, не сделав тест, и бросить на выживаемость!",0
"это я только тему коронки затронула, не говоря об остальном!",0
"кот само спойствие и пофигизм, а собачка боится??",0
"а ты не помнишь как русских гнали из всех союзных республик, а сколько вырезали в чечне, не в курсе или тебе кавказцы нравятся горячие парни, так поверь русские есть гораздо погорячее",0
такой вещи простой в хозяйстве не оказалось!,0
"у меня тоже так накрылся,я его ликвидировала,буду новый сажать.",0
"как россия, семимильными шагами, путями и созиданиями.",0
не было бы прогресса вы бы до сих пор на полях урожай в ручную собирали бы.,0
вы сами готовы на поле урожай собирать или очищать от сорняков поля в любую погоду?,0
в новополоцке отметили 90-летие вдв и открыли бюст-памятник герою советского союза василию маргелову,0
"это было бы многим удобно, так что не вижу в этом какого то кошмара",0
"мы тоже были в хорватии, на границе паспорта регистрировали и туда и обратно.",0
"из за этого немного дольше едешь, чем обычно.",0
"странно вы пишете - хочется верить, что он достойной актер....если он вам нравится, как актер, то нравится...почему хочется верить, еще и в достойного.",0
"ну а его личная жизнь, как и всех, ни вас, ни кого вообще не касается",0
"святый пророче божий илья,моли бога о нас грешных!!",0
молодец что сумел найти силы воспитывать дочь а проблема с ногами это мелочь главное это любовь,0
только помню мы и сейчас дружим хотя прошло более 40 лет наш 10в и сейчас иногда собирается смеемся друг.,0
",над другом какие были и какие есть школьные годы чудесные а подружка с которой я сидела за партой была ещё у меня на свадьбе.",0
ирина спасибо большое за поддержку и добрые слова 🌸💋🌼,0
очень вкусный напиток 🥤 советую всем,0
"очень красиво и действительно раскошо,уютно.",0
как говорил милославский- храните деньги в сбербанке- но нужно читать между строк- храните в долларах!,0
байер-рейнджерс 2:2 севилья-рома 2:1 базель-айнтрахт ф 1:0 вулверхэмптон-олимпиакос 3:1 ман сити-реал м 3:2 ювентус-лион 3:0 бавария-челси 1:1 барселона-наполи 2:0,0
вышлю почтой только переведите деньги.,0
"мальчику хоть какие-то проблемы в жизни , даже элементарные проблемы со здоровьем и все сразу изменится",0
крепкого тебе здоровье и твоим малышам.,0
"обнищание крестьянских масс, это конечно не социальная проблема!",0
мне раньше из москвы привозили а в этом году облом с вирусом.,0
"что то ни какого азарта в игре,напоминает плей офф игры с сибирью",0
мне очень не нравится ограничения по открытию ракушек.,0
"у меня теперь выжидательная тактика: открываю ракушки только там, где уже открыты 5 и более.",0
ну хоть чуть -чуть .что ж так все переживают ?,0
женщину в любовь оденьте выглядит красиво она в ней,0
можно было не пугать ребёнка пусть кушает,0
"делать нечего, хлеб у волочковой отнимает!хотя, у той, теперь, другой хлеб- скандалы!😄",0
какой % кэшбека при оплате через телефое?,0
а вот с местными людьми общались так никто и в глаза гумпомощь из россии не видели.говорят эта гуманитарка в магазинах на прилавках.. по магазинам походили .,0
приглашаю в союз кот бегемот постоянного игрока.,0
рейтинг союза 397. писать в личку,0
я решила борщ сварить и пельмени отварим кто захочет,0
о боже мой... о боже мой... не могу сдержать своих эмоций... я начинаю не ненавидеть людей... что же вы творите?!,0
"каждому военному по мастерку в руки пусть строят жилые дома для людей переплавить танки на велосипеды,стиральные машины,детские коляски и т.д.",0
вот тогда россия начнёт цвести и пахнуть,0
"это был великий человек, не то что эти дешёвые правители – предатели нашей страны",0
дамы сейчас действуют акции 1ая- ноги полностью + глубокое бикини + подмышечные впадины бесплатно 2ая- каждое воскресенье скидка 20%,0
"у каждого свои доходы и слово не дорогой для дачника- пенсионера, весьма важно",0
"с днём рождения тебя 💋💋💋🤗🤗🤗 здоровья счастья благополучия и береги себя , хорошо 😘😘😘🌹🌹🌹🌹🌹🌹🌹",0
"ворачиваются в прошлое, а зачем ведь это пройденый этап.",0
я поздравляю всех с днём вмф и хочу отметить слаженную работу специалистов кашарского рдк в подготовке к интернет мероприятиям!,0
на самом деле этот творческий труд в интернете очень кропотлив и ответственен!,0
ваши видео версии программ интересны и легки для восприятия!,0
"а мы, посетители группы, ждем новых публикаций!",0
"сначала благополучно все разрушили,а теперь взялись строить.",0
"он поднимался все выше и выше, пока совсем не скрылся из виду.",0
"всем было грустно...утром мишу нашли целого и невредимого на воробьевых горах, после чего его отвезли на склад олимпийского комитета.",0
"никому не нужный миша пылился на складе, и про него вспомнили только за рубежом.одна немецкая коммерческая фирма предложила выкупить мишу за крупную сумму денег.",0
а мишу на складе съели крысы и он остался только в воспоминаниях людей.,0
"очень жаль, что ему не нашлось место где-нибудь в музее или на выставке.",0
"плюшевый мишка, который вызвал столько положительных эмоций у людей, был достоин этого.",0
малышу 55 лет если что.малыш жил ещё при брежневе и может сравнивать разные эпохи.,0
ничто в мире не стоит слёз собаки!!!,0
"самый красивый город в беларуси,люблю свой город♥♥♥",0
"для джонса, главное чтобы тайсон не попал по нему, а то будет плохо",0
"нежная чешуя на солнце быстро загорает, пока над водой летает.",0
"да сплошь и рядом оставляют детей одних, и гуляют одни, и в магазин одних посылают, и мусор выносить, и не только девятилетних, но и меньше возрастом.",0
перед чм по футболу убрали этот ужас с улиц виза и вот опять-оранжевые и белые на колёсах ржавые ужасные стоят как и прежде!!,0
"как и рекламные щиты-та же история, сперва пилим, потом снова ставим...",0
а народ отблагодарит награжденных немного позднее.,0
"мед будет примерно 10—13 августа, хорошо, позвоним вам обязательно",0
многие лета дари добро и любовь!,0
"?существует мнение ,счастливый человек не обижает других.",0
самая лучшая картошка на домашнем сале и только на чугунной сковородке!!!!,0
при брежневе леониде ильиче мы жили хорошо и жили хорошо порядок был во всем и законы соблюдались время это золотое не вернуть очень жаль а как хорошо жилось,0
"собачку ещё не отдали, если не отдали можно номер телефона",0
"народ,я люблю россию и не хочу,что бы вмешивались другие страны в нашу политику.",0
"детский транспорт нашёлся, его забрали в участковый пункт полиции, завтра вернут!😊😊😊",0
"будет тем кто ещё не получал, а кто получал уже не чего не будет",0
"точно , коса на камень нашла, в видео жители рассказывают , что сами сажали лес , но это на самом деле смешно.",0
"конечно, не хочется чтобы кто-то из молодежи вступил с тобой в дискуссию.",0
а ты просто будешь удивлен последствиям безобидной критики.,0
"нужна мне помощь да поддержка дружеская, не хватает в хозяйстве вещи малой для дела важного.",0
"у меня сестра троюродная работает в больнице в красноярске санитарной, совмещая обязанности медсестры.",0
"в отделении уже почти весь персонал на больничном, но короновируса не ставят им.",0
по факту большая часть персонала на больничном.,0
"пару дней назад эта участь постигла и её, она заболела.",0
ни на какие кт и прочие анализы в её больнице её не отправили.,0
"больничный не выдают сейчас, он электронный, и она даже не знает что там за диагноз ей написали.",0
"какая красота, мы в прошлом году хорошо там отдохнули!!!",0
"если никогда такого не было, то почему опять?",0
"советский союз - это самое лучшее, что было в нашей истории !",0
"и как всегда, все смотрят и снимают.... никто не заступился...",0
"образование все страны дают, а высшее образование не ссср мне дал.",0
прямо точно про моего бывшего мужа!,0
значит есть двух клавишный выключатель,0
"полно таких жалельщиков и считают, что великое доброе дело делают - с улицы забрали, а то, что жизнь на улице продолжается невдомек.",0
- так дорого же ж) и при этом поза: я спасаю животных,0
да разве можно тебя забыть доцентты наш родной!,0
"очень круто,хорошо что есть такие люди,которые пишут такие прекрасные вещи...",0
"она, когда идёт не боится сломаться пополом?",0
москвичи вас все ненавидят.а кто нас примет в москве.заболел и подыхай.,0
смотришь и глаз не оторвать.это умнейшие животные.,0
"раньше врачи действительно лечили ,боролись за каждого больного ,а сейчас оказывают помощь !",0
"во время пандемии люди умирали от рака , инфарктов ,почему их не лечили ?",0
"она просто пытается заинтересовать людей, чтобы потом на них заработать.",0
"неужели есть ещё такие наивные, которые это не видят?",0
"восхищена вашей работой, кропотливым трудом!",0
а на самом деле цвет берета - не самое главное.,0
"важно, чтобы человек в любой ситуации оставался человеком",0
"так могут и вообще фото выложить, вы что думаете она сама?",0
"а теперешнее поколение , даже не знает что это такое???",0
"здравствуйте, если рейс будет отменен вам поступит об этом оповещение а почту",0
"скончались с короновирусом от другого заболевания, а не от короновируса.",0
владик сынок это тебе люблю тоскую без тебя мой ангел небесный,0
чтобы все испортить..и не хватит целой вечности.,0
прежде чем что-то сказать или что-то сделать...берегите друг друга люди!!,0
!боль потери не лечит хмель..мы художники наших судеб..мы и кисти.,0
и --акварель..относитесь к любви как к кладу..чтоб потом не рыдать ей вслед...без любви ничего не надо..без любви ничего и нет!!,0
"ты очень классная девочка, удачи тебе красавица",0
кроме чехов я люблю только альпов в таком окрасе!!,0
я разделяю вами с вашу печаль и скорблю вместе вами с,0
"знаю очень многих которые из не богатых,бедных семей которые добились многого.и так де тех кто из семей с достатком,которые не добились ничего.",0
а я вместо алычи ложу маленький помидорчик чери.,0
это действительно были лучшие годы жизни,0
дааааа все хорошо базарят а как дело доходит до наказания то все всторону и тишина,0
а между предложением и делом может пройти много лет.,0
"давно пора, опустить зарплаты депутатов, сенаторов и т.п.",0
"тогда в депутаты пойдут те, кто, действительно, заботится о россии и россиянах, а не те, кто рвется к кормушке, чтобы набить свой собственный карман!",0
"как хорошо вы написали, прочитала как про своего деда шляпина василия, правда после войны 22 года прожил, но ушёл на войну 18 летним парнем, а вернулся с медалями и осколком.",0
осенью 1979 года меня после учебки направили служить на камчатку на скр резкий.,0
"товарищ мартиросян, в то время - кап-три, работал там командиром корабля.",0
"раз согласились работать от безвыходности за такую зарплату, зачем тогда жаловатся?",0
"у вас есть выбор, или работать или не работать за такие деньги.",0
уменя тоже сын с разными глазами один карий другой голубой и он для нас все равно красавиц наш и ваша девочка очень красивая дай бог ей здоровья,0
скажите пожалуйста а где этот город находится?,0
достаточно посмотреть на флаг армии генерала власова.,0
"я использовала дюфалак, нам очень помогло, его совсем немного",0
"добрый день,можно приобрести рабочую программу для 2-3 лет",0
"если это правда,я преклоняюсь перед такими людьми,дай бог вам здоровья и ребёночек,вы умница.",0
"доця с зятем и мальчишки, а внучка со мной дома.",0
"мы бы тоже поехали, да муж на вахте, а у меня хозяйство.",0
ты даже не знаешь когда масло пальмовое стали завозить .,0
оплатила 76руб.21:42 с карты 1413 людмила алекс.к.передать в прохладный.,0
10 лет карасю... конечно стал членом семьи... как кот или собака...,0
"действительно,мы весь год об иссык-куле мечтали и вдруг такое...:(",0
поднятие пенсионного возраста.развал экономики.публикация это провокация и ложь.,0
молодцы честь и хвала вам дай вам бог здоровья и вашему ребеночку🌼🌼🌼❤,0
"замечательно,все вы довольствуетесь,но дети без отцов растут",0
где тот мертвый который поднялся после употребление этой смеси !,0
"счастья тебе ванечка, дай бог тебя возьмут добрые люди, будет у тебя семья и родня и все самое лучшее",0
"в ветклинику нужно обязательно , чтобы удостовериться , что не болен , чтобы не заразился ваш кот !",0
"если болен , то нужно лечить , не выкидывайте малыша , подарите ему дом , ласку , уход !",0
"а у вас предоплата , и сколько будет стоит в томск",0
"выходит так, без решения суда человека уже виновен ,а это не является давлением на суд.",0
"просто я не живу в квартире, а иногда сплю в ней.",0
пусть будет ваше утро добрым всем хорошего букет настроения и от меня,0
для такого количества квартир мизерные дворики.,0
меня оскорблять за правдивую информацию это нормально.,0
по вашему вашу ложь должны поддерживать все,0
"пусть он предатель , но сколько людей спас от гибели.",0
но это 3- 4 раза в неделю спорт в зале плюс бег ежедневно ( хорошо поднимает настроение).,0
только мяту не пейте ни в каком случае ато молоко потихоньку уйдет по себе знаю.,0
"нет в гибискусе создаются,кусты с бабочкаи их кормиш землниккой",0
"все хорошего качество ,плотное ,не марля ,после стирки не линяет форму не теряет в тряпку не превращается",0
я тот ещё игрок... боялась этих котов и с свд их отщёлкивала.,0
"берет деньгами ,но от испуга и детской грыжи лечит .",0
мое мнение я его написала а после колобка я уже много чего читала!,0
"светик, правильно в общалке ответили, надо из них другие создавать, более сложные.",0
помидоры они самые сильные растут даже побывав в желудке,0
"не употребление матерных слов действует на организм успокаивающе, а выброс негативной энергии вместе с этими словами - снимают стресс накопившийся в организме.",0
"человек не находит ничего лучше как выругаться, употребляя при этом нецензурную брань.",0
"я конечно понимаю, что вы живёте не в тамбовской обл., но даже пусть так: откуда вы знаете, что фургал никуда не вкладывался, вам лично путин докладывал ?",0
в офисах тоже пашут к вашему сведенью еще и как .,0
"странные люди есть, и поправки даже для их же улучшения.",0
а лучше соберите инициативную группу и возьмите под шефство по одному ветерану.,0
"это скорей смешно,ведь наша молодежь тоже ходит с непонятными надписями чуть не на лбу.как то читала анекдот,ехала в автобусе дева,а на ней надпись гласила,что она замороженный цыпленок.",0
но надпись была на заморском языка и девочка гордо несла ее на себе.,0
ливня нет зато зато так холодно резко стало,0
"да-паразитов подкармливает америка им главное убрать путина-шибко умный и знает,что по чём,им новального подавай-второй ельцин.",0
"60 лет назад в обычной советской школе, мне сейчас 67",0
"владимир,ты не удачник ... всё в точку ,в 30 лет девушка набирается мудрости и цветёт",0
"в моем детстве сестра спасла братишку, а сама утонула.",0
"деток нельзя возле воды оставлять без присмотра, если они не умеют плавать.",0
да нина..ему мало не покажется...он не прав...нельзя брать плату..а потом посреди дороги вышвыривать детей..,0
почему не дали..?у меня писал в тейково и попал туда.,0
​прочитал и сразу настроение скакнуло вверх!,0
"от чего , от чего , от чего мне хорошо , да потому что амеров свои и сбили...",0
раньше говорили купил яву копай яму😊,0
зато в деревне классно свежий воздух .вот только работы нето в сёлах это уже плоха час та и в городе тяжело найти работу,0
"в этот день пьяные священники будут размахивать хоругвиями на площадях , купаться в фонтанах и рвать на себе рясы с криком : а ты в каком храме служил ?",0
я думаю скоро вся россия подымется только против хабаровска,0
"люди последние 100 руб отправляли для ваших собак, на питание и стерилки, не говоря что каждый месяц оплачивался газ.",0
"очень подло, низко и мерзко от вашего поступка!!!",0
"попробуйте отдавать и доверять людям, а не спать в одной постели с огромными дворовыми псами.",0
"казалось бы , видела всю эту нашу красоту сотни раз, но вот снова и снова радуюсь и восхищаюсь !",0
"самый вкусный хлеб пекла тетя маша у нас в поселке, все в ручную",0
"я могу 450 руб ,только гель -лак 89276206911",0
"не вредили, ветки не ломали, понимали что это нельзя делать.",0
"мне нравятся весёлые гномики,без бугорков и шипов ,очень урожайные, без горечи.семена продают в пятёрочке .",0
"не хватает тюбика с клеем резиновым,заплатки,и тёрки специальной.",0
"ему нечего просто сказать, все темы уже смылены 🤦🤦🤦",0
"шелуха, окурки, бутылки... ветер принёс?",0
"здоровья, счастья, благополучия, везения и всем самого прекрасного!",0
с пассажирами представьте сейчас по телевизору показали как гепард выследил догнал съел газель и сяковлева,0
"у нас тоже кот, всегда первые огурцы пробовал он, и ещё любил арбузы.",0
привет очень красивая фигуры у тебя даже очень,0
моя тетя купала кота поместив его в авоську.,0
"девочки,прокопьевск.кто- нибудь получил сегодня?",0
постепенно этот культ пьянства уйдет .,0
"про международный женский день 8 марта, а по старому 23 февраля отмечают только в 2ух странах в китае и россии.",0
"галина вы правильно все поняли, раньше этим занималась предприятие птс и со руководитель был шестов.",0
а сейчас хотят только деньги сорвать,0
поздравляем михаила андреевича и тамару георгиевну с 49 летней годовщиной свадьбы!,0
"самодельный, а у наших инженеров не хватает.а если хватит,то цену до обломков поднимут.",0
"а сегодня салуянов сказал, что россия предоставила кредит таджикистану под 1 % годовых, вот так!",0
круг получился меньше))) а так хорошо утром пройтись.,0
"воздух свежий, птички поют, ароматы цветов отовсюду.",0
детей в школу собирать надо тоже деньги,0
мой папа работал на драге в1962 году васильев петр кузьмич,0
моя лапонька!пусть дяде станет стыдно.,0
я советую тебе купить айфон 20 и 30 про макс,0
выражаю искреннее соболезнование семье и матери.очень скорблю:(,0
в 71 год предьявить изнасилование - круто... каждый мужик в душе наверно немного завидует.,0
многие уже и по согласию в таком возрасте не рискнут... а тут такое!,0
и америка ещё возмущена протестами своих темнокожих граждан????,0
здраствуйте меня тоже добавьте 89244740737,0
"в прошлом году делала все по рецепту, только без чеснока.",0
"добавляю виноградные листы и дольки яблок, вообще песня!!",0
"как красиво связано, а сама очаровательная и нежная такая.",0
"и зачем такое показывать, что бы тебя возненавидели, совершил подвиг.",0
"5-10 минут посиди возле врача на стуле, успокойся и всё будет окей.",0
а то прибежал и сходу пройти тяжело: напрыгался вокруг авто.,0
опыт на выпуске в транспортном цехе и в полевых условиях механиком,0
"здравствуйте, подскажите пож.имеет ли ценность фарфоровая фигурка собачки?",0
около хвостика выдавлены цифры 66 и точка,0
"зачетная дама, для такой и лайка не жалко😏",0
твои стихи созвучны моей душе... умница!,0
они осень быстро растут и попадают в ипотеку!,0
у меня было две штуки: простая для повседневной носки и шелковая для праздников и торжественных мероприятий,0
а кроме детей больше деньги никому не нужны?,0
"ну если срок ещё не кончился, почему залежалое?",0
здравствуй денис мне сегодня приснился сон железная дорога я по ней проходила и поезд ехал вдалеке медленно и ещё я покупала огурцы к чему снится этот сон спасибо за ответ,0
"зачем писать о своей страничке, если там ничего нет?!",0
родители остаются на обочине жизни детей,0
надо листать фото с последних до первых и вы увидите итог.,0
"лена, я чаще всего тоже так фильмы смотрю-рукодельничаю, глажу...",0
"пока готовится мясо,и капу-устка сойдет:)",0
такой вещи простой в хозяйстве не оказалось!,0
"сильная женщина может быть успешной в жизни и при этом быть прекрасной хранительныцей домашнего уюта, очага.",0
спасибо участницам онлайн - выставки за прекрасные работы о лете!,0
"увы, это не всегда кризис среднего возраста, у меня была такая ж ситуация, нашли силы решили эту проблему но в конце концов забрала дочь и вещи и ушла.",0
оплатил александр николаевич с 428 руб передать в новопавловск,0
"ну вот понимаете...диски класс ,но вылет ет не подкорректирован ...зад норм перед ...увы",0
"видать, уже заканчивается у лехаима, но есть и другие источники оплаты подставных хабаровчан.",0
"всем доброго дня и приятной игры, добавляйтесь в друзья",0
"всюду знакомые милые лица, голубоглазые в большинстве.",0
💋🌹🥰😘😘💐 с днем рождения бабуля здоровье тебе🌹🌹🌹🌹💕💞🌹🌹💕💞🎂🎂🎂🎂🎂🎂🎂🎂🎂🎂🎂,0
сухого корма всего один пакет 800 гр.,0
к сожалению в кошатник срочно необходимо было закупить лекарство юнидокс.,0
сегодня срочно отправляю первую партию помощи.,0
"в точность тестов не верите, а в точности иммуноглобулинов, выходит, уверены ?)",0
"у них электроника главное, а нам бы потискать, погладить, поговорить с котиком...",0
где можно приобрести такого кота и сколько стоит,0
"в белорусии этого не произойдет, можете быть спокойны",0
"очень люблю эту розу,радует каждый год своим цветением",0
"это такое точное высказывание, соответствует полностью действительности в настоящее время 👍👍👍",0
сейчас сам гараж потерял свою значимость.,0
весь ремонт сводится максим накачать колесо машины.,0
"очееь бестактно сказал про даниила, это неприлично делать такие заявления.пока у него нет результатов никаких, чтобы делать такие заявления.",0
да и на джуме ещё дешевле... не говоря про пандао и алик.,0
"высоцкого, как могут быть лучшие песни?",0
"жалко,что женское воспитание одного единственного сына приводит к таким результатам.",0
"мама решит ,мама сделает, а потом тоже самое жена должна.а должна ли?",0
"умный, красивый, талантливый актёр и прекрасный человек, таких настоящих актёров мало",0
"нее девоньки ,у нас в кемеровской области в чете чет по серенькому....",0
"по определению никто из нас несможет купить,нас или завалят или посадят.",0
знакомые летят с камчатки до новосибирска 4 августа.,0
пусть ваша дружба будет вам в помощь!,0
"спасибо, была в почаеве на субботней службе, когда опускается икона к мирянам.",0
"а как же витамин с, который погибает при высокой температуре!",0
"хорошая собачка,дала хороший пример для человека",0
"интересно, кто против кого будет вести эту будущую биологическую войну?",0
"участвуют все континенты: америка, европа, китай, азия.",0
"мы желаем счастья вам, счастья в этом мире большом!",0
"мы желаем счастья вам, и оно должно быть таким, когда ты счастлив сам, счастьем поделись с другим!",0
всё равно мне не понять... потому что был там один раз случайно...,0
"пропускаю редко,очень редко, особенно последние три года.",0
хожу на службы с радостью и чем чаще тем лучше на душе.,0
так вот пришла к выводу люди не ходят в храмы по двум причинам.,0
"при отсутствии веры и страха божиего, и по лени-это второе.",0
зато со временем вам откроется такое ни с чем не сравненное чувство радости.,0
вернут сейчас в половине сел фельдшеров даже нет,0
"да, чтоб это средство принять надо такое мужество иметь.",0
в те времена эти сандалики были все из натуральной кожи и стоили очень дешево,0
"здравствуйте, а пораньше выехать можете?89236545627",0
"как моя бабушка говорила - пусть руки не болят никогда, это талант!",0
и ничего еще не знала про свою будущую жизнь,0
"по закону они дети, если вам встречаются, такие дети, то значит в вращаетесь в таких кругах",0
щас ведут новых боссов опять все в отшельники подадутся,0
"у меня двигатель на бочке навернулся,так за мкадом вручную редуктор крутил, вылил,но бочку спас.",0
"такую бомбу я делала сыну 40лет назад, он был спорсменом и это была большая поддержка для сердца.",0
заказывайте просто я вам говорю как у меня было я точно ссылку не помню,0
"собаки,которые долго живут рядом с человеком точно понимают значение слов.",0
"и скажет здравствуйте, - ах, как вы мне должны... я разведу руками только: чем же мне отдавать за столько лет долги?",0
"а красота,здоровье?-время спросит... давайте... вот и будет наш расчёт.",0
дополните пост реквизитами карты мамы или папы с указанием получателя.,0
в 1981 году поступали с подружкой в техникум после 8 класса.,0
"средние баллы по свидетельствам о восьмилетке были таковыми: у подруги - 3.62, у меня - 4.12. ржали долго.",0
отдам зеленое полотенце и повязку на голову,0
"без совести и чести жить легко , но это уже не человеческая жизнь .",0
"одно воспоминание только осталось, хороший был магазин и цены советские, не российские.",0
"и пусть оно будет таким: теплым, солнечным, милым и очень родным.",0
"от него зажигается радость в глазах, и улыбка играет у вас на губах.",0
кинте пожалуйста ссылку вашей страницы.,0
для завязи очень хорошо помогает борная кислота плюс подкормка для томатов.,0
и самое главное ребенок 5 лет... и блин в кайф же🤣,0
шанель больше на старший возраст подходит,0
"у нас прохладно,хорошо.много дел переделала на улице.опять набрала огурцов.",0
"вяжу, вышиваю,делаю кукол из полимерной глины,рисую",0
здравствуйте можно цену таких конвертиков,0
смотришь на этих весёлых гномов и непроизвольно начинаешь улыбаться...,0
"говорить можно много,а что он предложил,что бы улучшить положение в омске?",0
гончаров ты неправ..тебя наверно обидела советская власть.,0
"это у животных чужих детей не бывает, а у некоторых людей свой ребёнок- чужой.",0
учитесь люди у друзей наших меньших.,0
"но кто по слабее,безработные,пенсионеры и т.д.они хотят,чтобы развивалась страна,как когда то!",0
интересно кто-нибудь когда собирает грибы думает о других грибниках?,0
"у них цель не в мерседес превратиться, а выудить владельца этого мерса",0
даже готовы женщину на камаз посадить от своей злости .,0
у одного моего знакомого живёт такая кошка.,0
"бюллетень выдают на участке, в почтовый ящик— приглашение",0
"татьяна, возврат по одевашке 2, прошу перевести по тел.",0
"вот и я про это...как пир во время чумы...зачем открывать театры,концертные залы???",0
"иисус христос подсказал, как определить, кто исповедует истинную религию, а кто нет.",0
«разве с колючих растений собирают виноград или с чертополоха инжир?,0
"— говорил христос.— всякое хорошее дерево приносит хорошие плоды, а гнилое дерево приносит плохие плоды.",0
"хорошее дерево не может приносить плохих плодов, а гнилое дерево не может приносить хороших плодов.",0
"да, служителей истинного бога можно узнать по плодам, или делам.",0
а в другом регионе твоего отца или мать так же упакуют !,0
может тогда твоя единственная извилина выпямится и начнет соображать !,0
"5 тыс однокомнатная, ветеран труда, все пособия оформлены, московская область",0
"да,кстати у меня на этой санто тоже концевик мудрил.",0
пусть будет вам хорошим сторожем надеюсь он будет служить вам верой и правдой и принесёт пользу,0
"была здесь 20 марта, город не узнать.",0
"группа новая нормальная есть, с живым админом.",0
"спасибо, интересует только старая станица.",0
"100 рублей в поддержку совхоза, грудинина, детей, уникального предприятия , нашей надежды, справедливости это та сумма, о которой месяц нужно рассуждать.",0
"мы так бедны материально или духовно или нас все устраивает и мы уверены, что грудинин такой плохой, он создал такой плохой совхоз и должен быть наказан согласно решениям самого справедливого суда.",0
"а чубайс, гайдар и другие ущерба никому не нанесли, предприятия не ликвидировали, люди работу не теряли.",0
совхоз работает и просит просто ему не мешать.,0
"чтобы работать, люди совхоза попросили помочь материально для исполнения абсурдного решения суда.",0
"руки прочь от грудинина, руки прочь от совхоза.",0
лучше б вообще не умничали и не злили друг друга.это б было вообще классно.,0
"привет , дайте пожалуйста номер телефона - соц защиты в калужской области горячей линии!",0
"но как живут в китае, нам и не снилось.. -разговаривал на пляже с мужчиной -инженером, создателем самолётов с дальнего востока, переехавшего в краснодар, и приезжающего на лето (на пенсии!)",0
"я очень уважаю всех железнодорожников,потому, что у них не только дорога железная, но и нервы,здоровье,семьи.счастья и успехов всеми и работы без проблем.",0
"пока он у руля, мы можем спать спокойно.",0
"столько времени там было всё в порядке, и ковидобесную истерию не раздували в отличие от нас, и вдруг лукашенко резко стал плохой.",0
"ищу соседей играющих каждый день и знающих фильт бесплаток, имеются торга, добавляю только с пометкой играем вместе,без пометки не приму даже",0
у меня у одной в голове сразу: арабская нооочь...,0
"это потом расслабляются ,становятся неповоротливыми и толстыми.",0
а я на даче ставлю около входа в домик обувь 46 размера как будто не одна на даче!!,0
"сми пишут неправду, хотя есть видео-правда , получают за это большие деньги.",0
"не верю про хаматову, возглавившую благотворительный фонд.",0
"она талант, её часто приглашают на съёмки, денег хватает, не будет она худруком.",0
техподдержка!наведите порядок .уже второй раз не могу пройти бонус на 30 звёзд.поле пустое-но спустя определённое время пишут-вы не прошли-повторите.теперь только через 4 часа.верните бонус сейчас,0
какие полоски наносить на свою машину не стоит?,0
к таковым относятся полосы на спецтранспорте:полициипожарныхаварийной газовой службыскорой медицинской помощи,0
"не кажется, а на самом деле люди в ссср были добрее.",0
"какая грубиянка... правда- это одно, а оскорбление- совсем другое...",0
человек старался показала нам работу .скрасиво.,0
может кто-то глядя на эту красивую работу захочет своими руками для себя вышить.,0
"здраствуйте, если не отдали,можно мы заберём??",0
беларусь этим действием определит с кем она пойдет в светлое и сытное завтра.,0
там в акаунте справа должны быть три точки.,0
"если на них нажать, что в выскочившем списке можно выбрать пожаловаться.",0
"именно этих фото я там не нашла, убрали уже, очевидно.",0
какой талант у человека.можно только позавидовать.,0
"этим трюком пользовался .. и не без успешно ,наш стаr - чарльз чаплин.",0
"ростовская обл, не укрываю, не поливаю, цветёт каждый год и размножается юкка нитчатая",0
"с прогулки в горах меня проводила до дома и в щелку ворот за мною шмыгнула следом луна, совсем расшалившись!..",0
очень вкусно попробовала на дня сам прям пальчики оближешь,0
"это точно отключают свет на целый день, жара полива нет утром в поливные дни, бабульки едут на автобусе, а света нет, понятно работа, но а людях тоже надо думать.",0
"на фб глянула , она скрывает фото , но прочла комменты под экраном профиля с красными шариками",0
"если человек заходит в магазин (любое учреждение) без маски, ему обязаны её выдать.",0
"благодарю надежда, очень интересная информация и главное необходимая сейчас.",0
в районе год-два.а кличка какая у вашего?,0
выглядит аппетитно !дай рецепт и я тоже испеку.,0
"было бы мощное желание, а оно со временем исполнится и никогда не пожалеет о прекрасном",0
"если бы в россии были молодежные стройки, нулевые кредиты для открытия бизнеса молодым, мальчишки бы сейчас не прятали глаза, а трудились на благо семьи и родины.",0
"мальчишки все понимают, но пока чаша терпения еще не переполнилась.",0
нового еще ни чего не придумала все думает кого то удивить своим шпагатом,0
остольное на ваш вкус замените фон и можно несколько слов от себя добавить!,0
"чесночная настойка принимается раз в пять лет, она хорошо чистит сосуды головного мозга.",0
"тибетская настойка, улучшает общий тонус организма.",0
нет таких людей как животные и учится бесполезно главное в наше время деньги и животных я люблю больше чем некоторых людей!,0
"мот под стант стоит собрать не мало,ну и научится)))",0
"коля живёт также в кустанае, все нормально.",0
"вот это настоящие герои, на таких и земля держиться.",0
"размер 14, цвет темно синий в горох",0
"миленький сыночек , счастья тебе и здоровья и всех благ в жизни !",0
"возьми новые поправки и почитай ,а ещё лучше посмотри видео ,где дума утверждала эти все поправки перед голосованием ,а потом делай выводы.",0
"даже когда духи закончились, коробочка еще год пахла, я ее поэтому и не выбрасывала.",0
фото можно посмотреть на моей странице в альбоме кампанулы.,0
"не сложно, а вот играть заставить летом посложнее.",0
"каждый день без воды город живет, а на дворе 21 век, нанотехнологии ...",0
здравствуйте в какую цену пух чесаный и где живете,0
"помогите разобраться с зеркальными звездами,все горят.",0
"я делала, очень вкусное пюре получается.",0
"ты уже взрослый парень, ты мужественный, не падай духом!!!",0
"красиво, вкусно это высший класс кулинарии.",0
"да,нам это скоро ,с самого утра обещают!теперь уже только в пять или шесть вечера,но мы это уже проходили.лучше бы уж ничего не обещали.",0
"бывают иногда такие интересные фото,добрые лица, но увидишь такую надпись и ставить лайк уже не хочется, как милостыню выпрашивают...",0
"да, я наверно читал о дипломатических контактах между ссср и японией, но честно говоря не помню - какие именно предложения японцы делали ссср.",0
но я вам приведу цитату слов сказанных японским премьер - министром 9 августа 1945 года.,0
"а заречкой какая дорога, тоже стиральная доска.",0
"возле пекарни в дождь нельзя ни проехать, ни пройти.",0
один ужас глина с дороги плывёт прямо под ворота.,0
а по поводу влияния ультрафиолета на вирус это все грамотные знают.,0
"насчёт больных в больницах, так не надо в поликлиники ходить тем, кто простудился под сплитом, там же и наградят заразой.",0
"вы раньше много слышали про то, чтобы с орви и бронхитом в больницу клали?",0
да мы дома тихонько лечились и к врачам не ходили.,0
"а теперь заразы боятся, но прутся за ней туда... берегите лёгкие, кушайте натуральные животные жиры, на солнышке витамин d получайте.",0
"ведь все наши знакомые продавцы, кассиры, сотрудники банков, кондукторы, которые контачат ежедневно с тысячами людей, не просто живы, но и здоровы.",0
солдаты нато решают совершенно другую задачу.,0
ее содержание заключается в защите стран входящих в этот блок от агрессивной россии.,0
илюш с днем рождения рости хорошим достойным,0
"если не изменяет память,то такой фред аргоси один единственный,сделан полностью на заказ.",0
"внутри полноценный санузел,джакузи,две спальни,весь салон белой кожей отделан.",0
"в общем бабла немерено вбухано туда😊😊вроде они даже работают,ездят где то))",0
"молодцы ребята,защищайте нашу родину!!",0
"очень необычный храм, красивый, роспись необычная, там есть иконы плетеные из верёвочк, в последний раз, когда там была, их было 4",0
"сходите к психологу одна, расскажите ситуацию как есть, он подскажет как лучше поступить",0
"да, очень обидно, проработав всю жизнь приходится влачить жалкое существование",0
"сейчас окажется, что за рулём машины ефремова был водитель.",0
"какие алименты,если ябаров им никто по документам",0
ну да только через 5 дней если не спрячет,0
как можно было брать собаку не познакомившись с ней?,0
"собака испытывает стресс, плюс агрессия, если он сорвется это будет катастрофа.",0
дай бог что бы она к вам привыкла и не дай бог таких неблагоразумных хозяев другим собакам!,0
"интересно, сколько машин получил волочек?",0
класс можно было бы и предложить такую прекрасную картинку в группу для всех пользователей,0
"дети, это ощущение тепла остаётся на всю жизнь",0
лично мне пенсионерке жалко что много молодежи бедствует.,0
"а сейчас жуткий кризис, так что всем не легко.",0
давай побухаем и ещё в шарики воздушные поиграем..,0
"слушайте, 188 раз выставлять этого маляра - перебор.",0
китайские палочки для крупных кусков мяса!!,0
"диван вообще ни к чему, места мало да и кто будет сидеть на нём?",0
"а ,что нынешние великие и даже сытые раскаялись в своих грехах и ушли жить в пустыню?",0
"я же ребенком была, даже не пробовала, только слово вермут помню.",0
"на такое количество яиц , берется стакан муки полный а не 150 гр , 4 яйца и 150 гр муки я ещё могу понять.",0
"не вводите людей в заблуждение 1 час и будут угли , выпекается от силы 4 яйца 25 мин.",0
"1 час выпекается пирог зебра, так как там много ингредиентов, а то и 50 минут.",0
"у вашей подруги плохая выпечка, раз даёт такие советы.",0
"админ, не вводите людей в заблуждение, это кадры из сериала глухарь.",0
это актриса людмила гаврилова исполнявшая роль мамы в этом сериале...,0
"полиция переобулась, хозяин появился,команда фас прозвучала",0
коломина доча туда бы попала чтоб мост быстрей сделали,0
и сложно найти что-то понравившееся ранее.,0
вымышленный персонаж депутат виталий наливкин около года участвует шуточных роликах.,0
"в них он боролся с лесными пожарами, вонью от канализации, коронавирусом и участвовал в разоблачении коррумпированного полковника мвд.",0
"после выходы последнего сюжета актёра, играющего наливкина, стала разыскивать полиция.",0
позже его арестовали на пять суток за хулиганство.,0
"никто к тебе в друзья не тулица.это ты всё время набиваешся;послушайте моё мнение я пушкин,я правильно излагаю.",0
"просто слов нет...прелестно,добро,с прекрасным чувством юмора.спасибо!",0
"вы родители, вы и предлагайте!хотите здорового и живого ребёнка на дистанционку, нет, тогда в одну смену и без масок!",0
"все должны заботится и воспитывать ваших детей ,кроме вас!",0
"я с вами согластна со всеми кто коментирывал это чудо, добавить нечего.",0
никакого сходства не вижу...вот родная дочка - копия папы...,0
я тоже пью такой чай))) только чисто имбирь и лимон))),0
"не знаю как сейчас,но в 60-е,70-е г арбузы и дыни на рынках точно продавали по весу.даже цены помню.арбузы 10 коп за 1 кг,дыни 15 коп.цены могли быть чуть ниже или выше,в зависимости от спроса.",0
никогда это время не настанет 🤣 как промывали кости сплетники-так и будут промывать дальше😝,0
на все праздники родители покупают дорогие подарки для учителя а тут нет не оценит .,0
"и сейчас встречаются, на разные квесты ходят, караоки.",0
как то старшая их компанию на свою дачу пригласила.,0
тоже было интересно с молодёжью пообщаться.,0
"так они теперь балдеют, что у иришки мама классная!",0
"с распространением практики поймал, отпусти многое может измениться.",0
"поймал, сделал фото, похвастал и отпустил.",0
зинаида петровна троицкая — первая в ссср женщина-машинист паровоза.,0
в дальнейшем - заместитель начальника управления в московском метрополитене.,0
"единственная в ссср/россии женщина, возглавлявшая региональную железную дорогу.",0
идиотский наряд платок на распродаже рубля за три взяли и босоножки к тёплому костюму смешно и не профессионально,0
"где потерялся ?похожий ходит к нам 3 дня ,новоборское, полосатый ,ласковый, но больше немного",0
"сходите к другому вету... помимо клеща может быть и грибок, и отит... мы тоже лечим... сначала от клеща капали, теперь отит лечим... тоже долго не проходит",0
"возможно бы и рабочие места появились,а сейчас,только вахтовым методом.",0
последняя демонстрация была 1.08. в берлине.,0
подскажите где купить билет в россию в ту которая по телевизору,0
в пятницу 7августа буду проездом в феодосии 2000 привезу,0
"перевела 500 рублей, с пометкой вашим подопечным.",0
конечно.это вера павловна.был 1972.к сожалению она покинула этот мир.но память о ней будет вечна.,0
отсюда юмор и остроюмие...рано ушел,0
"все эти рекомендации вполне сомнительные, а вот процесс очистки ячеек память после сдачи универсален и неоспорим.",0
чб отдельный учебный полк специального назначения фуд спи вдв ссв ч чирчик к с а ппктп никто если не мы то,0
"да же слов нет, меня возможно не все поймут, у меня две дочери разница 19 лет, то что сейчас, это страшно, а вот раньше было все, как положено и стерильно, и врачи квалификацированые, и всё под постоянным наблюдением, а сейчас приписки, для премии?",0
от варикоза помогает мускатный орех настоенный на спирту.,0
а мешки с деньгами бесследно пропадут со склада вещ.,0
можно ли узнать сроки обучения и стоимость?,0
"можем забрать прямо сейчас, за 1000",0
может девочку возьмёте на горшок ходит приблудилась,0
какой взгляд у этого парня(((смотрит прямо в душу!,0
ну видно знает что не его полёта девушка ему только о такой мечтать,0
"спасибо, не зря говорят, в народе: век живи и век учись👍👍👍😄😄😄",0
в одноклассники яндекс я с одноклассники о поражение те б зв поздравляет ты добыл ценны трофей перемести его запас чтобы он не исче потери потер сеггей от рман с ч нч,0
"значить надо самому высушить курагу, насабирать орехов и т.д.",0
"привет,мне хорошо помогает чай с молоком или со сгущенкой.",0
"сейчас скажут,помогите россия деньгами, город собрать ,наши точно раскошелятся ,как всегда.",0
"спасибо, всем кто был с нами рядом и разделил боль утраты, спасибо родственникам, друзьям, коллегам по работе, соседям за оказанную моральную и материальную поддержку.",0
значит действительно хороший массажер ведь коты всегда выбирают самое лучшее.,0
лето солнце море пляж я не там прям аж бесит,0
"славяне- сероглазые, зеленоглазые, голубоглазые и кареглазые.",0
красивая фигура как хозяйка береги свою красоту,0
и такая история была в моей жизни.,0
сегодня в списке стран пэйпал россии нет.,0
"это, чтобы не пользовались чужими утерянными картами.",0
"ведущему спасибо,старался все сгладить шутками,умничка.",0
отдали но есть маленькие только кошка как неделю окотилась,0
"и у меня бутончики появились, ждууууу не дышу не него😅весенняя закупка.",0
у меня их семеро и выростила их без бабушек и дедушек т .к они все уже были на небесах и что и что мне тоже просить лайки я считаю это низко,0
помидоры маринованные с маслом маринад: на 1 литр воды: 1 столовую ложку соли и 3 столовые ложки сахарного песка.,0
"и душистый (1-2), можно листики смородины, вишни, дуба, репчатый лук режем кольцами, помидоры на 2 части (если крупные на 4), заливаем холодным маринадом и ставим стерилизовать (15 мин.",0
после стерилизации вливаем в банку 1 столовую ложку растительного масла и плотно закрываем прокипяченными винтовыми крышками.,0
"переворачивам банки, укутываем полотенцем до полного остывания.",0
"был любимый ленинград, а теперь самый любимый питер!",0
"какое счастье что есть люди с горячими сердцами, спасибо вам за вашу любовь и милосердие!",0
"кухня, стены потолок сделать пластиком, 6кв.м,цена?живем в деревне",0
"для работника фермы с лошадьми, ближе и правильно «рэнгле».",0
"как нам потом в школе англичанка пояснила w в начале слова не читается😊 так же из под полы у фарцовщиков, можно было приобрести levis, lee.",0
"извините за беспокойство, но можно ли второй лайн?",0
"обратитесь на центральном рынке, где продают деревянные бруски, лестницы, стульчики, раньше ребята там делали под заказ",0
"да меня вообще ничего не интересует, что тебя касается.",0
сколько же надо терпения для создания такой красоты,0
"у нас в школе был лагерь труда и отдыха, мы пололи свеклу, убирали фрукты в саду, собирали клубнику.",0
"работали 4 часа, затем обед, тихий час, а вечером спорт, фильмы, танцы.",0
"воспитателями были наши учителя, повара их школьной столовой.",0
"вечерние костры, игры, конкурсы, да нам в голову и мысли то дурные не приходили.",0
уступить старшему место в автобусе или на тратуаре и влюбом другом месте было впитано с молоком матери.,0
дают совет.... сами в городе не были... с интернета и не в попад.,0
"неспорю, у моей знакомой была ситуация, жить негде, работы нет и маленький ребёнок на руках.",0
"она пошла в специальное заведение договорилась о его временном прибывании и сейчас у них всё хорошо, но не бросила на улице возле дверей детского дома.",0
я тоже токой марку хочу купить,0
"думаете народ не видит, что вся структура власти создано на основе родственнических отношениях?!",0
от самых верхних эшелонах власти до самых низовья связаны как звенья на цепи!,0
"президент родит президента, министр-министра, судья-судью, милиционер-милиционера, врач врача, рабочий-рабочего, крестьянин-крестьянина, трудовой мигрант-трудового мигранта и т.д и т.п",0
"так и я ощутил это на себе!она нож втыкать мне в спину,а ей ещё и помогают!!",0
"ни татьяна, ни владимир в силу занятости моё поручение по выкладке скринов не выполнили.",0
"с себя ответственнности также не снимаю, но... ввиду всего вышесказанного, предлагаю избрать нового главу зеона, а посему ставлю на открытое голосование командного состава нашего альянса.",0
прошу внести от себя по одной кандидатуре.,0
"у нас только разговоры разговаривать все могут.... и визжать о том, что закон не работает...сколько просила помощив сборе информации, когда у меня не было даже доступа к интернету?",0
даже этого никто не захотел сделать.,0
зато есть аж две группы помощи животным.,0
а то вы через год начнёте женщин с темными волосами и иными взглядами сжигать на костре!,0
об этом подробно изложено в 21 томе полного собрания обещанных обещаний народного вождя всех времён ввпутина,0
"очень хорошо сказал один известный политик- плохо быть врагом америки,но ещё хуже быть её другом!!!!",0
со временем сдают и уничтожают всех кто им верно прислуживал в странах ( по ихнему-3го мира),0
?я так понимаю это белоруссия....вообще там все дорого...,0
"а там внутри, волшебная, ручная подольская швейная машинка!!!!",0
ага а в пяти метра от этого призедента охраны 20 человек!,0
"много интересных секретиков узнала о выращивании клематиса, спасибо",0
"пока карантин по приезду остается, но надеемся что в ближайшие дни его снимут",0
новый прикол в группах-делать ссылки не активными.,0
"я думаю потому что пьет очень мало.а как сделать что б пила даже не представляю.и молоко в воду добавляла и простоквашу чистую и сыворотку,непьет и все.",0
"лидер партии должен быть , военно обязанный под присягой!",0
"у себя в хозяйсве держал такой, как на фото, только у меня коробка и задний мост были от газ - 53.",0
не всё в жизни сложилось-ну так мы не все святы... жалко человека!,0
"по фамильно пожалуйста,чтобы мы принемать меры.",0
а она забилась между забором и летней кухней под полы.,0
и выйти не может и орет ночь на дворе мы не спим.,0
а потом утром встали а он её на чердак на баню привел и полёживают там вдвоем.,0
спасибо вам за активную гражданскую позицию и неравнодушное отношение к облику своего поселка.,0
"по информации администрации майского сельсовета, детская площадка на ул.",0
кооперативной обустроена силами местных жителей.,0
благоустройство площадки и поддержание её в чистоте также обеспечивается местными жителями.,0
"я знаю как это больно, но надо найти в себе силы и отпустить .",0
отец по моральным принцыпам был не не много лучше сына,0
протестующие против существующего режима откровенно говорят об этом и требуют справедливости.,0
такой вещи простой в хозяйстве не оказалось!,0
"все равно это не стандартный размер, иногда вообще не совпадает",0
не надо здесь умничать все могут за себя ответить,0
худейте ешьте и диетическое вегетарианское меню и,0
сейчас смысл слова иной... но подлость - аноним благородству и сейчас.,0
"стесняюсь спросить, а как вы нормальность задания определяете?",0
"меняю перчатки на щипцы или молот, подкову",0
"помним ,самые лучшие времена,скорбим со смою согласятся надеюсь многим.",0
"куплю рыбные чипсы за банановый шейк,бутылки,ведра,глиняный фонарь,острый шоколад,пачаток с маслом, гаспачо",0
кому то понравилось каждый месяц по два рубля добавлять .,0
"в июне были выплаты от 3 до 16,а в июле от 0 до 16.поэтому вы получили 1 раз.",0
"очень хорошие кружки , прочные и вечные, у меня тоже есть",0
в соседнем доме сделали панорамный балкон.,0
"друзья мои верные, выручайте в трудном деле!",0
для того чтобы задачу непростую выполнить нужна мне вещь редкая.,0
"я не читала комментарии, просто порадовалась за людей... и немножко пофантазировала в лучшую сторону... неужели это было непонятно?😳😛",0
"спасибо за неравнодушие, может найдутся добрые люди, кто приютит их.",0
у меня есть знакомые которые и без семечек могут ржать пол часа без причины,0
мою первую учительницу звали радченко светлана ивановна с кузнецово-михайловка тельмановского района донецкой области 1981год,0
светлая память тебе спи спокойной наш дорогой,0
"я тоже у дерматолога была)) с алергической сыпью, сначала он утверждал,,это часотка,, я говорю ему ,,делайте анализ,, а он и говорит ,,ладно я вам поверю что у вас аллергия,,!",0
"это по всему миру идёт, просто не афишируют .",0
"напишите, как проверяют на самоизоляции, или вы тест сдавали?",0
"это что, их лечить будут бесплатно на общих основаниях ?",0
"но заразились они по своей воле, наверное заразили других, зная о своей проблеме.",0
доски можно было разложить тонким слоем там где низкий уровень и засыпать землёй,0
"элина бренд в клячах всплывает изредка, это енка, по-моему.",0
"мне и второй лепить лениво))) да и все равно узнаваемы люди по стилю общения, манере письма.",0
джорджевич снова травмировался и вернётся на поле не раньше сентября,0
"9 соток земли, газ, вода, большая комната, кухня, коридор.",0
"прекрасное место, рядом речка, остановка маршрутного такси.",0
"виктория, замеры сарафана, платья и рубашки написали вам в лс",0
"мужчина и я пятерых воспитываю одна , может обьяденим наши силы ?😉",0
"меня одного смутило, что одноцилиндровый двигатель стал троить?",0
"плох тот муж, который будет выбирать жену по принципу, что с ней точно с голоду не помрет!!",0
"здравствуйте ок, аккаунт здесь я с него вам пишу.",0
"не знаю почему, но такое впечатление, что у меня их специально отключили, цензура в работе )) если бы не работало на сайте, но вы уточнили что на сайте работает",0
"планируемая подача воды 05.08.2020 - на северную часть города, пос.",0
"можно и без врача: тонким молоточком тюкнуть по ожерелью, оно и рассыпется...",0
как тебя твои родные терпят... не завидую им..,0
"человек занимается любимым делом,молодец,что ещё скажешь,красота",0
"такого чифиром не возьмёшь, крупным калибром надо.",0
не могли бы вы мне сказать откуда появляются вазы с сокровищами?,0
"побойтесь бога такое писать.как прихожанка этого храма заявляю,что с людей деньги никто не собирает,тот кто желает делает пожертвование,никого не принуждают и не ставят никаких условий.",0
"девочки, а я всегда делала засолки с фруктовым уксусом мне кажется он мягче в засолке",0
"это ваше право не покупать билеты на ее концерт, а если есть спрос на ее концерт, она будет их давать.",0
"не ходите, не покупайте билеты вот и без запрета прекратятся ее выступления.",0
"выше, что он есть на данное время, не куда не прыгнет.",0
"черчесов спартаковец, но он будет смотреть и думать?!",0
"да, да отец приносил остатки молока в бутылке и кусочки хлеба и говорил что от зайчика гостиниц.",0
если навсегда удалить они ничего не смогут делать,0
"как минимум административка и выговор с лишением премии, а вообще таких надо убирать со службы.",0
зачем обвинять людей которые пришли к вам на помощь,0
"с чего это вы взяли , что я собираюсь рвать связь с россией ?",0
это право если нет своей души чужую не понять,0
"гепариновая мазь очень хорошо рассасывает уплотнения, образовавшиеся после инъекций.",0
"mw325r создает сеть wi-fi, которая обеспечит покрытие на площади до 500 м².",0
"вы сможете воспользоваться высокоскоростным соединением в гостиной, в спальне и даже во внутреннем дворе",0
очень душевные жизненные стихи если ив жизни все также заканчивалось,0
"марина, две одинаковые темы подряд, одна удалена, как повторная",0
"и вот почему-то в других странах никто не возникает, а понимает всю серьёзность этой ситуации с вирусом и добровольно носят маски.",0
"хватит плодить ненависть ко всему и всем вокруг, противно читать!",0
"вера в душе , это конечно хорошо, но вы попробуйте в душе получать зарплату, ходить в больницу даже просто покушать, что получится?",0
"а мне, котика жалко:( котик обиделся на собаку",0
"этот забор один из самых дешёвых, продается секциями и отдельно калитка.",0
у меня сосед на даче такой поставил.,0
"можно применить линолеум (старый), порезать на полоски.",0
я тоже не понимаю когда все личное выставляется напоказ.,0
моя первая учительница сидорова-ермакова нина степановна,0
"не плачь золотце,у тебя все будет хорошо!!",0
принцип--получить не работая забил совесть,0
только надо наоборот сделать мужикам 55,0
"хорошая лавочка, мне вот интересно, она по-моему как то раскладывается?",0
"здоровья, счастья удачи, чтоб все было хорошо и не возвращаться.",0
"не прошла,госдеп решил,что надо теперь попробовать мужчинку,не удивлюсь,если в след.",0
"замечательному композитору, прекрасному музыканту, браво!многая лета вам, игорь!",0
"крепкого здоровья, всех земных благ!",0
"да, наша проблема дышать этим воздухом",0
"знаю,нас ни в поселок ни обратно не пускают,плитами дороги перегородили....но жизнь не стоит на месте!",0
"а сейчас главное деньги, а как они тебе достанутся не важно.",0
"люди просто озлобились, и это отчего, потому что зарплаты копейки, все в кридитах и долгах.",0
пользуюсь и мегафоном и мтс- качество отвратительное!,0
продам гармонь в хорошем состоянии 5000 р звонить 8914 1361247,0
и натвоей улице грузовик с пряниками перевернется👍,0
года рождения укажите своих родных для поиска.,0
у нас когда много малины продают по 90-100 руб литр.,0
видела эти водопады около города антальи.,0
"!удачи вам в вашем творчестве,вы творите чудеса!!",0
"знакомая молодая женщина, очень даже симпатичная по уши загружена работой по хозяйству (огород, лес, куры, поросята, дом, готовка, приборка, полное отсутствие благ цивилизации), трое детей.",0
язык не поворачивается требовать ухоженности и бодрого вида.,0
завтра утром позвони бы сильно занят не мог номер кинуть,0
"счастье это главная цель нашей жизни, по настоящему которой мы достигаем и понимаем, когда наше время жить подходит к концу.",0
счастье для каждого свое и каждый поймёт его в конце своего пути по своему,0
возможна доставка в нижний тагил но по 100% предоплате.,0
в дед-дом ей надо сходить и пусть там ей дети расскажут свои судьбы.,0
вот тогда она поймёт что вполне счастливо живёт.,0
"а еще сейчас появились люди, которые просто пишут в комментариях....поздравляю.!!!",0
"всем добрый вечер, трудовские-чертков тишина и красота, берегите себя💋",0
молодцы ребята очень хорошая идея.,0
"да выдаётся в налоговой, хотя у нас в асино год назат не выдали, поехал на вахту без инн не брали получил в новосибирске без проблем.",0
"нет, дверку приоткрываю чуть , постоянно помешиваю, плюс нынче вентилятор ставил , не большой, от старой микроволновки , побыстрее получается .",0
"нет слов, чтобы выразить благодарность моей мамулечке:$",0
"я хотел снова напомнить участникам иска, о том, что исполнительные листы необходимо передать в ссп для возбуждения производства...т.к.",0
"каждый видел то что хотел и я видел, то о чём пишу и что выкладываю, всякое было и хорошее и плохое, поэтому ссср больше нет к сожалению...",0
"а наши модницы и модники с татушками на китайском типа: повторно не размораживать.... мы тоже тотально не знаем значений иероглифов, так что чего смеяться то?",0
"где-то - как в европе (это для себя любимых), а где-то осталось как и сто лет назад",0
"это начало создания балтийско-черноморского военно-политического союза,но без россии.",0
интересно а кому он с ухмылкой средний палец показывает,0
глядя на такое чудо бросишь не только пить.,0
"вечная память и покой людям,которые реализовали свой талант и оставили след в душах поклонников!",0
давно пора принять такой закон,0
количество измеряльщиков ну никак добавить нельзя?,0
"я практику проходила в заводской столовой, питание очень хорошее было",0
ещё фильмов 5 совместной работы и в ишимбае будет свой оскар!!!,0
"представляю, какие дети, у таких замечательных родителей!!!",0
"в аптеке продают прополис для наружного применения,прежде чем покупать смотрите внимательно,лучше сделать настойку самой или купить в местах,где мёд и медовые составляющие продают",0
похоже этот мальчик только желудок тренировал😂🙂😂,0
"расписания от псоу до сухум не существует, катаются как хотят и после 20.30 -лучше такси)))",0
"две республики, а разные, они сидят там как в буферной зоне, проезда нет ни в какую сторону!",0
"да,свисти не свести денег на пенсии все равно не будет",0
для алтая это в порядке вещей- сервис ужасный повсюду.,0
кредиты умерших не переходят на родственников для этого когда берут кредит навязывают страховку.,0
попов виталий афанасьевич 1945- 1996,0
"и помогите мне пожалуйста я тоже содержу подброшеных кошек и собак,но моих денег на корм мне не хватает.",0
"моих денег даже мне не хватает, но я стараюсь что б и им хватало.",0
помогите если можно мы не против даже если просто кормом.,0
"а семья у нас прибавилась на 5щенят,и на одну подброшеную киску.",0
"рогалики будут вкусными и рассыпчатыми, если сделать тесто соединив все ингредиенты вместе.",0
"из лоскутков сотворить прекрасное, отражение вашей души.",0
"спасибо за ваш труд, очень приятно, смотреть, любоваться!",0
"девочки да не ждите вы этих выплат, если бы они были бы уже приказ бы подписан!",0
"у меня и у знакомых проблема сбой связи, перезайдите!",0
оля продам алкатель в отличном состоянии оянии за 800 руб,0
попова будут танцевальные вечера для людей старшего возраста????,0
и тебе спрашивать не надо будет у меня разрешения.,0
девочки мои дорогие чтобы снять очки надо сметься по полчаса каждый день и улыбаться по 2 часа и будете без очков,0
"у нас на мира разгон от вокзала с рёвом и грохотом музыки, да ещё на перегонки по встречки.",0
"на покупали права, никто не соблюдает правила.",0
господи иисусе христе сохрани и помилуй милану !,0
"с таким взрывом и в таком месте погибших должно быть 1000-1500, или скрывают или ещё не разобрали завалы.",0
в этот замечательный день — твой день рождения – я искренне хочу тебя поздравить!,0
"желаю тебе быть счастливым человеком, радоваться каждому новому дню, находить удовольствие в привычных вещах, словом — ценить то, что имеешь.",0
и пусть судьба тебя обязательно любит и преподносит чудесные сюрпризы!,0
"существует официальный отстрел лебедей в таких местах, где их переизбыток; так как они мешают не только друг другу, но и разоряют гнезда других птиц и убивают их птенцов.",0
"хочется вглядываться и всматриваться в его удивительную внешность- глаза необыкновенно добрые и искренние , улыбка, мягкость и в тоже время строгость его взгляда.... забыть невозможно!!",0
"я пока без компа, через недельку только смогу зайти",0
"в масках должны ходить больные люди, а у нас кошмарят все здоровое население.",0
"кстати пандемии как таковой нет по всем показателям, а ходить в маске раба это уж извините, сегодня ты маску наденешь, а завтра поводок с ошейником накинешь на себя.",0
самая умная порода это наша восточноевропейская овчарка.,0
привет всем :-) а вы знали что именно вам полагается компенсация ндс до 80000 рублей??!,0
вся информация на моей странице в закрепленном посте 629,0
"главное богатство в душе, а всё остальное приходит и уходит.",0
"роуд-муви- это фильм-путешествие, герои которого находятся в дороге.",0
"здравствуйте!только сегодня прочитали ваше сообщение.извините, что не ответили сразу.а по вашему вопросу ничего не можем сказать.",0
"он занимается своей родословной, может он вам поможет.",0
а если и то и другое и третье в одном флаконе?,0
"мне было смешно от того, что она стесняется меня, а я её.",0
"чай пили, потом обедом покормила, они больше в комнате сидели (выходить же никуда нельзя было).",0
самый лучший шашлык который приготовил сам !,0
"мария, а облицовочный кирпич в сумму 1.8 входит?",0
"давай упомянем, что вместе с другими переселенцами, а то получается не совсем честно по отношению к остальным ))",0
"или это в вашем пониманием не проявление агрессии, а акт добра и справедливости по отношению к россии?!?",0
"почему вы не задаете вопрос вашему президенту- для чего он это делает, а обвиняете всех россиян в агрессии к вашему народу?",0
"заметьте, на пара капель сока лимона, а ацетилсалициловая.",0
по всем вопросам о наличии и бронирования номеров в адлере !,0
можете узнать написав мне в личные сообщения !,0
"ты –маяк, что сквозь тьму мне пройти помогает … ты живешь в каждой строчке, что я сочиняю….",0
"ты мой север и юг, альфа ты и омега… ты домашний уют, нежность первого снега… ты мой ветер и дождь, мое счастье простое….",0
"и зачем?пишу админам,ну хоть бы слово написали..молчат!значит это они?",0
"и что самое интересное, он же всё это читает, неужели совесть не грызёт?",0
"европа промышленность там сразу уничтожит, а на одних колхозах много не протянешь!",0
"бабушка, милая, живи ещё столько же, крепко тебе здоровья.",0
еще бы ссылку для перехода на материал прокуратуры в тексте,0
"золотые пески ,, завершити цепочку заданий интересно какую?",0
все мото по своему хороши пока не ломаются,0
любаша приветик ты чего вышла на работу????,0
походу пшеницу детям давать будут😊😊😊,0
назаровские сушеные сливки и молоко были у нас по талонам,0
"молодёжной и сельсоветской была сделана жителями посёлка своими силами, мы просили по самой улице молодёжной и сельсоветской засыпать щебенкой или другим более дешёвым материалом.",0
"а так хорошо на сделанную дорогу положили ещё, чего проще.",0
нужно устраивать бои с таким же за деньги а то такой талант пропадает,0
я тоже ранняя.. нам с сегодняшнего дня нужно делать 11 визитов очных к врачам .,0
проблема номер раз - столько врачей сейчас нет,0
bнешний блеск ничто по сравнению с духовной красотой и потому что все что снаружи это до первого дождя а то что внутри горит всегда,0
"сидят мальчишки ,даже не укладывается в голову ,что звери .",0
прям все порядочные такие даже плюнуть негде,0
"в россии 9 месяцев холода, вот и сиди на диете, перед отпуском, чтоб не хуже (конечно для своего возраста)",0
город шадринск .ударение на первый слог,0
у нас на вичуге врачей нет остались одни престарелые и сколько не пишем не жалуемся всем до лампочки зато в иваново клиника на клинике и врачей хватает.,0
так и на путина имеются уголовные дела за 90 годы!,0
родная сестра моего деда - пантелеева кузьмы васильевича.,0
"как хороши старинные дома, но их так мало осталось.",0
доброго здоровичка тебе и твоей семье!,0
"за все к ответу,пантюркская ультранационалистическую политику азерб.власти",0
григорьевич намекнул что за своё воюют а чужое не жалко,0
дай бог чтоб все удачно здоровья тебе малыш,0
бб чббч доход бонус союзная полянки полянка зоо,0
нужно эту песню сделать гимном хобаровского края.,0
нам тоже в пелыме надо такой фонтан!,0
такая миленькая роспись стен была,0
как будто лекарства или продукты для пенсионеров дешевле,0
"придёт время и от плюшенко будет все уходить, все империи когда-то рушатся, а он похоже решил создать свою империю.",0
"что бы вернуть нашу родину, думаю для начала нужно во всех городах на площадях им.",0
ты супер сотворить такую красоту ну ты просто мастер.,0
"в тяжине магазин вега, там всякие есть.",0
ничего удивительного у нас самая читающая страна вот и транспорт стал грамотный,0
"катя проверь сердце, сходи к кардиологу.",0
"позвоночник конечно основа скилета, но молотком ,это ваще жёстко.",0
"третий поля кукурузой засеял,четвёртый за 18 лет создал то,что мы до сих пор вспоминаем:/я про брежнева/,а уж потом продал.",0
а забыл :перед горбачёвым ещё один водку выпустил.,0
"да ладно вам живут и слава богу,никто их так любить не будет ,для них это будет такой стресс!",0
оплатила модный товар детское сп 5 регина андреевна,0
"🐄 умная коровушка, сама себя впрягла!",0
полный каталог с ценами у меня на странице в альбомах,0
вопрос неправильный.ездил бы ты на таком если бы подарили?вот так писать надо.,0
"знаки препинания все проставлены правильно , по правилам пунктуации русского языка!",0
такой вещи простой в хозяйстве не оказалось!,0
заявка на лидерство в мировой энергетике – это амбициозная задача.,0
и для ее решения недостаточно лишь наращивать объемы производства и экспорта энергоресурсов.,0
"россия должна стать инициатором и «законодателем мод» в энергетических инновациях, в новых технологиях, в поиске современных форм ресурсо- и недросбережения.",0
"убежден: наша страна, ее топливно-энергетический комплекс и отечественная наука готовы принять такой вызов».это в. путин, 2005 г., и его концепция энергетической сверхдержавы.",0
"а рф вместо энергетической сверхдержавы стало сырьевым придатком,в котором углеводороды на внутреннем рынке стоят дороже, чем идущие на экспорт!",0
"самый быстрый для болгарки и удобный, от велика держатель от бутылки толька железный.",0
"написано,что от единой россии,значит по спискам прошёл",0
августа день железнодорожника день вдв и ильин день представьте в каком состоянии проснется утром железнодорожник служивший в вдв илья,0
любимая певица здоровья и всех благ,0
вы напишите адрес и во сколько..если можно то лучше вечером..,0
с днём рождения здоровья и пусть вас бог хранит💐💐💐,0
"ну что ж у каждого своя работа.интересно,а зарплату он как получает,с пойком все понятно",0
сейчас идеалы- деньги народ был дружный и добрый.,0
"поговорят, поговорят, да и отпустят по состоянию здоровья.",0
"молодец,талант,удачи вам молодой человек.",0
18 метров забор ворота и калитку цену скажите пожалуйста,0
"представляете соседи сверху тоже ходят, а не летают!",0
"не устраивает живите в лесу в избушке там никто не мешает воду в туалете не смывает, ремонты не делает",0
"только хотела написать:и меня возьмите в свою команду!, а тут и вы это же пишите!",0
"да,я тоже на стороне водителя, теперь крутым всё можно",0
он всего лишь участник этих событий.,0
"всегда есть недовольные и среди церкви,в том числе.",0
"а дворянский класс,жрал рябчиков и ананасы,как и теперь..все повторяется,увы..",0
"из дома, мой заказ положить вместе с дианой долгиновой",0
приветик пообщаемся меня паша звать,0
"огни, огни, на небе огни, зачем так ярко светят они?",0
"большой контейнер вывезен , а два черных контейнера стоят битком набитые так же территория около контейнера очень грязная .",0
проще через личный кабинет передавать!!,0
"жизнь его равна монашескому постригу, жизнь без страстей и грехов наших ежедневных..",0
"а в друг на самом деле сделают, ведь южный поток - 0 , северный поток -2 проблемы, а деньги нужны- с кого брать ?",0
"когда у меня будет мешок копченостей, то я и без вас сготовлю, ладно, поищу что-нибудь, попроще, но не менее вкусно",0
"да уже и на митинги ни кто не ходит, только приезжие которые приехали расшатать край.дегтярев ездит по краю и удивляешься, что денег то нет ни чего не сделано, а что и начато стоит и денег нет.",0
"а мы то всю жизнь думали,что сидит девчонка с персиками и не знает с чего же начать ей завтрак..",0
"у женщины собственность-её дети и они неприкосновенны,их защищает государство,дети - самое ценное в государстве и это прописано в конституци.",0
"если вы считаете,что водитель поступил правильно,то вы,видимо,поступили бы также с чужими детьми,и ещё.",0
"а вы можете подождать до 6числа,а я бы выписалась с больницы и сразу купила",0
"ангелочек, благодати тебе господней на всем пути жизни!",0
"вернее до конца года, т.е две четверти, а там видно будет.",0
"ровно на столько,на сколько автор этой темы..",0
"я прочитала, что эти маленькие красные пандочки становятся на задние лапы и растопыривают передние, чтобы казаться страшнее.",0
"кто получил в июне и июле,в августе не получат.",0
"нужна мне помощь да поддержка дружеская, не хватает в хозяйстве вещи малой для дела важного.",0
мы - оптимисты :-)﻿ и поэтому уже послезавтра вечером: ориентация - север!,0
"мой ур 104. ид 353887337657. играю каждый день, но без фанатизма.",0
аркадий бог тебе дал красивый голос ты пел и радовал нас своими песнями но очень жаль что ты ушел очень рано !,0
светлая тебе память мы будем помнить тебя всегда !,0
как можно заказать и сколько дней доставка.,0
"научись сначало без ошибок писать,а то от зависти чуть не лопнула!",0
"да ,только у зверей и бывает в наше время",0
радуйтесь утром днём радуйтесь радуйтесь сном вечером и перед,0
"обратитесь к психиатру, это расстройство успешно лечится, и жить вам станет намного легче",0
спаси господи всех и даруй нам всем здоровья!,0
"а я послушала и поставила класс.как посыпались,как посыпались... прямо не знаю - хоть на работу в 63 не ходи.",0
"подфартило в фортуне, мой выигрыш корм для кошки.",0
от всей души поздравляю вас с днём рождения!,0
желаю крепкого здоровья и долгой жизни🌹🌹🌹,0
ну китайцам надо как-то напоминать об их промахах.,0
надеюсь у вас сегодня день хорошо прошёл рядышком с зулей.,0
"манзаршо.я тоже хочу ,чтоб у вас все было хорошо.",0
"просто дома побыть,пока одна.",0
"получают те,кто не получил в июле и те у кого детям будет 3 года,рожденные в 2017 году.",0
красивая пара вы похожи друг на друга здоровья,0
"таких сейчас не делают, от души от сердца все шло.вечная тебе память.",0
"третья дшр второй взвод, третье отделение!",0
"все равно спасибо 😊, у нас есть такие же лавки со специями, надо просто зайти.",0
"я беру всегда что-то определенное, муж ездит в магазин турецких товаров, там набирает.",0
"но много специй я не добавляю, это портит вкус еды.",0
"мужа почти отучила, а то его котлеты невозможно было есть.",0
цена этих номеров 1300 с вентилятором удобства не в номере а во дворе и на 2 номера эконом на ваши даты забронированы уже,0
"меня вчера отказались обслуживать на открытом рынке....в зеленограде...продавец объяснил,что их будут штрафовать за продажу товара покупателю без маски (уговорить не удалось)...​",0
"они страшно переживают потерю хозяина, долго находятся в стрессе.",0
"с днем рождения,здоровья,счастья большого и всего самого светлого и доброго!",0
можно с вывозом из деревень в любом обьеме,0
!я в игре ребята сейчас буду разбираться что к чему,0
​моё восхищение мужеством и жизнерадостью этого парня!,0
"легче не придумаешь,могу поменяться местами.",0
"какую ерунду пишут,ну что деревенские ,так не люди?",0
"кусочки неба на земле палящим августом согреты, на волевом своем челе вы поправляете береты.",0
"«ура» сегодня в вашу честь: за силу, доблесть и таланты; за то, что у страны вы есть; за день воздушного десанта!",0
какой-то новый перевод есть у этого слова?,0
"старая застава законсервирована ,но питомник работает .",0
да вы просто завидуете а какое должно быть обтянутое спорт костюм или с глубоким до пупа вырезом это ж торжество,0
"хорошо в исполкоме отвечают.кто нить знает за черниговский, когда вода будет?",0
это прибор дёргать ресницы великанам из сказки про гулливера !,0
"звериноголовский район сколько не боролся,все равно далур начал раскопки",0
на разных кустах может быть черемуха с разным вкусом.,0
"рот черный, одежда в пятнах, но радости море!",0
"вы займитесь таким же делом сделайте дешевле не о манывайте людей, а потом расскажете получилось или нет",0
"ну да,на костях куда удобней)))как говорит мой мужчина-я оцарапаться о любимую не хочу!!",0
"если раздавить вилкой , то наверно отварная.",0
можно сделать отвар из ореховой листвы или лаврового листа и разбавить этот раствор водной тёплой и купать каждый день.,0
"один шаг москвы и экономика белой руси ухнется,белорусия держится на основе торговых договоренностей.",0
"— благодарю за комплимент,— но не успела она проронить и слова, как рэй словно молния потащила леди к воде.",0
"брюнетка и не заметила, как ее шляпа слетела с головы, а тело погружалось в воду.",0
"персефона начала прыскать водой на девушку и смеяться — я здесь персефона, юная леди!",0
классы надо не набирать а заканчивать в школе!,0
"да у нас только одна партия принимает законы единая россия, такое ощущение что больше партий нет.",0
"одни налоги повышают, да сокращают простых рабочих.",0
я делаю так: 3 яйца стакан сахара стакан муки ванилин 2-3 яблока,0
"таня, простуда для тебя конечно проблема,но, показатели крови говорят о том, что ты от инфекции не звщищена.вот и прилипла какая-то.а может и просто дунуло сквозняком и все.лечись травками, чайком с малиной.",0
"молчание их нам не понятно, ведь вы там все вершите законы.",0
там и читать нечего наверно по виду дамы,0
"умница ребёнок, будут следы, на память круто 😎",0
"вещи добротные, обувь тоже, могли переходить от старшего к младшему и ничего не перекашивалось и не облазило👫, не то что теперь - разовое.",0
свидетельницу тоже надо посадить на 50 лет тогда всё будет нормально а ефремова по жизнино,0
а в данном случае класс это хорошо или плохо?,0
"пора определиться , чтобы была ясность.",0
"в великобританию и так самолёты летали, вывозили золото и элита летала",0
я думала самой крепкой парой была семья софии ротару,0
"да сколько уже можно гонять это, надоело, новерно уже 4 или 5 раз,",0
здравствуйте по какому адресу можно посмотреть костюмы,0
"спасибо вам что не оставили это дело,а вдруг собака жива,и вы ее найдете,я готова буду скинуть немного денег на лечение собака,лишь бы она была жива",0
почему ни кто не даст объяснение по поводу ношения масок или распираторы на производствах?,0
"персонал, на таких производствах всю смену ходит в рапираторах, и так они ходят, каждый рабочий день, из месяца в месяц и из года в год.",0
или с 1-11 пункт старая фамилия а 12 уже новая?,0
"да, рыбка бооооольшая, еще долго будет по ленте плавать😜😜😜😜😜",0
"вот агрессивная политика запада и сша , она явная и ничем не прикрытая и вообще в сё в мире работает и живёт с позиции силы .",0
"кто более сильный , того и больше уважают",0
доброе утро хорошего настроения прекрасного дня и всего хромосом,0
"спасибо,дорогие земляки за добрые дела.в сентябре встретимся в библиотеке илека.",0
"привезу свою книгу, там и об илецком городке 1773 года.",0
"может кто знает, когда откроют границу с лнр?",0
скорпион полностью доверяет только себе!,0
хорошая защита доя дома и прекрасный друг для семьи!,0
"спосибо большое！ купили рахат лукуме, очень хорошее.",0
"димаш!с праздником тебя,творческих успехов,удачи во всем.",0
форма ногтей очень красивая сколько стоят и где,0
"царица небесная,защити нас под покровом твоим.",0
подарю розовый цветок аромамасло базальтовые камни початки кукурузы молоток шитый кошелек,0
https://gvkg.rosgvard.ru/ ранее индекс был другой.,0
актуальный адрес можно взять на официальном сайте.,0
"какие шутки, когда творится бог знает что.",0
как жить в таком городе.... а потом удивляемся откуда у нас столько онкологических больных.,0
а варежки в какую цену?и есть ли мужские,0
"по кретова вчера камазом-мусоровозом собирали, после суточного невывоза.",0
"привет сергей, его мат не шифруют потому что он слова пробелом делит",0
значит два других острых угла равны,0
"а я могу сфоткать куст помидоров в пруду и ключике всю жизнь ездила на поездах, но не видела,что помидоры растут у ж д дороги",0
а чтож его не удаляют .- тем более тот ком что я писал маришки - и там нет ругани,0
"очень старий рецепт, не могла найти пропорции - спасибо)))",0
"это всё деньги, деньги и ничего личного, когда только они подавятся ими.",0
нужна мазь для лекаря в долине фараонов активен,0
кто не может нести ответственность за своих домашних животных - не заводите их.,0
"в лихие 90-е это было весьма актуально, тогда каждый день кого-нибудь стреляли",0
"такое чувство, что доктор преображенский все ещё жив и активно продолжает оперировать «шариков»",0
"замечательный человек, справедливый, честный, мужественный, дай бог здоровья и сил.",0
"без крышки не стоит вообще брать,каждый день мусор выносим,но запах к вечеру уже ощущается 🤭",0
желаю тебе всего самого наилучшего а главное здоровья,0
"матрасы можно посмотреть на сайте линто, цена такая же",0
сколько стоит такая конструкция над стиральной машине?,0
"девочки, а с 3 до 7 платят вместе с обычными выплатами ?",0
ну им лишь бы выть по любому поводу одним словом либшиза,0
"человек с большим и добрым сердцем , побольше бы таких !",0
братишка с днём рождения тебя здоровья тебе остальное само придёт за пв !,0
"оксана, тебе надо срочно выйти замуж!",0
"вы правы,что то случилось.мы же ещё живы,жили и сейчас живём.всяко жили и властью были не довольны.но такого безумия,как сейчас не было.",0
"приезжай в москву, встретимся а там может и до загса не далеко, будет видно,при встречи.",0
раз кредит ..значить опять воровать будут.такая примета,0
"топтать асфальт будут и до морозов, и всё равно будут топтать, только наверное ничего не вытопчат, неужели же не поняли ещё протестующие что ничего не выгорит.",0
"стоит как последняя шестёрка, на заднем плане.",0
б тиll оd фильтр ч хит к крупный опт детские товары то де детская цвет горка синий к ч р,0
может кому нужны куриные шкурки для собак.,0
"есть примерно кг 4 , забрать можно на селиванова.",0
брянцы получают эффективное и своевременное лечение.,0
"особенно, учитывая то, что в брянске остался всего 1(!)",0
"госпиталь, принимающий заражённых, а больше половины положительных лечатся амбулаторно (читай - просто сидят дома, по предписанию, и ждут результатов повторных анализов)!",0
"для 20 очень даже шикарная девушка, класс.",0
жизнь начинайте надежде с утра в что сегодня будет прежде еще лучше чем доброе утро и ар,0
"конфискации мало , для справедливости ещё и ответственность нужно ввести за не трудовые доходы и доходы преобретённые не законным путём",0
"водители тоже люди,всегда рискуешь, когда садишься в транспорт, даже в городской.соболезную, жалко людей",0
хабаровска в аэропорт прибыл спецназ с но северного кавказа ребятам из спецназа что же пояснили сразу москва не здесь можно не улететь,0
рано или поздно поймут люди потерять легко вернуть порою невозможно,0
"всем кого беспокоят шишки на ногах, делюсь методикой которой поможет полностью их убрать.",0
лично сама по этому методу убрала их и соседки мои тоже восторге что без операции добились превосходного результата.,0
"не чего подобного, керамика частных минифабрик и мастеров на высшем уровне, цена во многом зависит от росписи.",0
"я тоже,хотя не был в белоруссии, были мои братишки, которые восхищаются ею.",0
"там порядка больше, чем даже в германии-всё чисто,аккуратно, даже внутри леса поболены камни, одним словом-молодец батька!",0
лисклад хранения накладная циолковского выдачи пункт оо дата оов дрожжинова екатерина организатора о фио склад ип климова к в кому фио получателя кал ла товара наименование яшина наталья садовод,0
бедная женщина.что же должен был творить отпрыск чтоб бы мать смогла такое сотворить,0
в браузере опера голосовой помощник алиса недоступен и никогда не будет доступен-это с каких пор он недоступен-то?,0
тебе вместо бровсека уже советовали расширение fast proxy-ты когда советы читать начнёшь?,0
молодчина!обязательно разведу этот сорт.у анюты просто должна расти такая анюта.а это вы его сами так назвали или был такой сорт.я что-то никогда раньше не слышала о таком.,0
ой ... я прямо смеюсь ... ведьма в наше время определяется совсем не фигурой ...,0
этим бабушкам крест при жизни ставить надо,0
у меня все любимые песни эмина ♥️♥️♥️✌️✊👍🔥🔥🔥,0
"и вместе вдох, и вместе выдох, и небо на двоих одно, и свет из глаз полуоткрытых... желания терпкое вино.",0
дыхания жаркого волна.. нас с головою накрывает... и гребнем выгнута спина.,0
"собаке все равно,что он бездомный, зато с большой д",0
наверное не надо от кого -то ничего ожидать и не будет разочарование..,0
"а если бы твоего мужа убили, что бы ты говорила 🤦",0
"зря показали, теперь во всех школах страны с первого класса введут!!!",0
"центральная, 46 с 9 00 до 20.00 позвонить по номеру 89142112005 фаридун.",0
"а если просто стиралкой и яичницу жарить не умеет, то фигня война, главное манёвры.",0
красивая девушка вы прекрасны как боженский ангел,0
"друзья мои верные, выручайте в трудном деле!",0
для того чтобы задачу непростую выполнить нужна мне вещь редкая.,0
"видел две фото, в одном фото иглы от шприца но только увеличенным микроскопом и иглу ёжика.",0
всех навестила принимайте работу - кормила живность,0
что- все певцы и певички рванули назад в россию!,0
"вы так точно описали, сам дух покоя и мира в душе, который присутствовал каждое утро в родительском доме.",0
"люди общались и не боялись ничего, кроме войны.",0
"читал отзывы, механизм поворота барабана глючит, как всегда после сборки обработать напильником.",0
"одни и те же слова, словарный запас очень маленький, не для ведущего федерального канала.",0
"присмотритесь и послушайте встретили свою любовь всей жизни, а как это случилось?, и т. д.",0
"девушки, привет, закиньте видео как научиться доче красивые косы делать.",0
тел для справок: 8-9236927706 или стационарный в рабочее время 24-177,0
уже и до наших кавминвод дотянулись федеральные руки.,0
"аэропорт строили наши деды, отцы , мужья минераловодцы , а теперь он и минеральным водам не принадлежит.",0
"вот у меня вопрос, даже не к автору, а вообще.",0
когда пишут все вопросы и предложения в лс - это куда?,0
"чтобы была аджика сухая, грецкий орех ложить до края, сладкий перец ложить нельзя, будет много вода.",0
"сан саныч, не принимай это близко к сердцу - это новодельщики резвятся.",0
"сами себя воспитывали,сами за себя отвечали,а ответственность не только за себя был -дом,огород и скотины полный двор,ничего справлялись!",0
"в каменске- шахтинском, все подали заявления, вплоть до водителей скорой.по телеку показали, до кремля дошло, и сразу проверки, верю что деньги на з.п.",0
зачем путину косить под русского мужика он ведь еврей,0
это точно такие и были дети войны .по словам моей бабушки .,0
"дамам весомых достоинств изящные трусики от hm,размер xl(56),цвет черный, кружево и хлопок с кружевом, 700руб\шт, в наличии 2.",0
а у меня было уже двое детей или мне было бы 26,0
эколлаген вокруг глаз канча рубль,0
"я имела ввиду мальчика, он шикарен, а девочка всегда была милашка.",0
"и кстати, вот интересно браун скромный был и в детстве, таким и остался.",0
по статистике - на одного мужчину приходится 3 женщины!!!!,0
если применить ваш метод то они совсем исчезнут как динозавры или мамонты!!!!!,0
"так греки- православные.как и русские.грузины,албанцы,сербы,болгары - православные.такие же как русские.а армяне не православные.",0
"скажу как минимум от себя: мы все давали присягу беречь наших граждан и родину, и сейчас как родина так и наши рядовые граждане в беде!",0
"погранцы, и вмф с вами, и пора уже вставать плечом к плеку, и отстаивать наши интересы, интересы родины и её граждан, женщин, детей и стариков!!",0
тебе самой не стыдно себя прелогать ?,0
"остался перец,если да то я весь заберу",0
"умница,да еще и красива,бес сомнения-это будет настоящая женщина и прекрасная мать.счастья тебе и только вперед.",0
супер 👏 очень красиво 😍 какая цена на фуксии и сколько стоит пересылка ?,0
"1968-1970 дебрецен 74857, комаром 32468, т-62!",0
"андрей, я делаю тебе скидку и не обижаюсь, давай завтра поговорим.",0
классные артисты- их знает по телефильмам весь мир,0
"да и фото, видно, только часть улова, остальное определили уже, куда следует.",0
"каждый день за 100 идет, а мы все открываем, карантине отменяем, туристов принимаем и т.д.",0
подождём немного ему ещё медаль вручат что всего одного человека убил,0
"у деда случилось с головой, а кто её знает это скорей всего возрастное.",0
ты этим словом оскорбил конкретно человека!!!!,0
"если чё я на племе,, салам алейкум всем и доброго вечер ✋",0
"оплатила 04 08.2020 в 21:39 сумма 713 руб с карты 7731 мацаценко нина в. мне, скорее всего посылкой.",0
"люблю ее творчество,люблю ее элегантные наряды,здоровья,здоровья и ещё раз здоровья!!",0
"а где вы сейчас видели абсолютную монархию,если только в каком нибудь африканском племени.",0
"мне кажется и порадоваться можно ,если пенсионер едет действительно отдыхать!",0
"и я рада за тех пенсионеров, что могут себе это позволить",0
умничка золотые ручки желаю счастья и добра!!,0
"честно - предыдущий заблокировали, мол, такие сборы не по правилам одноклассников..",0
они хоть знают как эти самые дороги выглядят?,0
гриб рядом с машиной- работает всегда на 100%,0
а вчера прибегала в наш двор охотиться за кошками... живем на самом краю города в многоэтажных домах.,0
"лисы перестали бояться и людей, и машин, и собак.",0
"человек при гриппе не получал подобные симптомы, когда у него происходило заболевание лёгких.",0
дом отлично подойдёт для проживания пока идёт строительство нового.,0
"участок в 11,5 соток позволить строить без сноса.",0
"газовая труба рядом, вода рядом.",0
"дом требует определенного внимания, но вы должны понимать, что он продается почти по цене голой земли.",0
"подскажите пожалуйста, где можно сделать узи сердце?",0
"приезжают, оказывают помощь, уколы, таблетки и всё от них зависящее делают.",0
и сопереживают и с рук на руки в приемный покой передают.,0
если хочешь меня пиши личку,0
"так ты же можешь сказать базу, я голосовала онлайн кстати, иди, оформи на меня ипотеку",0
"я практику делала 3 дня подряд, видела как мы с дочерью бежали по траве и шел дождь",0
у некоторых категорий бюджетников сейчас зарплаты такие - комбинатовские позавидуют,0
"всех что-то не устраивает, чем-то не довольны.",0
у меня к вам вопрос что нужно делать и как это осуществить?,0
адрес дай где машину посмотреть или трубку возьми,0
такие маршрутки на канонерку ходили очень давно.,0
"он показал себя лживый непризнание своих поступков, для меня не человек моё мнение 👎👎👎",0
особенно на сто такие цыфры озвучивают просто с неба .,0
а с кяхты в бичуру есть вообще микрик?,0
"ты знаешь , бог , я сказочно богата : я вижу небо, желтую листву , как плачет солнце в лучиках заката , и прячется кузнечик за траву .",0
я за водителя вижу таких пассажиров через день,0
ищу связку трав или чашу углей жрице,0
"возможность у них есть и финансы есть,а вот желания нет лучше карманы свои набить для них это важно",0
"кстати,лаванда именно такая,а никакая не горная.",0
я просто человеку объяснила что это не один и тот же магазин.чтобы потом не было недопонимания между людьми.,0
"или в собственной квартире, как было с преподавательницей одного из вузов, или со студенткой того же самого вуза.",0
"ужасно, что в городе есть такие преступники, и во всех случаях они должны понести наказание.",0
"при этом,как правило, просят отозваться свидетелей, практически всегда.",0
"даже если пропадают никому не известные пенсионеры, дети, или не вполне адекватные никому не известные люди.",0
а грузовой речпорт находится ниже по течению.,0
"и не было сколиоза у школьников,с 1 по 8 класс сидела за такой партой",0
"составляющие жидкие, а мазь получилась - ложка стоит.",0
"мощность какая, чей завод делает, хоть в инете.",0
а сейчас разрешена рубка леса для бама и транссиба !,0
"нет бы порадоваться за парня,показывает себя достаточно неплохо в одной из лучших лиг мира,зачем вот обязательно всё политизировать?",0
"в сысерти остановлено строительство ледового центра, средства на который привлекались в рамках государственно-частного партнерства с угмк.",0
"отчасти подтвердило несовершенство проекта возведение подпорной стены для ледового центра, однако и оно остановилось на середине из-за необходимости изменений используемых материалов.",0
экс-подрядчик и действующий застройщик подпорной стены указывают на длительность согласительных процедур в администрации муниципалитета.,0
"спасибо, дозвонилась в соцзащиту , сказали сбой программы ,все доначислят",0
пропала еще один источник доходів путинского режима,0
"говорят кто спасает собачку , тому бог помогает",0
у меня запрос через7 минут подождете?,0
"люда, у меня вот столько вчера получилось из пол порции, указанных в рецепте ирины",0
"а я почему то решила, что леонтьева родилась в нашем пригороде.",0
даже музей есть как не в языкове ли..... надо в инете глянуть.,0
"тоже самое , собрала вещи на три месяца , позвонила главе горбуновского поселения , он сказал , что девочке чуть больше года ...",0
"у меня племянница любит хлеб с маслом посыпанный сахаром,ей 4 года...﻿",0
"мой кошелек магнит для денег ,да будет так.аминь.",0
"то есть, если вы вдруг, дай бог, доживёте вместе до 102 лет (а эти старики, судя по их внешности, дожили) , то 80 совместных никак не насчитаете?",0
"с днем рождения малыш, будь здоровым и счастливым",0
"ты будешь сильно разочарована и очень скоро...и кстати, глянь в зеркало.",0
"может его и любят, как артиста, а как человек, у многих пал в глазах.... он виноват уже в том, что пьяный сел за руль... а закон для всех должен быть один!",0
работа над данным 8-минутным видеороликом заняла 14 месяцев!,0
или очень нужно набрать классы за чужую работу?,0
"как тонко подмечает,а ведь и правда за свою доброту приходится расчитываться.",0
"копейки интересно откуда,сумма 4500 в месяц как я прочитала , может кто знает,какие выплаты в месяц,подскажите пожалуйста.",0
"а предыдущее отключение, когда закончится (20-26), сегодня 31?",0
"она секретутка.ни какая страна, а какие правители и кому они служат и чьи интересы защищают.",0
"да, насчёт перца вы погорячились, два килограмма это уж перебор.",0
"а растяжку надо делать для себя, а не для показухи",0
зато секс с кем попало особенно в марте.,0
то есть если переезжаешь в другой город освободи квартиру,0
"достойно очень, будь здорова и счастлива с девочкой",0
здравствуйте до какого размера идут джинсовки?,0
"у меня всё хорошо: работа, квартира, любящий муж, вот только солнца не хватает, а на машине поехать некуда, на общественном транспорте быстрее до работы добираться 😉.",0
это надо под суд кто это егэ придумал .они сами то хоть грамотные .,0
почему их не проверят .убрать этот закон и дать детям нормально учится .,0
"друзья мои верные, выручайте в трудном деле!",0
для того чтобы задачу непростую выполнить нужна мне вещь редкая.,0
"подскажите, куда можно на плавание отдать?",0
"и, если, уж обратились к мастеру, то выполняйте то, что вам сказано.",0
"многие сами портят результат работы, а потом виноват мастер!",0
многие пытаются проверить мастера на наличие способностей(таких сразу видно)!,0
некоторые приходят и говорят:а другая ведьма мне не так сказала и прочее!,0
"многие приходят к мастеру, но не хотят слышать правду, а хотят услышать то, что они хотят!!!!",0
через себя действительно многое пропускаешь... ко мне обращалась девушка!,0
"ей сказала магуя(из серии интернетовской, наверное), что на ней порча и она умрёт через 3 дня!!!",0
"привет григорий!на луке катушка с леской,а стрела гарпунного типа присмотрись.😊",0
"всё чаще кто то кого то вычеркивает, и подчеркивает другого, спустя маленько, подчеркнутый вычёркивает того, кто его подчеркнул, и теперь вычеркнутый сожалеет, что подчеркнув этого, вычеркнул первого и т.д",0
"почему не открывается игра,загружается на 100 процентов,а не открывается уже несколько дней.",0
"добрый вечер, красавицы хочу к вам обратиться!",0
"у многих замечаю на ножка выпирающие косточки, поэтому хочу предложить эффективный способ их убрать без помощи хирургии... очень подробно что и как расписала у себя❤",0
"поздравляю с днём рождения,желаю тебе здоровья счастья успехов.",0
у мужчин и после 40 самый активный возраст!!!,0
интересно по какой такой статье отстранили?,0
"моего мужа привезли на скорой 3дня пролежал нечего не делали ,даже капельницу не ставили",0
поэты и барды то зачем в политику ударились??,0
"это особенности породы,до года они очень своенравны,а потом человечнее и семнйнее,наверное нет породы,но только если она воспитывается в любви и ласке...",0
здравствуйте да во всех магазинах модный ребёнок,0
"за койко-место в сутки, в зависимости от степени благоустройства номера.",0
"принимает или нет сейчас посетителей, можно уточнить по номере 2-18-51.",0
приморский край хасанский район пгт зарубино.,0
я смотрю вам очен нравится етот поза,0
тогда классов мы вам наставим в десять раз больше!!,0
"начинаете вязать платочной вязкой с того края, где шире, потом сокращаете петли",0
"новых уровней нет, жалко но придется удалять игру.мне надо 1091 уровень.",0
"старшему сыну мы намекнули,он сказал что как вы решите ,так и будет ,но мне кажется он не очень рад,а вот младший категорически против",0
"так же мучались в этом возрасте 🙈....нам тогда помог только респиридон, сейчас хлорпротексен пьём на ночь.",0
"а своим, пусть своеобразным, но трудом заробатывают.",0
"и вам ни кто не мешает морковкой торговать, выращенной на своём огороде.",0
"не обижайтесь, но они молодцы, что сделали себя сами, а не за счёт нас.",0
"очень вкусно, готовлю часто, особенно для гостей!!",0
"она благополучно одолела еще две конфеты, запила их целым литром зеленого чая, торжественно пообещала себе не прикасаться к сладкому еще лет двадцать и уснула, чрезвычайно довольная неизвестно чем.",0
"вероятно, просто собой и жизнью в целом.",0
"понятие «злость» имеет много синонимов, и нужно правильно использовать эти синонимы.",0
иначе можно из-за негодования обидеть доброго человека.,0
"причем наша мука лучшего качества, вы ее выбирайте",0
добро пожаловать и удачных сезонов за наш любимый клуб,0
"боролись вы за справедливость, вот если б вы объединились в борьбе с неправедным режимом и цель была бы достижима, - вас весь народ бы поддержал, а так... какой запал пропал!!!",0
ведь веник тем он и силён - из многих веточек сложён.,0
"и возродится наша сила, чтоб уложить врага в могилу!",0
"а так... нас с каждым часом меньше на нашей русъкой же земле - всё больше наших братьев меньших, и все они уже в кремле.",0
"читаю и улыбаюсь , а ещё приятно перебрать детские вещи своих выросших детей",0
спутника жизни они уже выбрали и на это время совсем не уходит.,0
20:10. опускается олимпийский флаг – восемь спортсменов бережно снимают его и уносят со стадиона.,0
"медленно угасает в чаше огонь игр, рождённый в олимпии 19 июля.",0
"но огонь, угасший в чаше стадиона, навсегда останется в сердцах всех причастных к олимпийским играм в советском союзе.",0
"а на большом табло стадиона начинается показ короткометражного фильма, посвящённого самым ярким мгновениям олимпиады.",0
"нужна мне помощь да поддержка дружеская, не хватает в хозяйстве вещи малой для дела важного.",0
потому что нельзя быть красивым таким,0
вы назвали войну лучшим выходом из ситуации .,0
а наши деды в том числе и терпением завоевали победу.,0
"да, и, мое мнение, художника надо оценивать по его творчеству, а не политическим убеждениям",0
"у нас зарплата небольшая, мы являемся малоимущей семьёй с 2 ребятишками и с ипотекой.",0
на пособия имеет право каждый нуждающийся человек.,0
б причин путин почему лучший россии для президент павел ф,0
"куплю 10 кукурузных палочек обмен на склад, амбар, расширение, пилы и топоры",0
поклон мой низкий перед врачами...здоровья им и семейного благопалучия,0
"а зелененькие-это ромовая баба, муж их очень любит и зебра, еще не пробовали их.",0
"я вам поставила класс и ком, почему не ставите взаимно??",0
"и его исполнение песен величайшего нашего любимого, незабываемого муслима магомаева чем то похоже.",0
а отделку для двери делаете внутри квартиры?,0
"жители побережья байкала должны жить достойно, а не выживать.",0
"осуществляем запись на суточных цыплят бройлер: 29 августа - росс 708 2 сентября - кобб 500 цена 55 руб.заказ принимаем от 10 шт, доставка по городу от 100 штук бесплатно ‼‼ горловка 5 квартал амстор.",0
коростинский алексей иванович и беккель валерий карлович!,0
малина сейчас ведёрко осталось одно 5 литров,0
доброе дело делаете.дай бог и на вашем пути таких сердечных и не безразличных людей.спасибо вам.,0
служил в гсвг с 1978 весна по 1979 осень г фогельзанг хим батальен вч пп 25497 да земы было время,0
"путин никого и ничего не боится и если он уйдёт с поста президента ,то ничего не потеряет потеряет россия и всё сразу кто ещё имеет столько терпения работать с таким не благодарным народом как мы",0
тут даже сказать то не знаешь что.каждый день только страшные вести.люди перестали быть людьми.,0
"и в севастополе сегодня ооочень жарко и душно, +33 в тени!",0
"завтра нам обещают прохождение холодного фронта, дождь, грозу, ветер.",0
"хотя в севастополе вряд ли что-то будет такое, в крыму - да!",0
"почему пишут такое ,что тут стыдного .это тяжелый труд.а есть не стыдно?",0
"чего мучаешься с иголочкой, возьми спицу с зонтика, там ушко есть, подбери длину, заточи, я по 10 сразу сажу на иглу и потом сбрасываю на нить",0
"ошибка в слове пионеры)) разделение по слогам неверное, если я не ошибаюсь",0
"в твой день рождения муза не дремала: дала тебе упорство, голос и талант.",0
так пусть же в твою честь фанфары прозвучат!,0
"о,у меня сённи денёк предстоит плодотворный,я дома занимаюсь в консервном цехе!",0
чистотел самое эффективное и дешевое средство,0
"1. во время игры не видно сколько осталось монет, пока не закончется картина.",0
2. почему изчезла помощь поиск с лупой,0
"я в этом ничего не понимаю, поэтому суть этой информации тоже не поняла.",0
"правильно будет чортковский, тернопольская область.",0
"наташенька, огромное спасибо за теплое поздравление",0
где были родители ?почему ребенок один спасал в бане котенка ?,0
"фото платьев в вашем альбоме взяты с другого сайта, с сайта женской одежды из беларуси.",0
"нужно мерить,если хотите,я дам адрес,приходите",0
"обсолютная правда, когда курск топил, три недели никто его не видел.",0
"пусть видео посмотрит, память освежит.",0
"продам молокоотсос авент электронный, цена 2000",0
"говорят питомцы на хозяина похожи,возможно вы правы",0
"этих ребят мы знаем, а кто эта красивая девушка?",0
"слива забрала на себя весь вкус маринада, а помидоры получились пресные.",0
в наше время актуально с экологической точки зрения.... главное не лениться.,0
"надюша, сестрёнка здоровья счастья и благополучия!!!!",0
"с днем рождения тебя девочка, всего тебе самого наилучшего в жизни.",0
"кто говорит, тому и будет хорошо, хотя им и сейчас неплохо .",0
"человек должен в любой ситуации оставаться человеком, в автобусе наверно у кого то была в запасе маска, можно было дать пассажиру...",0
новая полянка или что то связанное с морем и небом.,0
"к сожалению, подрядчик не очень отзывчив, поэтому специалистам и руководителю ужкх приходится применять меры административного воздействия.",0
"господи, он хоть бы бога не гневил, церковь не трогал.",0
самое важное для тебя — это твоя семья.,0
"ты заботишься о всех и вся, живешь для других и готова приносить себя в жертву бессчетное количество раз, лишь бы другим было хорошо.",0
"ты несешь своим близким добро и радость, тебя любят, и это делает тебя счастливой.",0
всем привет ищу знакомство прост на карантине ппц как скучно а пообщаться не с кем пишите в лс,0
"к мясникову надо обратиться, чтобы связался с нашим губернатором и популярно объяснил ему, что такое здоровый образ жизни.",0
разве убийца детей может быть переговорщиком ?,0
"так писали же, что когда закупили эти аппараты ивл, что они не те, только деньги зря потратили!",0
о мальте не знаю.... но об испании и англии да,0
прикольная и сколько она стоит такая банька?,0
почитай ...что такое хорошо и что такое плохо?!,0
ситуация с коронавирусом в кировской области на сегодня,0
"братское сердце,скорблю вместе с тобой!!",0
"как вариант попробуйте держать зерноядных птиц, которые живут в вашей местности.",0
"это вышка,на которой меня поднимали тысячи раз.",0
молодец дед👍сейчас не каждый молодой так может 👍,0
делать ближе к ночи и что бы ни кого рядом не было.,0
"чтобы пить или колоть антибиотики, конечно, нужно бы сначала убедиться, что это именно плеврит.",0
проблемы с сердцем тоже могут быть причиной кашля.,0
классная актриса обаятельная женщина супер,0
группа по интересам и присылать материал можно всем..,0
мишустин что ты творишь народ скоро попрет на вас войной,0
"с днем рождения ,малыш!здоровья тебе и счастья в жизни!",0
"как сказал один невролог=остеохондроз неизлечим ,он навсегда!",0
но хороший доктор правильным лечением поможет избегать серьёзные болевые ситуации...🤗в своих болячках виновата я сама🙈,0
"нужна мне помощь да поддержка дружеская, не хватает в хозяйстве вещи малой для дела важного.",0
"принемаю заявки на цветочный мед, (светлый), 1литр 400 руб",0
хочу купить флаг сколько будет стоить.,0
"это реальная фотка, сами сфоткали из окна",0
а где описание твоих волшебных помидор одна пустая кастрюля да помидоры в банке,0
там где время отправления есть значок-карандаш-можно делать исправления.,0
"сейчас патриоты покупают недвижимость и гражданство за кордоном, живут и зарабатывают в россии.",0
"были белочки,а в конечном результате-картинка ,как у бека.",0
"каунас похорошел, очень лайсвес аллея",0
"когда твоя страна ни чего не решает, а ты ни ничего не решаешь в своей стране, то можешь ни кого не бояться даже если ты и президент этой страны..ты никому на ненужен.",0
согласны светлана духи качество делали на совесть и аромат запомниться на всю жизнь 😉🌺,0
"только год назад познакомилась с турецкими сериалами, больше ничего смотреть не хочу , турецкие, только турецкие!!!",0
"только не многие разумеют что же есть мудрость божия,и многие путают мудрость человеческую( лесть), с мудростью от бога.отсюда и неразумение многих, слова божия.",0
"ибо нужно иметь мудрость,знание,и разум божии; святого духа,чтобы разуметь слова мудрецов и загадки их.",0
"иисус христос знал что в человеке,потому не вверял себя никому.",0
почему иисус христос не вверял себя никому?,0
"в каждом три духа нечистых,духа заблуждения; неразумия,глупости,лжи.",0
"до тех пор,пока на человека не изольется дух свыше,святой дух; мудрость,знание,и разум божии.",0
"у меня один из приюта, другую забрала на остановке грязную и голодную.",0
"троицк, к вашему сведенью, -это москва.",0
и собянин ведёт ветку по территориям москвы вплоть до троицка.,0
я писала пост о собаке.сейчас я ее не вижу.либо добрые соседи как и обещали обратились куда то с жалобой.либо ее кто то забрал.,0
"а сегодня разрушили, разворовали, всё что построили раньше.",0
просто кружок умелые руки открывать срочно!!!!!,0
оо перевод оо екатерина от владимировна в баланс сvиsа чввб оо сообщение на лечение поправляйтесь воз о ss s сообщение в,0
"обращайтесь к друзьям, знакомым у которых есть интернет.",0
адвокат конечно придумал хорошую отмазку.,0
господину адвокату нужно задумываться о своей семье.,0
"бумеранг настигает быстро, даже пикнуть не успеет.",0
"с богом спорить нельзя а тем более зная правду, так нагло врать.",0
"потому,что в россию едут из глухой провинции.",0
то пьяные в фонтане ужасно позорят всех военных звезды,0
"в россии есть два рода войск, в которых помнят, ценят и уважают своих начальников: это начальник пограничных войск генерал армии матросов в. а. и генерал-полковник маргелов в.ф.",0
на три переигрывала 47-ой.песочные часы от бм помогли пройти эпизод без больших потерь.,0
о в зч в оз о ч изменить поделиться иван холодильник мобильный в в вочбобб написать о ч бо бб о ч бо бб аудиозвонок развернуть б б в июл исходящий вызов мобильный о мин в сек,0
"нет, слишком много пафоса, да и вообще есть покруче.",0
"никогда не устану любоваться такой красотой и грацией этого животного, спасибо тем кто растит эту красоту,удачи вам",0
главное чтоб этот человек знал и понемал!!!!!!!,0
куплю щенка мопса или французского бульдога.,0
"подскажите, если я инвалид каждый год группу продливаю мне тоже надо проходить актуализацию?",0
"могу ошибаться, но это моё мнение на этот момент.",0
идея про изумрудный город просто классная,0
с телефона можно отправить на платформу только одно фото.,0
"порекомендуйте, пожалуйста, хорошего врача проктолога в донецке или макеевке.",0
"администрацией принято решение публиковать ваши объявления платно, как и всех остальных.",0
вам кто-то уполномочивал озвучивать здесь имена и должности и козырять своими связями?,0
нужно обязательно законодательно запретить цирки во всех странах.,0
животные должны жить в их естественной среде обитания,0
сама там рожала в марте!замечательный персонал!,0
отдельное огромная благодарность бочарову дмитрию александровичу!,0
"скоро уже и в гости прийти будет не к кому, кроме действительно как на сопку:(",0
"долгие лета костя тебе жизни и огромного здоровья,счастья и всех благ!!!!!!",0
эту утрату забыть невозможно.вечная память вам ребята,0
"я вижу , но это повреждения не от трения и темболее она ногу не могла засунуть .она стоит в летнике и там исключено повреждение такого характера.",0
у меня сейчас 28 голов крс но это только у одной.,0
кушать варят раз в квартал.ни одной кастрюли,0
"песик не просто дополняет красоту, он её подчеркивает!",0
"спасибо, девочки:) сегодня сына видела, дали только 15 минут пообщаться, но и это счастье :)",0
"нет, от вранья и бесперспективы, как многие дяденьки от воров в кгб",0
когда же теперь мужьям нашим ждать?,0
"отметила футболку в дозаказ, внесите в счет",0
"а эти дочери просто хладнокровные, расчетливые убийцы.",0
светлая память и земля пухом людмиле.,0
много лет я посещал этот сайт(еще до покупки его вами) и вынужден отметить значительное ухудшение его работы.,0
а после того как мне отказали даже в тех двух лимитных играх вынужден покинуть его т.к.,0
"не имею возможностей оплачивать, я пенсионер и живу на государственную пенсию.",0
есть куча других сайтов где я абсолютно бесплатно смогу встречаться со своими друзьями которых заберу с собой.,0
я не против встретиться.я за обеими руками и ногами,0
"сказок насмотрелись и поэтому решила нам втюхать,свои не здоровые фантазии.",0
чтобы так нарисовать надо закончить художку,0
"самый лучший руководитель, строгий, творческая личность, но справедливый👍👍👍",0
"славяне на всегда 14 уровень, дружный, слаженный и сплочённый коллектив ищет бойцов 50+ на пмж.",0
здравствуйте.сколько стоит чехол на угловой диван?,0
"немцы, имеющие пенсию меньше прожиточного минимума, получают оставшуюся часть безвозмездно от государства.",0
"согласна, пенсия в 1000 евро для германии невысокая, но тем не менее, эти ваши выкладки про скорую помощь, налоги и всякую прочую хрень - враньё!",0
"если по 1000 на семью из 2х человек, то еще и в отпуск на море раз в год можно съездить, не говоря уже о безголодном проживании.",0
"я отнюдь не принижаю достоинства россии, тем более, что там никогда и не жила, но вступаюсь за германию, поскольку давно считаю её своим домом.",0
добрый день.скажите пожал.как можно сменить название кооператива.долго искала слово редакт.но не нашла.,0
"татьяна у мамы сосед делал наличники,как у мамы.",0
вася очень хочется почитать твою книгу,0
"если сделал доброе дело, и не хвалишься, оно будет господом зачтено как доброе дело.",0
"ну ,а если себя расхвалил за это, значит от высших сил не жди .",0
"а для гостей существуют стоянки, чтобы не было плачевных ситуаций и горя.",0
"административный ресурс, который присутствует везде, проблемы в селе, отсутствие саморазвития или деградация, нехватка финансивания и поддержки учителям.",0
"всё это звенья одной цепи и если не абстрагироваться от действительности, то нетрудно догадаться о причинах такой жизни на селе.",0
"я вас не понимаю,в начале вы восхищаетесь,что в 21 веке на вокзале открыта молельня,а теперь у вас светское государство!!",0
объясните пожалуйста где есть на старице хорошее место для купания с детьми.,0
потом половина этого урожая все равно сгнивала.,0
"вот вам и бесплатное образование, и бесплатные квартиры... и бесплатный труд",0
"скажите пожалуйста, в какую цену будет стоить эта красота в российских рублях?",0
"в алуште остановится, а от туда можно путешествовать по крыму.",0
"расстояния не большие, между города и достопримечательностями.",0
за 2 недели можно везде побывать и отдохнуть.,0
"цена на жилье приемлены.все зависит от комфортности, как и везде.",0
"шикарное платье,а рукодельница просто- волшебница.👍",0
"рентген мы делаем да,но тут время очень поджимает,14 ехать уже,успею ли я все,больница от нас 40км а за путевкой вообще за 200 км ехать,как представлю сколько надо носится и ехать ни куда не охота",0
"первый парень на ле первый парень на деревне, красавчик!",0
"судя по рожам они бедного мишку сначала пытали,потом потрошили ещё живого и только затем съели",0
"я согласна с вами, больше всех пострадала она.",0
"штамп в паспорте никогда никого не удерживал, а вот при расставании , как оказалось , важен.",0
подскажите пожалуйста куда можно скинуть схему.,0
"моя первая учительница бычкова марина витальевна ,дай бог ей крепкого здоровья !",0
продаю угловой диван с креслом 89138673015,0
а я с твоим братом учился в одном классе звали николай,0
в переди написали мечеть- храм -по нашему харам.не воспримет харам.,0
"боже мой,как ее жалко...дрессировки ...я бы не смогла,нервы не выдержали бы.",0
добрый вечер а почём продаете?и какой район?,0
"у нас в прошлом году наш песик умер , 16 лет с нами вместе прожил.",0
"очень сильно переживала, больше не хотела никого заводить.",0
"но без собачки скучно, а маруся нам понравилась, она в реале очень красивая, пушистая.",0
"это точно,с этого и начинаем покраску волос😂😂😜",0
майор писарик и комбат 2 батальона кто знает как они ?,0
я вот знаю где есть дома престарелых и там много одиноких и брошенных бабушек и дедушек может им начнём собирать???,0
московские волонтёры открыли сбор средств на борьбу в короновирусной инфекцией.,0
волонтеры планирует закупить средства защиты для медиков.,0
"руководитель благотворительного фонда, волонтёр екатерина воробьёва открыла сбор средств на борьбу с коронавирусом.",0
сумма которую планирует собрать фонд состовляет 800 000 рублей.,0
за собранные деньги волонтеры закупят средства защиты для медиков.,0
"в частности, защитные костюмы, респираторы, очки и перчатки.",0
сбор денег будет проходить максимально прозрачно.,0
по его завершению волонтёры предоставят выписки из банка и накладные.,0
о передаче купленных средств защиты медикам сообщат дополнительно.,0
пусть всех их отправят на глаза и воспитание на родину.,0
радостно смотреть на вас в окруженье детских глаз!,0
чтобы каждый ваш малыш настроение дарил!,0
"сочиняют их лишь те, у кого душа скудна.",0
вам желаю долгих лет жить в любви и во внимании!,0
"цена какая костюм выставили, а цену написать забыли!!",0
не какие пробки не какие столкновения и без аварий,0
"настоящая проблема в человекоподобных,которые не могут решить кому помогать нужнее !",0
"и на детей охотятся те,которым с детства не привита любовь к животным....по этому и милости у таких нет!!",0
погиб человек по твоей вине тюрьма и ни каких сомнений.,0
"спасибо,значит она у меня есть,простите мою невнимательность !",0
моль это точно запросити лариса уголовное дело 144248 и все поймете.,0
"ну это хотят показать не то что в республике есть, а какой техникой отбивались солдаты той войны.",0
"возмите те же музеи, там так же увидим не то что есть в пмр, а только то чем воевали солдаты.",0
"я поняла ваше желание увидеть, то что не возможно в преднестровье.",0
ну я бы сказал что не только ссср но и до нынешнего времени некоторые фермеры их успешно эксплатируют,0
пора вызывать психушку и в больницу за уколами.,0
"у меня тоже 4 детей самому старшему 12 лет но я исправляюсь, за то без них не скучно, мне с ними весело, особенно дочке 4 года будет, я начинаю чтоб нибудь делать и она все за мной повторяет",0
"с югов заразу вагонами прут, врят-ли что-то откроют, вирус снова вверх пополз",0
я приобрела семена у владимира ивановича в 2019 году.,0
помидоры вашей селекции очень вкусные,0
она духом сильная была и мужчину такого же искала!!!,0
"другая бы махнула рукой лишь бы замуж , а у этой особый выбор!",0
конечно хороший !.вот только для кого !,0
"здравствуйте девочки, подскажите сколько сейчас получают по потере кормильца?",0
"у меня на всех окнах сетка , проблем нет , окна настежь открыты и свет включён .",0
"в которой говорится правда ,что творится в россии.",0
"в новошахтинске тоже так сверкало, на соседней улице так разряд бабахнул, аж с кресла подскочила",0
"цены снижал сталин почти сразу после войны ,а за 20 лет правления современных правителей я регулярно узнаю о повышении цен на все ну и газ в том числе ведь его продают во все страны ,а россиянам дороже всех.",0
"если резко наклониться,голова закружится.постепенно наклониться и постепенно встать.а так здорово,легко выполняется..",0
а у меня к вам вопрос: откуда у вас такая инфа???,0
вот в феврале - марте 2021 года и можно будет обсудить если стабильно будет выступать.,0
"да конечно же хороший поступок, сейчас очень редко таких добрых людей можно встретить!",0
"это, наверное, большое счастье - жить, как кошка с собакой.",0
"я не пинсионер, но чтобы записать на прием к врачу я вспомнила всех богов всех народностей земли, но так и ни разу не смогла попасть по электронке на прием!",0
хозяин я тебя сейчас спасу потерпи немножко,0
"хотелось,чтобы всем доступно было на такую красоту посмотреть!природа моей любимой башкирии великолепна и очень очаровывает!очень жаль,что всё это переводят на деньги!",0
"я тоже сейчас делаю вмиг, и сама чувствую когда пора ставить, чтобы остановить ухудшение",0
"меня интересовала судьба этого артиста как актёра кино, он играл роли второго плана, но запоминался",0
"парням в голубых беретах честь и хвала, с праздником, за вдв.",0
"я и так редко читаю здешних богинь, знающих как надо все делать правильно.",0
"человек это тоже животное, которое возомнило себя венцом творения природы.",0
уважаемые односельчане прошу помочь в сборе денег на ремонт столовой.,0
в планах в середине августа приступить к началу ремонта!!!,0
"прошу распростронить информацию в воцапе есть группа новомихайловка,кто хочет может присоединится.",0
могу добавить пишите на номер 87018555526,0
"так хочется снова очутиться в московском кремле , походить там , все посмотреть, там так здорово - это достояние россии.",0
вторая ели видна но это нормально у меня тоже так было и двойню родила мальчика и девочку удачи и здоровья маме и малышу,0
"земснаряд «gravel» 160 — плавучий, несамоходный, дизельный, палубного типа.",0
сперва сами всё изгадите а потом жалуетесь,0
"может соседи , могут дополнительную информацию о ворах?",0
"талант,большой молодец,спасибо за красоту👍👏👏👏",0
"когда подписана так фотка, а это многие фото подобным способом подписывают, то и правда её хочется ставить лайки",0
"коня к амбару, книгу со свечой -у озера",0
главное чтобы потом от топки не разваливалась!,0
"я думаю это дополнительный заработок, а что прогулялся с плакатиком погода хорошая.😃",0
у хороших идей всегда найдутся помощники.,0
"водила смотрю одевает милицейскую фуражку и мне так приветливо в лобовое стекло помахал рукой,мол спасибо тебе,брат!!!",0
умничка дай бог тебе здоровья и береги маму,0
не чего брать с бирже не надо они сами заявку в соцзащите сделают только нужно сказать что вы там стоите,0
тем временем в анапе в америке полиция просит прощения у негров,0
"в копилке народных рецептов имеются рецепты на основе лаврового листа, которые спасают человека от отечности.",0
"экстракт растения обладает очищающими качествами, которые способствуют эффективному освобождению организма от вредоносных компонентов, ядохимикатов и зашлакованности.",0
лавровый лист при сахарном диабете показан в качестве сопутствующего лечения.,0
наряду с медикаментозными препаратами рекомендовано включать в меню больного человека приправу.,0
"какже вы хотите разрушить и белоруссию,но увы вам это не под силу",0
"напиши мне в личку,а там видно будет возможность и отношения",0
"я бы тоже отдала .свою беду ,чужой не прикроешь.",0
"спасибо,людиа может кошечка нужна(дачная,троих уже пристроила очень хорошо)она оч оч хорошая,позитивная мурлыка,той жемасти,что и лея!!",0
"как вас туда взяли на работу,не судите людей по одежде",0
доброе утро помощи и защиты вам богородиць пресвятой,0
"милое видео конечно, но перед тем как он добрался до магазина и прилавка, он покакал, пописил, по окуркам и плевкам дорожным пробежался.",0
я смогла посмотреть на наше прошлое реальным взглядом.,0
"какая милая бабуленька, улыбается, душа светлая и ручки золотые!",0
от таких бунтов экономика страны и региона падает,0
"вылет в 06.15 по вторникам,средам,четвергам и субботам",0
"нет я в августе пока не смогу его купить, чуть позже, спасибо",0
добрый день со скольки до скольки работа?,0
"друзья мои верные, выручайте в трудном деле!",0
для того чтобы задачу непростую выполнить нужна мне вещь редкая.,0
"зарядка вроде обычная, а вот где взять такую карту?",0
ну так давно известно же что с точки зрения банальной эрудиции каждый индивидум может игнорировать тенденции монополистических абстракций,0
"друг делится энергией, принимаю, но, как было своей 100, так и осталось.",0
после этой экстрадиции все белорусы с россии поедут копать картошку на родину за одно прихватив с собой креветки и ананасы.,0
и можно после этого ставить крест над политической карьерой лукашенко!!!!,0
лучше всего пользуйтесь бумажными полотенцами кухонные полотенца уже история,0
"кто работает с детьми, о добровольности речи нет, учитель отказался от вакцинации - директор получил втык.",0
отдам копьё и ножик для охотницы за жемчугом,0
"молодцы, детишки и взрослые, которые всё это организовали!!",0
"я пацаном обедал в столовых, где ещё были официантки, именно в простых столовых.",0
пусть теперь поют свой гимн !,0
особенный идеальный не значит идеальный всегда а не ты моя счастье любовь ты ое рооно пусть рядом он или на дальнем расстоянии ты человека чувствусшь душой,0
в журнале винтаж за 2014 г. выставлены их работы.,0
где мои семнадцать лет... в своё время шила себе такие же... из того номера за 2014 год очень много отшила себе.,0
особенно люблю платье с ластовицей в рукаве и пышной юбкой.,0
хабаровчанам уважение за отстаивание их гражданской позиции.,0
"с трудом прошлым летом удалось пробиться, чтобы монетку бросить.",0
мода была другой... туристы оставили... год перепутали 1987... замков на ширинке тогда не было точно!,0
"держись, ты красивая и сильная, у тебя будет все замечательно!!",0
дпсо лиза алерт не разглашает данную информацию!,0
я сюда масла лью2 стакана и пачку приправы для моркови по корейски и 2 головки чеснока,0
"настенька,дай бог тебе здоровья и сил преодолеть все трудности на пути к своей мечте",0
"вспомнила очень многих, доброе время было!!",0
мы молемся своему богу а еврейская библия пусть им и остается,0
"ножной привод, рабочая, требуется замена ремня.",0
"я делаю тёплый салат в духовке, целиком запекать кабачки, баклажаны, перец, помидоры, нарезать кусочками, заправить растительным маслом, зелень, чеснок, можно лук мелко нарезанный",0
олеся здравствуйте посылочку получила туфли хорошо такие легкие удобные подошли очень сегодня на работу босоножках пришла красота в огромное спасибо вам о ч,0
"господи иисусу христе,помилуй меня грешную!!",0
однолетние кусты столько ягод не дадут.,0
видимо снесли ведра с ягодами со всего дачного поселка.,0
доброго утра дня хорошего отличного и настроениял,0
в прошлом году в новом афоне поели.,0
"спасибо вам ольга за то что я через вас узнала это стихотворение ,а когда мне нравится стих мне всегда хочется знать кто автор!",0
а вы думаете женщина может справиться с мужиком 60 лет?,0
но начинать надо с кремля думы и чиновников.,0
"они вышли потому что граждане своей страны, а не просто население.",0
"перевела 100р.на карту,пока побольше не получается.",0
"ни запаха, ни вкуса после такого кипячения👎",0
"размер и цена спортивный костюм адидас,черно-розовый?",0
​​4 сектора от ветеринаров ушли нашими заботами---оба новиковых++хитрый лис++белый волк --около нащево волф лоне,0
не в этом спорте с таким противовесом бегать,0
"кнопки и катушки пускателей питаешь 24в, сам двигатель на 380в.",0
"тоесть силовая часть на 380в, а вторичная цепь на 24в",0
"здоровья, долгих лет жизни, внимание близких и родных.",0
"а то сидеть в интернете и горланить мастеров много, вы лично, что сделали,или делаете чтоб изменить ситуацию???",0
это уникальная ворона .в нашем парке вороны вытаскивают из урн пакеты с остатками еды после пикников .видела это сама .,0
у нас на кубани нету такой ягоды....спасибо.,0
"на расстояние два метра к нему меньше чем майора не поставят,не то что бы простого смертного",0
в магазине 9 от горпо урал делают на заказ 650-700 руб за кг,0
"записьнужна мне помощь да поддержка дружеская, не хватает в хозяйстве вещи малой для дела важного.",0
"причем уже дважды на вопрос что же там,ответ был один вам пока этого не надо .",0
"облако или туман,общались мысленно,без эмоции,монотоннои речью очень спешили вернуться,были слова,что отпустили на минуты",0
"а им похрен,что детей до 3х надо и в садик тоже собрать.там не тысяча и не 2.а больше 10 выйдет.цены то бешеные.наверное для них до 3х это не дети.прям обидно будет",0
"долголетия,счастья вам и вашим семьям,удачи и праздничного настроения!",0
в сибири испокон веков наказывали сами_ поэтому и преступность здесь не росла.,0
а вот когда силовым методом изменили_ получаем результат.,0
"испытываю трепет и радость , как будто всё родное и дорогое сердцу и душе !",0
"смотрела с интересом, но последняя фраза испортила все видео.",0
"вода называется вода, потому что она водянистая",0
валера живет в ст.георгиевской георгиевского района,0
"вам на какие даты нужно, вылет можно посмотреть из разных городов",0
права выбора вас лишили депутаты славгородского городского собрания.,0
"нужны те, кто безусловно поддержат партию единая россия.",0
даже если это идет вразрез с вашими желаниями.,0
"поближе фото этого листа сделайте,что зря растение травить.и будет ясно.",0
"я думаю дело не в деньгах, просто шугнулся он василия.",0
"да бесплатно,в плавске на октябрьской,звоните договоримся 89531880331.",0
приобрела такую красоту помогите определить сорт.это фото продавца,0
"посмотрела открытие олимпийских игр, очень жаль что заглушают своим разговором двое комментаторов, ту прекрасную атмосферу олимпиады.",0
"не слышно было музыкального оформления , когда танцуют коллективы и валентину михайловну леонтьеву.",0
я всегда сердцевину удаляю и кабачки очищаю.,0
"скорее это боксерчик.милашка.дай бог тебе,малыш,хорошего и любящего хозяина)",0
у меня образец получился 24п на 40 рядов всетаки,0
"здравствуйте, нет на среду не будет, заказы есть",0
куплю небольшой холодильник или морозильник за умеренную цену.,0
"песни татьяны снежиной трогают до слёз, до мурашек... она необыкновенная!!!",0
царствие небесное талантливой и неповторимой танечка!!,0
классно кажется так все легко а как начнёшь готовить столько нервов надо еще получится или нет 😩,0
"любимчики!и наш так спит,залазиет куда хочет",0
"в конце 1970-х и начале 80-х, командиром бригады в 55584 был полковник в.чертков.",0
"потом он пошел стремительно вверх - командующий пво югв, а потом начальником академии пво россии в смоленске, генерал-полковник.",0
"привет всем!ребята,как на счет 15 августа?очень хочется со всеми увидеться!💋",0
у моей мамы тоже была такая прялка,0
заказ примите улыбкой оплата доброе утро,0
роза сколько соток у тебя участок?,0
"у тебя и фрукты и овощи , и теплица помещается, и цветочков немало...очень здорово, но работы тоже много",0
нужны подвеска или ожерелье запрос активен,0
"если найдём один за два года, то счастья немерено",0
наверное валуёв все мозги выросли в боксе,0
"до сих пор не пойму, за что погибал цвет нашей россии.",0
"ты умница, талант дай бог тебе здоровь и удачи!!!!",0
"такая она - животрепещущая : арест блогера... человека, который старался, как можно, ярче осветить проходившие , в городе, митинги... а вы ?",0
вы оскорбляете сами себя и переходите на личности !,0
"тогда, милости просим ... в другом месте , пожалуйста !",0
"это - унижает и оскорбляет достоинство тех смелых и решительных людей, митингующих уже не одну (!)",0
"неделю , в борьбе за звание - человеком зваться !",0
пусть у народа будет возможность высказать своё решительное - нет !,0
"никогда не пойму ведь знает, что опасно, знает что может навредить другим, но нет, все равно сбегает ...",0
"?простым смертным за пару тысяч реальный срок,а властным небожителям условно!",0
"а если я краснодарском крае, сюда не отправляете?",0
"не знаю новый адрес узнаю только в следующий выходной .пока узнала про мед комиссию и обувку полк , втб карту всё ок остальное в следующий выходной",0
"от такой красоты, на душе становится лучисто.",0
"каунас 108 полк 1966 68 год саперная рота , класс",0
"это хорошая девочка, пока не знаешь какие они песни поют по утру",0
чтобы настоящему туристу быть в восторге ему достаточно быть в походе.,0
"я проходила мимо дерева с айвой, такой аромат стоит, на всю улицу.",0
вообще-то в эмиратах всего два города если у нас была москва и питер,0
"почти как у нас только 4 сына а дочку уже поздно , будем внучек ждать",0
на такое колличество участников не один приз нужно вручать,0
"земля ему пухом.😢 хороший, добрый был человек.",0
чтобы закрепить результат на долгое время..,0
группа регламента 83301 р первое отделение командир гидирим.,0
букет лимон и мята с чабрецом традиционный с бергамотом,0
"дорый день.скажите пажалуста мне нужен в кухню потолок натяжной.4 на 2,6 и один выход под люстру..скажите сколько будет стоить.потолок белый хочу.",0
"конечно целует,столько чёрной икры приплыло😂",0
"алексей, тут все девушки пишут, что хотят серьёзные отношения,а сами молчат.",0
"в таком доме, живёт любовь и счастье!!",0
красотка очаровашка прекрасная певица очень очень любим вас,0
"оксана посмотрела твое видео,красота,все то и все в тему,мне очень понравилось!!",0
разваливают все.как дети и внуки будут жить?,0
"есть мнение,что так инопланетяне нашу воду качают",0
"малыш родился, это радость и счастье для родителей!",0
"американцев, за ловлю американского осетра и фотосессию, не сажают.",0
"за возможность поймать и отпустить, они платят деньги",0
до стэлы на этой площади был прекрасный сиреневый сквер?,0
"абу-л-гази, потомок чингиз-хана, сын араб-мухаммед-хана, происходит из рода шейбана, 5 из поколения узбеков.",0
"будущий хивинский хан и историк родился в стольном городе своего отца — в ургенче, в пятницу, 12 августа 1603 г.",0
"канули в лету те времена, когда водоемы были читыми",0
"поставила склад, а как туда перемещать вещи и товар не знаю.",0
"красиво:жизнь состоит в дарении.от немногих-многим.от тех,кто знает и имеет,-тем,кто не знает и не имеет",0
"не всегда тот, кто умничает, говорит до конца правдиво.",0
"лукавит генерал, про расходы пенсионеров промолчал",0
деньги закладывать для пенсионеров в общий бюджет первой строкой нет в бюджете средств значит и чиновникам тоже нет,0
сколько будет стоить кружка .страна для жизни,0
"🙏🙏🙏отдельное спасибо семье, которая вернула нашего малыша домой!!",0
друзья настоящие... подарили мужику нехватаюшую деталь.,0
"но не единственный в своём роде, у дмитрия тоже не плохой.",0
а вы уже в июле получали вам сейчас ток за август пришло,0
а я вообще под кроватью-не хотелось беспокоить ребенка после операции,0
"да не гордыня, а просто страх увидеть друг друга.",0
"добрый день наталья, вопрос поездка на бахчу цена 2.500-300₽ с чем связана такая разница",0
"когда-то на том месте,где сейчас находиться садик , ,росла картошка семьи кульковых.",0
а наш четвертый класс шел мимо этого огорода еще в старую школу.,0
"у меня кажется именно такой,как на фото.мудрый,очень терпеливый и с большим чувством юмора.что бы не случилось,шепчет,держись.обожаю его.",0
"вставай страна огромная, вставай на смертный бой!!!!",0
такой вещи простой в хозяйстве не оказалось!,0
"ужасно и страшно - ребенок в военной форме , мы что к войне готовимся , или я что-то не поняла ?",0
смотреть как живут люди в других странах и строить свою прекрасную страну и прекрасную жизнь людей в ней.,0
"без нищеты, для этого все в нашей огромной богатейшей стране есть.",0
"надеюсь, что все-таки, в ближайшее время россия станет государством которое будет действовать во имя народа, во благо народа и от имени народа.",0
идеальный коктейль для жизни авантюризм в пофигизм капля альтруизм эгоизма смешать взболтать тут же выпить,0
"это счастье, когда видишь бабушку с внуком.",0
я сама бабушка и приятно смотреть на это фото.,0
добрый вечер!.вы вообще то читаете просьбы игроков?,0
"что вы можете сказать по поводу того, что флеш плеер прекратит обслуживание в декабре?",0
"если конечно сможем вообще играть...игра стала коммерческая: акции на пополнение через день, других практически не осталось.на самом деле это уже становится не интересно.",0
"ведь все же видят,что как то ненормально все выглядит,игровая валюта уже не котируется,постоянные распродажи и акции,непроходимые дебри площадей.удивительное упорство с вашей стороны.",0
книгу со свечой у кресла положу и по вечерам читать буду со свечой,0
женщин злить нельзя - 33 богатыря не справятся!👍,0
он стоит 500 р тогда если стоит 500р то продайти мне,0
у вас номер телефона указан верно?осталось ещё суп набор,0
"раньше врагов народа расстреливали , а сейчас они глумятся над народом.всю жизнь рабочий класс был в почёте, а сейчас одни торгаши я за грудинина, платошкина",0
фото супер очень тёплое и приятное,0
самое лучшее что было в нашем детстве это фильмы- сказки открывалось окошко разрисованное яркими рисунками и таинственным голосом актриса вроде зуева.,0
очень грустно что наши внуки не видят такие замечательные фильмы роу.,0
"скажите,а скидка 40% на муж.туалетную воду действует если мой заказ будет от 1000р или от общего заказа?",0
добра не делаю уже много лет потому как после того как сделаю добро получаю только нож в спину хотя не то что требую а просто не прошу даже спасибо в ответ.,0
я же эту репку сказал буду один я тянуть,0
"если говорите что не нравится человек, дак и скажите почему, так решили",0
они бы лучше цены скорректировали на свои курорты.,0
"порой думаю что дешевле было бы слетать в какую-нибудь турцию, вместо того чтобы доехать до ближайших соленых озер",0
конституция придумана раньше чем ты выводы для себя сделал,0
"есть у вас красная смородина и цена,черная и крупная малина цена",0
"фото где киса лежит на полу , глаза у нее на человеческие похожи.",0
и зачем так разбиваться ради всех любимых?,0
"на машине , подьехал-купили, рядом в магазине- позвонили , подошли , принесли... все равно ваш подвиг никто не оценит, берегите себя!",0
"да))) справа муж, слева кот ... и такая спортивная посередине))))",0
и родителей пускали на территорию лагеря и детей отпускали на всё время до отъезда родителей.,0
"вороны никому не дают спать- закройте мусорные баки хотя бы сетками , натянув их на квадратные деревянные бруски.укрепите над баками.",0
давно люди придумали хотя бы так закрывать мусорные баки.,0
а то вороны мусорят и живут на крышах домов... а так переселяться из города.,0
1августа 2020года ушла из жизни соколова мария денисовна вечная память,0
"это понятно, просто сначала кажется, что собака",0
что никак нельзя вход в игру сделать,0
да и любая ночная смена в любом отделении будет в этом участвовать!!,0
талантливый настолько что его последний фильм имеет 2.7 из 10,0
а может лучше комбайны и трактора выпускать и сельское хозяйство восстановить как было.,0
"грусть и воспоминания, тряхнули мою душу и сердце!!!",0
"слушая эту песню, я по настоящему взглянул на жизнь.",0
"анатолий, ты творишь прекрасные чудеса своим творчеством!!!",0
давая хорошее настроение и задуматься о правильном!!,0
"очень понравилось зелёное, лайм, внутри сливочное в лаймовом соке",0
да и не стоит открывать кому то душу....не любит наш народ сквозняк...,0
"очень хороший стих!просто замечательный!спасибо,вам большое,за ваш талант!удачи в творчестве!♥♥♥♥",0
у меня вторая беременность мальчик все лицо в пигментных пятнах с первым сыном так же было,0
светлая память...вечный покой...земля ему пухом...,0
это все счастье достаток удача добро мир здоровье любовь вам,0
"завтра начну верить😂😂😂, а то сегодня спать пора",0
"на таком автобусе я работал, но с такой надписью таких автобусов небыло.",0
отдам декаративную белую крысу вместе с клеткой ребёнку за вкусняшки.,0
"очень жаль, семья погибла,дети, печально.",0
"хотя конечно и этот способ, для кого то, может иметь свое место существовать!?",0
"я конечно не в курсе что там у вас происходит, но иногда корова уходит, а хозяева ее ищут просто не могут найти",0
кто знает чтобы продлить гсп надо собирать справки и идти в собез или всё автоматом продлевается?,0
эта сирень слушала плач ребенка .видела как зарождалась любовь .видела встречи и разлуки.помнит руки посадившие .цветет.,0
"добрый вечер, ставила класс на лошадь, но подарков не получила",0
"6 - пепеляева наталья, 7- лузина галина, 8 - силина любовь, 9- дедова елена",0
"с 10 ухожу в отпуск ,калитку на замок , и буду сидеть дома ,прогенералю всё в доме , дел много , может начнут спеть помидоры , буду заниматься заготовками, дома работы много.",0
"умнички,что приютили,ура,целую просто света",0
"я всегда говорила, что они самые умные от природы!",0
гнать уже всех надо за периметор работать как все люди работают,0
"как соблюдаете, хранить в сухом месте по - новому???",0
"это наши родители, это великая отечественная война.",0
это люди которые под руководством сталина победили фашизм.,0
я не уверен что люди будут так же бороться за жизнь при нынешнем руководстве.,0
чувствуется запах леса слегка влажный и дурманящий.красота то какая!!,0
"сказать трудно мне что фёдор проиграет бой, а то что он старый саня или фёдор старый это бой старый молодой тем более они не просто люди а бойцы на высоком уровне и один удар может решить все.",0
"уточните какой курс лечения, год или два месяца.",0
"а с двумя детьми , это вообще , я не знаю как выразиться !",0
не уж-то в ютубе нет этого мудрого человека?,0
"точно так же есть фильмы о пограничниках, о танкистах.",0
"про концерты сказать не могу, не смотрю я такие мероприятия, часто по тв концерты в честь кого то идут.",0
вот этими своими гуляньями неадекватными они вызывают негатив.,0
"один фотки прислал, 2 числа в семьей на шашлыках, второй с мужем моим на рыбалку свалили.",0
"остальные не знаю, может и покатались по городу с флагом на машине.",0
а интересно откуда известно что подошли двое забрали телефон и ушли ?,0
девочки а если мне полы заливали я заказывла камазы песок щебёнку.мне от руки написали сколько чего цена и печать.пройдет?,0
в ваших рассуждениях даже нечего особо понимать.,0
"лукашенко на своих первых выборах точно так же, как светлана тихановская, вёл предвыборную агитацию и тратил на это деньги.",0
"но была и есть одна существенная разница: соперниками лукашенко были относительно порядочные люди, которые не применяли репрессий ни к самому лукашенко, ни к его сторонникам.",0
лукашенко же ведёт борьбу подлыми средствами.,0
бабуля с днём раждения здоровье на долгие годы,0
"любимая женщина любима всегда и во все времена , если даже она катастрофа ходячая .",0
хорошо провести время пиши в лс буду ждать,0
"ну не все могут пойти на стройку, и на какой завод так можно свободно прийти на работу?",0
есть люди которые работают за копейки.,0
"люди хотят жить, работать, а не выживать",0
я это так и поняла поэтому и спросила.скоро они в германию переедут,0
"пикули,паштет,пармезан,портвейн и пончики 😜",0
да конторы практически все одно и тоже парни ищите по душе,0
тысячи ребят погибли в афгане и чечне.,0
наверно будем ждать до скончания века.,0
там тишина и благодать отдыхаешь душой птички поют на все голоса.,0
"трактор 100р.р., сенокоска 10т.р, грабли-12 т.р., волокуша3 т.р.",0
"то же самое и у меня, чародей не хочет работать",0
спасибо вам за ваши работы и участие в работе группы!,0
"кожа- условно, дематин -сорт искусственной кожы.",0
"девочки а за август по 10т будут с 3 до 16 или нет,все по разному говорят",0
"но если бы это были не дисантники, то дубинки пошли бы вход!",0
"если вы будете экспериментировать на себе , от вас ничего не останется.",0
"дарвина 2 2й этаж ,с 1.08.2020 по 17.08.2020 скидка 40 %.1ое фото размер :2,32 цена 74 790 р.-40 %=44 874 р.",0
"господи, спаси, сохрани и вразуми, отведи от зла наших детей.",0
пять лет роста экономики сша испарились за несколько месяцев.,0
бюро экономического анализа сша отчиталось о рекордном падении американской экономики во втором квартале — почти на 33% в пересчете на годовые темпы.,0
спад перечеркнул весь экономический рост с 2015 года,0
"малыш, пусть у тебя все будет хорошо.",0
а попробуйте ещё когда заглохнет снять мозги и проверить их на нагрев может быть греются?,0
"у меня есть подруга, приходя в гости вторую чашку чая встает и идёт сама себе наливать...на моей кухне это грех!",0
"нет не признаю, если студент доносит ошибки, работы дорабатываются и работы проходят!",0
дальше диалог с вами вести не намерена!,0
"скажите ей это при встрече, зачем сюда писать!",0
"девочки, подскажите ссылочку где почитать про отлучение плавное, нам 1 год 2 месяца",0
"обычно на карантине держат новую птицу около двух недель, наблюдают за ее здоровьем и т.д и т.п",0
"камышане тож как пермяки умеют спасать тонущих .. живой цепь .. :-) правда, набережная у нас поменьше .. людей понадобилось меньше.",0
такая маленькая взрослому не под силу как жаль тебя девочка,0
и не только на главной улице сухие деревья.,0
"и надо производить не только спил деревьев,но и обрезку деревьев повсюду.",0
"друзья мои верные, выручайте в трудном деле!",0
для того чтобы задачу непростую выполнить нужна мне вещь редкая.,0
"условие уже озвучил - моя подпись, денег не надо!",0
"значит, у лукошенко есть шанс не быть повешенным, раз народ шутит.",0
"записывали песни, секретики разные и подальше прятали от любопытных глаз!!",0
всего самого доброго на многие лета!,0
"скажите пожалуйста, мужская обувь с какого размера у вас?",0
станислав бондаренко очень талантливый и перспективный актер.все фильмы с его участием хочется смотреть.,0
"нет ничего вкуснее горячей картошечки в мундире , да с хорошей селедочкой, да под сто грамм холодненькой водочки !",0
если такой умный-почему еще на диване.или с него все отчетливо видно?,0
"куда мог деться человек с корабля,замкнутое пространство?",0
а их очень много и глаза у всех разные.,0
не надо искать во всем только плохое.,0
"когда сталин умер, на сколь я знаю из личного одежды у него было всего два френча, про обувь сказать не могу, а из накоплений за 30 лет у него было, всего две тысячи рублей.",0
"если замужем и есть дети это не реально и если случиться момент когда ты не нужна, попахивает опасностью, пусть лучше дергают.",0
я мелоежка покупала у вас мел алёнка вкуснющий хочу попробовать глину вышлите фото как она выглядит благодарю за ранее,0
"я и караулил через день на ремень, и коком 4 месяца тащился годком уже когда был.",0
"в караулах каждый поворот тропы до сих пор помню, хотя сейчас уже поменялось многое.",0
"дай бог здоровья и терпения этому замечательному актеру ,который отдаёт свои гонорары на лечение больных детей!",0
"первый раз вижу такую прелесть, куда попали мои люпинны🙏💞💞",0
"тогда молодая была, психовала, что иногда приходилось поухаживать за коровкой малинкой, как сейчас помню, а сейчас даже горжусь",0
эти детки уже наверное в школу пошли.всем здоровья.,0
"ну сказали же что дума на каникулах, вот как явятся отдохнувшие к 1сентября так и будут придумывать как помочь бедным больным детям , и надо ли...?",0
"не долила воды, поэтому первое получилось суховатым.",0
я масло вынимаю из морозилки и натираю его на терке смешивая с мукой.,0
крошка получается очень рассыпчатая.на 500 г творога беру 200 г сахара и 200 кладу в тесто.,0
для этого кол-ва творога мне надо 3 стакана муки.,0
помочь нам может только один господь бог!,0
"если бы все люди встали на колени и покаялись перед ним, в один миг господь всё бы изменил.",0
"к сожалению нет у русского народа покаяния, вот и попускает нам господь всё это за наши грехи.",0
"жаль, что с красавиц-путешественниц вылетает либо заявка, либо витаминный корм, а нужно и то и другое.",0
да и время между сбором довольно продолжительное.,0
"приходится использовать самоцветы, иначе не выполнить квест.",0
олег ефремов был прекрасным артистом и человеком порядочным.,0
"если есть хоть один на миллион такой смельчак, то не зря наши предки отвоевывали земли руси!",0
"да зачем грузить заведомую ложь, ещё раз спрашиваю-какие автоматы от шойгу в93году?",0
должны были сказать когда нужно,0
нужно продемонстрировать видео как вы протираете щуп выбирая данный продукт и прокалываете его норма 60 мг.,0
если же вода станет насыщенно красной .таким арбузом можно отравиться,0
"наркотики они искали, таких грибников, как вам встретились полно у нас в лесу, местные гоняют целыми днями",0
"очень радует, то, что ещё есть разумные люди, вроде вас.",0
вы если говорите ловила на враньё то приводите пример .,0
"сорт графиня, к сожалению серьёзно заболел, подлежит удалению, но кто занимается разведением абрикосов в нашем регионе, собирают лучше урожаи, чем у меня",0
значит есть граждане и они все в списке форбс.,0
"и не успела я войти в трамвай, как услышала в свой адрес реплику.",0
"приехав в канев., без брата вообще ходить одной было бесполезно.",0
"ибо все , на рынках, в магазинах отворачивались от тебя, игнорируя и не отвечая на твои вопросы и просьбы.",0
я просто была поражена таким отношением к русским.,0
"в 1990 году, осенью, я побывала в закарпатье.",0
шарп у меня есть -отлично работает --я в питере,0
"просто жалко, городок маленький, хочется, чтобы было красиво, но благодаря деткам, так и будем смотреть на обломки😟",0
скорее в связи с невыплатой заработной платы за апрель месяц шахтам,0
остались снасти и воспоминания живу не в том регионе но тоже рыбалка классная другие реки и рыба мир прекрасен,0
"мунтян людмила владимировна +7 919 593-69-45, медлайн мы к ней ходили, проблема у ребенка та же",0
"здравствуйте заливать молоком через сутки пить,очень полезный",0
"подскажите, пожалуйста, когда отправка заказа парфюма?",0
да если бы это помогло все давно были здоровы.,0
будем только святым духом питатся и жить в шалашах.!!,0
"с днём рождения, ты молодец у тебя всё будет хорошо",0
"в какой-то мере это повторение техники немецкого художника юккера, который рисует гвоздями, правда, без ниток...",0
"вот несколько раз писала и убирала свои комментарии, только из за одного высказывания, вот все равно, если есть бочка мёда, всегда найдётся ложка дёгтя.",0
никуда не делось))) только благоустроенно всё🤷‍♀️,0
"короткое содержание статей: «все будет хорошо, кроме лечения больных».",0
эта оптимизация не в пользу больниц и больных посетителя прямо при входе встречает стенд с надписью «прейскурант».,0
"полистав убеждаешься, что расписана стоимость каждой процедуры, а не только первичного и повторного приемов в чем разница между автономным и бюджетным учреждением?",0
учредитель бюджетной организации несет субсидиарную ответственность по всем обязательствам при недостаточности финансирования бюджетного учреждения.,0
"учредитель автономного учреждения не несет ответственности за долги автономной организации, но доходы поступают на счета автономного учреждения",0
хитро придумано гвоздики из китая дишманские и быстро ломаются:),0
73й( а во время вов 1й ) гвардейский ордена суворова севастопольльский мотострелковый полк!,0
"у меня была двойная и старшей 2,5 года, все выросли, чего и вам желаю",0
йода конечно сюда ещё пиво нужно 👍👍👍👍👍,0
"прекрасное исполнение песни - глубокой, душещипательной!",0
очень хорошо он талантливый и хороший человек он мне напоминает ведущую валентину которая вела передачу от всей души,0
судить надо за выкладывание таких роликов в интернет.,0
"думаю, что эта женщина просто не написала заявление в полицию, а просто лукавит, а без заявления его никто держать просто так в полиции не будет",0
"наш сыночек уже 9 лет не с нами, но любовь она вечна, и он с нами в сердцах наших",0
говорите да что вы столе я танцевала в на трусах да вы рано ушли,0
как то проходила мимо учереждения где дают пособие по безработицы.,0
безработные в основном на мерсах туда подъезжают.,0
"контейнеровоз самого высокого, седьмого ледового класса норникель стоит 8,5 млрд.",0
"сколько-же стоит каждый из 55-ти построенных, заложенных и запроектированных газгольдерных ледоколов для вывоза газа с ямала.",0
"хирург не выходит в 65,у медиков идет льготный стаж",0
меня занесло на север в глухое село мыльджино.,0
"сюда можно добраться или на лодке, или на вертолете.",0
"живут в огороде, приходят на ужин трое.",0
"вот так же и в крыму ехал, песни пел, и погубил 8чел!",0
а сарафаны на старших классов для девочек есть,0
"сергей, прошу прощения, но твои посты каким боком к лввпу относятся?",0
такие высказывания говорят о уровне интеллекта комментатора.,0
я ничего а вот вся страна была в долгах он нас поднял нас стали уважать и ценить!,0
"талантливого писателя, доброго и хорошего человека поздравляю с днём рождения.",0
"спасибо дворик,за душевную ласку и теплоту!",0
биатлон--один из любимых видов спорта.,0
человек работал в меру своих способностей и ума.,0
мой дед отдавал половину зарплаты за бумажку займом называлась.,0
иярегез тугел конечно ирегез монда просто кайчак хэрефлэре проскакивают.,0
"на казачке, как свернуть на право там кострище и она рядом в кумтах",0
смешно отказываешься о народе который тебя имел и имеет,0
женился или за муж чтоб вышли наши дети.,0
но все ровно какая она не была бы спасибо за мужа ей .,0
ищу свиток мишке мудрецу запрос стоит,0
добро пожаловать месяц август о елена леготина будь пожалуйста тёплым и солнечным,0
мы тоже планируем на месте огорода на даче сделать газон...интересует этот вопрос.,0
есть белая смородина и черной осталось еще немного примерно на два литра,0
"во франции, например, люди идут, а их из водомёта.",0
в сша полиция даже при малейшем намёке на сопротивление стреляет на поражение.,0
"полицейские застрелили бомжа-француза инвалида,когда тот всего лишь приподнял руку от земли, просил о помощи.",0
"20 лет тому... сейчас вместо части жилые дома, а часть в 50-тке",0
"кошечка жила на героев 33, видимо выпала и стала не нужна, очень славная, ласковая сразу пошла кр мнп на ручки, и ловить не пришлось!",0
пенсия пришла кому- нибудь по почте?,0
а насчёт бесплатного просто сравни зарплаты в ссср и сша.,0
и поймёшь что государство просто 90% заработанных тобой денег оставляло себе что бы потом тебе «бесплатно» за твои деньги чего-то там дать.,0
но в связи с отсутствием мозгов даже не понял этого.,0
"здравствуйте,сколько будет стоить разблокировать телефон",0
"не так, чтобы его постоянное место была кухня, но было бы замечательно иногда готовить обед или ужин по мере необходимости.",0
ты этот способ проверил у себя в саду и огороде?,0
"сколько стран хочется повидать.... а то : я все испробывал, а вам и так хорошо:-)﻿",0
"ну конечно в этой цифре - не все участники группы, но большинство... вот такая цена!",0
- обещаниям курировать животное при поступлении в приют.,0
уже стемнеет бедный парень где будет ночиват?,0
"девочки добрый день,одобрили 2-ого августа,когда ждать выплаты?заранее спасибо.",0
слава отцу и сыну и святому духу ныне и присно и во веки веков !,0
сколько тумба стоит фото покажи,0
скажите сколько будет стоить печка с одним кружком.,0
"то что будет твориться после сфабрикованых выборов в белорусии будет страшно, путин уже сейчас сажает всех ему не угодных ,вот такой у нас жалкий правитель.",0
"мрт первым делом, если болит постоянно и уже давно.",0
"а так обезболивать смысла нет, надо лечить причину, а не последствия.",0
"из относительно безопасных средств - разогревающие мази финалгон, апизартрон и т.д.",0
"в том то и дело, что я не подруга и историю знаю со слов ее детей, рассказали по секрету.",0
"нина, примите дружбу, у вас закрыт профиль, не могу отправить информацию))",0
"на кухне все отлично, но не увидела холодильник 🤷‍♀️",0
"алевтина,какие твои годы,ещё всё впереди(всё может быть)",0
"воровская с целью наживы в свой карман, зачем им о народе то, печься?",0
более 17.участков по россии нефтегазовые месторождения строительство и обустройство,0
проработать можно 10 лет и 40 и минималка справедливой системы нет к вам не пристали,0
второе фото слишком похож на твой глаз,0
"хорошее дело, дай бог, хорошее начнётся с родника!",0
клубнички прошу код на тройную гонку 1 уровень,0
у нас черешня самая дешевая была по 260 рублей.,0
жаль очень у меня лилии 3 сорта не соответствуют,0
труженикам села вообще некогда такими делами заниматся,0
да помню сома получила детский кефир и творожок не было и диатеза у детей все было бесплатно,0
не всем же ехать в москву кто-то и на земле должен работать!,0
вообще то лежала бы но очень быстро и в разных местах!!,0
"в 5 лет делали, я только руки держала, сын даже поплакать не успел.",0
"ребята,это не просто рыбак это по-видимому еще и волшебник при силе и мощи крокодила удержаться в такой лодке просто смешно.",0
пусть ангел тебя оберегает тебя 🙏🙏🙏,0
"да , в пенсионный фонд направляют деньги , мне уже добавили 236 рублей , я рада и довольная хожу",0
"сколько случаев ,после такого хватанья вывих тазабеберного суставов,или ключицы.",0
"в нос , через клизму чай пьёт в который только что мышь опоражнилась.",0
а кто вам дал право в таком тоне общаться с ириной?,0
я просто тоже 20.06 подала через гос.,0
"записаться мне надо было к ним и спросила за одно про заявления, она мне сказала что через гос.",0
действительно город стал одной большой свалкой .,0
"так вот у меня любые не играли, я пробовала ни один раз , а сейчас после просмотра вашего видео , я могу выстраивать по 3 в ряд , поняла суть игры.",0
за один ход я почти прошла этот уровень... чему рада.,0
"одновременно таблетки надо принимать,пользы больше будет.",0
брат себя береги тебя дома мама ждёт,0
оксана поздравляю вас с профессиональным праздником 💋﻿💋﻿💋﻿,0
да в наше время обсолютно всё надо в чёрный список чтобы преждевременно не угодить в могилу.по возможности больше надо уделять внимание натуральной еде домашнего приготовления,0
"здравствуйте, можно взять померить, я завтра на работе, можете зайти, они у меня там на работе, работаю в здании городского поселения в отделе образования",0
"давно не была в москве, а когда его установили?",0
"хорошее напоминание о всех военных временах хх столетия, как это пережили наши деды, родители , ведь времена были очень тяжелыми, но пришли же к миру.",0
"ведь только в единстве , взаимопонимании, взаимоподдержке мы сила.",0
"молодцы девочки здоровья, счастья и благополучия вам и вашему коллективу ну и конечно же вашему музыкальному руководителю.",0
"последний бокал... будем надеяться, что таких бокалов у нас будет ещё много!",0
пусть земля будет пухом этому замечательному человеку и низкий ему поклон.,0
"саду, куда она водит своего ребенка.",0
"пока она сидела дома, обнаружила (не знаю подробностей как), что у неё самой позитивный результат.",0
"какая экономия, к черту салоны красоты.",0
акция собираемся школу ии в от боо до ооо руб чек подарок б обложек ач формата чек от ооо руб подарок б обложек формата ач о тетрадей в линейку при покупке школьного рюкзака подарок б обложек формата ач о тетрадей в линейку,0
"да уж , пусть вернут ворота на место , явно в своё владение утащили !",0
ругань руганью но спать надо дома.,0
я б на вашем месте и писать звонить после этого не стала.,0
"если на то пошло,можно сказать так и в сторону женщины",0
кинотеатр мир и танцплощадка--здесь прошло моё детство до 1964 года.,0
лицей не узнать осень пели а дальше что зима.,0
а почему мало вопросов выдается на день играю один раз в день по чуть чуть а потом пишут не хватает вопросов и переносят на следущий день,0
привет всем аннам я всех очень люблю что же я вам сделал,0
"народ, который всё это лайкает на автомате - вы видели, как нарезана морковка на фото?",0
"давайте, отожмите её, посыпав парой щепоток соли, а я посмеюсь.",0
"вот реально натёртую ещё можно, но за вкус придётся извиняться долго - нарезка очень важна в приготовлении чего бы то ни было корейского.",0
с тёркой - обычной тёркой - будет каша.,0
спасибо.в нужное для меня время попались на глаза эти строки,0
понравилась техника декупаж и роспись по стеклу,0
никто не знает где и когда настигнет это чувство-любовь.,0
да и не всем вообще дано испытать это чувство.,0
"любовь -это счастье, если взаимная и большое несчастье, если не взаимная.",0
в крупивскои стали нет ничего особенного и стволы были разной длины.,0
по моему автор с темой слабо знаком но зато есть о чем поспорить ведь статья то здесь для этого.,0
"ну и шуточки у папаши,аж жутковато от такой фантазии,можно было и помягче,поласковее чтоли",0
дедушка походник))) а наш только про чебуреки мечтает... да работать до упаду.,0
"вот вам и музыкант, виолончелист, самое главное друг путина.",0
"в общем «протекло» или «потекло», скоро этот поток информации будет не остановить.",0
счастья вам ребята и домашнего уюта с крохой,0
могу с клеткой сразу семью родители и дети.,0
"и вновь продолжается жизнь, и сердцу тревожно в груди в",0
"спасибо, ребятки только учатся))) будем исправляться)",0
"всем доброе утро, не завтракаю, жду сашу со второй работы.пирог с мясом будем доедать.",0
"какая разница во сколько засыпать, если по утрам одинаково не хочется просыпаться!",0
и тут я с вами не согласна.можно процедить сок через плотную х/б ткань и таким образом разделить сок на прозрачную жидкость и гущу.и не надо 6 часов у плиты заморачиваться.,0
вам гонорар выплатили или только народная слава 😎,0
"ну все правильно, они же не будут на границе защищать родину, значит им и для ближнего боя оружие пойдет, бабулек-торгашек с овощами пугать да контрабандистов с водкой и сигаретами.",0
"ссылки на сторонние ресурсы запрещены, они будут удалены",0
а средний походу скд-5р тоже сибиряк,0
"однозначно молоток, так же хочу стареть достойно!!",0
а меняются именно на этой азс крайне редко!,0
приходят молодые девочки и работать не хотят.,0
"особенно хорошо сыграл роль в фильме-30го уничтожить,фильм замечательный!",0
"молодчина, кто спас этого красавчика, большой плюсик тебе в карму будет!",0
"я поддерживаю тебя, наш дорогой президент путин!!!",0
ненавижу нужно цунами сша спокойной спит вот так урок?,0
"больно...сказало сердце, забудешь...успокоило время .... но я буду постоянно возвращаться...усмехнулась память...",0
"откройте пожалуйста доступ, я скину вам описание🌹",0
есть документы и опыт работы маляр и монтажник жбк.,0
"есть ещё пляжи; очень интересные экскурсии - как по историческим местам, так и на теплоходах; канатная дорога на г.ай-петри и в самом городе ялта; театр; кафе-рестораны.",0
да разве обо всём расскажешь - дело вкуса!,0
"а вода с соком половины лимона очень даже хороша,особенно тем у кого понижена кислотность.",0
да и чайная ложечка мёда не помешает обеспечить организму большой набор микроэлементов...,0
"да вы не веселите ,на два кг перца и чеснока ,пол килограмма соли, вы в своем уме",0
"оно, конечно же, понятно, да кабы так, то было бы вот этак...",0
"отдам перья, мороженое, корзинку, кусок мрамора, повязку на голову, массажный стол, аромамасло, спрей от солнца, ножик, зуб на веревке",0
магазин где старая почта была хозяйка алёна манонова,0
"пейте на здоровье, хуже не будет, правда вкус специфический немного.",0
"сколько людей подкармливает, помогает животным, молча, потому что добрые, потому что жалко их и душа есть.",0
"а этим только попиариться, одна собачку *усыновила*, другая от безисходности трусы со стразами купила.",0
"скоро наверное пойдет ...что то комментарии закрыли к фото , наверное слишком хорошие были",0
"как правило, таких не вытянуть быть участником какого-либо кружка, не говорю уже о том чтобы быть руководителем, какого-либо кружка.",0
"девчонки спасибо нашла, только не понятно эта сумма на каждого ребенка или как?",0
вот такими грязными методами действует мэр города душин.,0
"ну а что, вполне в его духе, честно то не может, потому что ни один нормальный человек за него голосовать не будет!",0
помяни господи усопших во царствии своём,0
пусть читают единая россия для них самое главное не потерять кормушку,0
"чтобы всегда водились деньги, надо воровать или сидеть в гос.",0
"это как про лису рассказ был, которая была старая и облезлая вот вот дух испустит.",0
ей в вольер маленького лисёнка подсунули оставшегося без матери.,0
позвоните по указанному номеру телефона пожалуйста,0
"вот бы у наших бабушек и дедушек спросить как им тогда весело жилось.... нам то, что мы детьми были, на всем готовеньком... ели, гуляли...",0
"я часто ,думаю,говорят:кричит как белуга(это кит) у нее такой рев....слышит все море,и она кричит только от боли,когда она теряет своего детёныша",0
"что вы все они да они, народ беларуси очень хорошо относится к россии, все остальные недоброжелательные действия исходят от руководства страны, белорусы чем виноваты?",0
а почему не пять лет объект ведь огромный !,0
почему тюменцев ичелябинцев строят мосты в разы быстре?,0
огурчики мои))) в этом году и белые прут),0
"в иркутске точно такая же столовая , кормят правда как в ресторане.",0
сама турбаза полностью напоминает нашу березовку.,0
"тенденция,принизить мужчину под всякого рода шуточками.",0
"как мне набрать еще 2 очка, чтобы открыть сундук",0
пока ноги ходят надо жить всем отдельно...и не в коем случае..не продавать свое жильё,0
а можно ли яблочный уксус заменить уксусом спиртовым 9% ?,0
"лежала в больнице прошлым летом , затем дома пила цетрин один раз в день ,он лучше всего помогает при крапивнице .",0
продам музыкальные книжки новые одна 250,0
хотела бы назад...в далекое детство.как было хорошо!,0
"плотность разная, поэтому вода не смешивается.",0
"утер нос молодым, им до него очень далеко .",0
часто бывает.и кнопку переключения спутников тоже путают,0
"галина,здравствуйте.вам просто надо набрать комбинацию цифр 222*11 на телефоне и нажать кнопкувызов т.е трубку зеленую.потом вам придёт уведомление,что со счёта списаны средства.если что,пишите в личку.",0
кадр из фильма иваново детство валентина малявина и валентин зубков,0
и получается только 3 тыс придут а не то что назначено 4500 и 6000,0
"сейчас и наши подростки ходят все с целлюлитом, молоденькие девочки, смотреть страшно!",0
"вспоминаю свои школьные годы, были пухленькие, но не было целюлита, даже не знали как он выглядит!",0
"мы хотим свою беларусь, а не ту, что показывают по зомби ящику бт",0
"628162 хмао тюменская обл., г. белоярский, мкр 6, дом 6, кв 1, ковалева вита юрьевна",0
"к сожалению, если человек без сознания, то, можно сомневаться в том, что он не утопит вместе с собой и пса.",0
но не в этом дело - ведь все это на волне позитива!,0
"в деревне там связи нет ,поэтому была редко ,ходила в конец деревни за инетом",0
лучше бы дом творчества с внешней стороны отделали-для детей.,0
"по моему он в трех степенях был, но могу ошибаться.",0
"ложка соли, 1 ст сахара, 1 ст масла, 1 ст уксуса, лавровый лист и перец горошек",0
"мы тоже всей семьей прививаемся,и всё прекрасно ,ни кто за зиму не болеет уже много лет",0
школа номер 7 .ты лучшая была.а сейчас незнаю.,0
извините а какие вы ещё ждёте от трёх до семи?,0
"раньше эту тираду о сибири приписывали мадлен олбрайт, теперь - кондолизе райс.",0
"вообще то, как то старо - райс была еще при буше - младшем, это еще до обамы, если кто забыл.",0
"автору нужно просто успокоится, подумать о трудностях поездки и не спокойной обстановкой ковида для крошечного ребенка.",0
"это будет не отдых.... про себя скажу так- сыну был месяц, когда муж уехал в гости на неделю.",0
"в городе осталась совсем одна, коммуналка без удобств, ребенок не спокойный... но!",0
"мне было очень комфортно, я уже не гонялась с кастрюлями, завтраками и т.д.",0
"поавильно, не было его, не было бы проблем таких в мире и у россиян так же.",0
"я думаю, что с таким шендаковым мы далеко не пойдем.",0
я снимала а потом стало любопытно и выкинула из воды.,0
"добрый день, подскажите пожалуйста, а эта модель еще есть, размер и цена.",0
"это точно... люблю этот фильм, плачу и смеюсь.. какие актёры?",0
пусть живет здоровеньким долго и счастливо,0
я там запрос с одного из мультов отправила примите нет?,0
какой процент муки и сахара в хлебе ?,0
какой магазин и полный график можнг,0
освещают политологи.а в группе каждый имеет право высказать только свое мнение.,0
лена с наступающим вас очень крутым праздником я тоже служил в десантом взводе но войска были другие.,0
"член кпсс, гневно клеймил за антисоветчину пастернака, кавалер ордена трудового красного знамени и ордена знак почёта.",0
и только после развала советского союза он так лихо переобулся.,0
"цена будет зависить от материала и размеров: можно сделать и как диван, и маленькие для 1, 2 человек.",0
"а сроки ,, все будет зависить когда вы решите и все на месте обговорим звоните 89084814593. делают в принципе быстро, если мастер не будет занят....10:22 профиль",0
"пресвятая богородица, моли бога о нас грешных 🙏",0
"да,я хочу вас поддержать и посоветовать некоторым сэкономить яд для больных спин",0
никто не будет вводить туда войска.,0
"они не боятся - они мечтают, что вдруг это случится и можно устроить войнушку против россии.",0
оля проектная актеришка такие и дочки будут тоже участницы этого дома семья.,0
глазами жигулёвска оказывается прям таки сити!,0
"не задумываясь,рванула бы,назад в ссср- где не было опасения за день грядущий,за приближающуяся старость,тревоги за детей.все было другое- но все было стабильно,с гарантией- от техники и до пенсии",0
в каждом времени свои спартаки и ленины,0
последний пункт интересен - вынуждены получать.,0
эмираты (1 место) - из песка превращают пустыни в города !,0
"развивается страна - люди живут достойно - достойно умирают , в россия ?",0
"просыпайся, улыбайся, новый день скорей встречай.",0
"с одеялом попрощайся, сон свой сладкий прогоняй.",0
"за окном щебечут пташки — просыпайся, не балуй.",0
"я так сильно наперёд не планирую.самое большее до послеобеда и то постоянно вношу коррективы.планировала заниматься огурцами с утра, но вот поела и я здесь.",0
никакой минималки никаких грабов никакой стройки .,0
"​​у меня то же самое.я помидоры в теплице и на улице посадила,может что-то соберу.огурцы под навесиком и на свободе,пока держатся.в прошлом году огурцы вовсю ели...в это время.",0
вот вот некоторые не вывозят имею ввиду в парах человеческих,0
"у нас было 4 подъезда три жилых, а четвёртый было организация трест мнгс",0
ненадо кланятся а просто иметь уважение к матери и ценить то что имеет !,0
золотые руки и светлая голова.здоровья тебе трудяга🙏🙏🙏🙏🙏,0
просто думаешь что же дальше какие будут эти взрослые ?,0
"воттакая классная жизнь была в многонациональном грозном, где все звались грозненцы!!!!!",0
здоровья вам на долгие годы и большого счастья,0
у меня и сеййчас есть срок пять лет назад купила и выбрасывать не собираюсь,0
очень рекомендую посмотреть эти 👇 видео на ютубе или на моей странице в заметках:,0
садовый столик из паллета покрашен отработкой.,0
вашу семью только в церкви ...либо любовь ваша ...вашей семьи ...любовь всё победит ...поверте,0
"идёт солдат по городу, по незнакомой улице, и от улыбок девичьих вся улица светла.",0
"не обижайтесь девушки, но для солдата главное, чтобы его далёкая любимая ждала.",0
"руки чистые, если литр собрать уже руки окрасятся, а тут... просто сфоткаться",0
девушки сейчас смотрела новости сказали что выплоты будут семьям с детьми и безработным только не сказали когда в середине или конце или в начале месяца,0
"зачем им дворцы?они в кремле жили,большинство",0
"если из зила ничего не течет, значит из него все вытекло.",0
"только после того, как из общей коробки, прилюдно уколят всех мэров, губеров, депутатов, и т.д.",0
вот у меня прабабушка тыловик сегодня день рождения 90 лет вот это да даже администрация города не поздравила зато про самсонову пишем как будто она герой нашего времени,0
да помню такие автобусы я на нём ездил от школы домой,0
дорогие коллеги всем терпения добра.,0
"завис компьютер.я очень люблю исполнение ирины круг,приятная внешность.ее женственность.здоровья вам ирина,творческих успехов.",0
"а вот , заставка с серпом и молотом , на красном флаге , видать и говорит , о возрасте .",0
добрый день добавьте викторию шахнович в группу пожалуйста,0
но это только маленькая часть актёров и артистов!,0
ищу родственников якимовец лаврентия леонтьевича ( уроженец волынской об.устилугского р-.на.д.,0
спасибо дорогой анатолий за теплоту твоей души.,0
"я вам написала , что в хабаровске никто никому не платит .",0
"во - вторых , мы жили в хабаровске в то время , в которое , якобы , бандитствовал фургал .",0
"в - третьих , я вам не подружка , поэтому , если пишете , потрудитесь корректнее .",0
всех пенсионеров в тюрьму за капусту и свеклу,0
сим карту вытащите и вставьте в свой телефон,0
"чудо-природы,никакая курочка перед ним не устоит!!!!!",0
"в госдуме россии это моё предложение нашло понимание на высшем уровне ,",0
"да я и сама уже, где скопление людей, без маски не пойду.",0
"вот и сынок, целые сутки не понятно кто в попутчиках.. волнуюсь",0
"пройдет время и вы на все будете смотреть другими глазами и , возможно , пожалеете о том , что обидели столько хороших , добрых и отзывчивых людей !",0
"может быть.... лично, я очень, надеюсь!!!",0
"вафли,вино,вобла, варенье, виноград,вермишель,вареники,ветчина",0
"на мой взгляд, автор данного снимка, даже если это фотошоп , желал через свои чувства обратить наше внимание на красоту родного национального достояния.",0
"к сожалению, сейчас сменилась мода, девочек очень сложно привлечь такими красиво вышитыми орнаментами, пышными платьицами.",0
возродить традиции нашего народа очень сложно.,0
огромное спасибо автору за такую красоту.,0
"с такой заправкой получится свекольник, свёклы много, лучше помидор 3кг:)",0
"ул.ленина 205б, отдел чайная лавка",0
только там в думе их по одному больше половины!,0
"сколько дельных предложений президента, которые могли бы улучшить наше с вами положение, было отклонено думой?",0
"почему в сенатах, парламентах,других коллегиальных органах законотворческой власти германии, англии, франции, израиля нет у депутатов, сенаторов, лордов, пэров двойного гражданства?",0
"не с кондачка принята поправка в конституцию о том, что идущие во власть, не должны быть гражданами другого государства, кроме россии.",0
"вы можете быть гражданами какой угодно страны, рожать кучу детей и пусть они живут по всему глобусу - но не лезьте во власть, это вредно для государства.",0
"нужна мне помощь да поддержка дружеская, не хватает в хозяйстве вещи малой для дела важного.",0
сайт с готовыми домашними заданиями научит всех,0
"5 лет неусловной тюрьмы, поднимется огромный общественный резонанс, о котором сегодня догадываются и суд и кремль",0
"нет, у меня два обследования и оба на снимке, причём большие.",0
только почему-то фото и анкета разные,0
"а он, насчёт конституции высказал своё мнение в своё время, а жизнь требует жить не по америкоским правилам.",0
и чем вам старая конституция больше нравится чем теперь народная?,0
"алекс хоннольд,посмотрите фильмы про него.он больной этим с десяти лет.",0
"девочки, давайте только не будем сравнивать мясо с кабачками.",0
"почему именно 25 лет, это же в какую сумму всё вылетит, уже получается не 2мил,а в 2 раза дороже?",0
мне тоже леночка хотелось с первого раза назвать ее дурочкой!,0
"действительно ,а ещё оденьте крест и носите 👌...видно в вашей жизни будет всё зашибись!!!",0
правда жизни ..... очень грустно...,0
"похоже, что он даже спит в маске, зачем же снял сейчас, так ведь и заразиться может.",0
а за парочку мальков можно и штраф схлопотать!,0
"низкий поклон , на сердце стало теплее.",0
"думаю стыдно, раз сомневаешься видать средства есть купи самолет!",0
а если решил похвастаться то зашибись !люди пешком топают.,0
пусть наслаждается детством!оно пролетает мгновенно.,0
хочу тебе написать служил как раз на памире и в новый год исполялясь твоя песня (1988) ты меня ни когда не забудешь.,0
"шок был от новых песен, пугачева пела королеву.",0
"уходил с одной страны, вернулся в другую.",0
"вообще интересная постановка вопроса, девочка пошла работать, чтобы мамаша содержала мелких, которых настрогала для себя",0
спасибо за высокую оценку нашей работы!,0
такой вещи простой в хозяйстве не оказалось!,0
можна сумму у знать а-то не охото званить,0
"хорошо допросят и всё найдётся, сейчас много способов дознания!",0
"то что для перчаток я понял и так,аргон вреден, но достаточно просто нижней вентиляции, а это перебор уже",0
"да хотя бы начальную стадию заложить, как во дворах игровую не большую площадку.",0
за какую цену купили бы уменя новый есть,0
"похоже на душистый табак ,листья как бархатные их любит колорадский жук.",0
"вопросы, касаемо посылок и оплаты к администрации сайта",0
красотка во всех смыслах этого слова,0
а примета?-невеста не должна готовить себе платье.,0
"да, во время великой отечественной войны люди были гораздо добрее.",0
"я родился в 50-м году, и очень хочу вернуть это время.",0
"какая разница чьи это слова,ведь это же правда.",0
"желаю нынешним спецам, понять суть истины до века !",0
"мы потом холодным покрывались по-началу от того, как у них ездят.",0
"там позволяют друг друга подрезать специально и даже сигналят, чтобы их обогнали.",0
"так они предупреждают друг друга, типа иду на обгон, иди...поворачиваю, поворачивай... на каждое действие сигналят.",0
а на серпантинах в горох при повороте тоже всегда сигналят.,0
"но водители на столько уверенные, спокойные и неконфликтные, что постепенно и сам успокаиваешься",0
сколько поколений выросло на этом мультике !,0
"если есть взрослые дети, разве не может быть и маленький?",0
"друзья мои верные, выручайте в трудном деле!",0
для того чтобы задачу непростую выполнить нужна мне вещь редкая.,0
"желаю дальнейших достижений, удачи и успехов во всём!",0
"это когда оценивают совесть ниже зарплаты,это патология",0
девочки подскажите как где находится мфц на арктическая 37 мне просто туда дали талон,0
правительство сделало всё возможное и невозможное для обеспечения ветеранов и пенсионеров .,0
правда ли что с биржи приостановили выплаты до сентября?,0
"сестрёнка, спасибо тебе огромное за торт!",0
"депутаты они такие,всё тащут домой,в хозяйстве и кусок асфальта пригодится",0
"цыганем очень хорошо помогут, они у нас матери одиночки и малоимущие ,",0
хотела спросить телефон в каком состоянии?,0
"как же такую красоту сохранить,чтобы не сьесть",0
"у меня тоже, мать блокадница , дай вам бог здоровья",0
умница красавица талантливая девочка класс,0
"а почему нет ролика , где он построил заводик или фабрику , по производству масок и перчаток ?",0
"жук лилейник.очень устоичив к ядам,только вручную собирать.мне пришлось,из-за этого все лилии выкинуть",0
да мы рады были идти на такую работу,0
какой нужен уровень для перехода на осеннюю полянку?,0
а когда будет розыгрыш 1000000 оков?,0
"дочки, сыночки, младшие сестрёнки и братишки.",0
пора русскому жить для себя любимого и для великой россии.,0
"а вы .опы подставляйте, чтобы доказать что вы для нас что-то значили.",0
"наталья у вас закрытый профиль, очень сложно общаться с вами хотелось бы кое что уточнить ?",0
"с кем может проживать ваш брат: жена, дети и сохранился ли у вас его старый адрес проживания?",0
"стол накрыт!а люди на карантине,нельзя собираться!😄",0
"интересный рецепт, надо будет сделать👍 уксус я так понимаю не идёт.",0
номер телефона.если имеете ввиду ещё ниже-то это кот-мальчик.,0
очень аппетитно и красиво смотрятся караваи,0
папа ну скажи мне только по сикрету я тоже вырасту таким большим,0
ливень стеной с градом и грозой прошёл в нижнем санчелеево.,0
как земле возникла жизнь на рассказываю о первой эпохе рождения планеты докембрийской эре лукинский живая история,0
этой группе путин цели поставил!,0
"вернёт россии убийц-наёмников, как пить дать!",0
не ужели нельзя объяснить ребёнку что животине больно.что так делать нельзя.,0
у меня взрослого человека сердце сжалось,0
"я,почему- то ,уверена что без наблюдателей победит лукашенко.",0
на поводу у синульки пойдёшь - завтра он попросит крыс развести в сарае или скунсов дома содержать...,0
хочеш знакомиться став своё фото а не чужую аватарку,0
но лунь сегодня пришел к последней стоянке.,0
"всегда человек считал:я не такой,я не плохой,кто в этом разберется?",0
"похоже трудно понять ,услышать боль другого?",0
даже родные не слышат порой др.др,0
"в. каверин два капитана, читаю, перечитываю, буду читать!!",0
"одна л.с.-довольно условная единица))-100 кг×1 метр))и,кажется,за одну секунду что ли...",0
"я за тебя молюсь всю жизнь ,володька мой любимый , хотя мы не вместе...",0
"цена платьев розовый цвет, с кошечкой, и белое( фото предпоследнее) и размер,на какой возраст?",0
"мое любимое стихотворение,для всех широт,земель,и стран.цветы,трава,шмель...лето,как расцвет жизни,ее краса и вкус ,и понимание недолговечности всего.и благодарность-итог создателю...",0
"зато на лечение деток, собираем смсками.",0
"лена, с днём рождения!❤🎂🎁 желаю, чтоб всё хорошее сбылось!🌹🌹🌹",0
"вторая просто супер,пробивает своим взглядом.",0
"моя старшая неделю шипела, не принимала подкидыша, которого я принесла.",0
"китя такой славный, потерпите немного, мои теперь душа в душу живут, ваша примет попозже.",0
ка только вижу нашего президента сразу плакать хочется.,0
огласите весь список компромисов.я не могу понять презедентов.,0
на ул бриллиантовая бегает собака похожая на овчарку уже давно худая посмотрите может ваша,0
"не слушай ни кого, это хогвардс, скоро и дамлдор подъедит, так что приезжай учиться.",0
я не очень в инете... есть телефон самскнг 3 ...если вас устроит,0
"свергли законного президента, живут по указке запада, войну на своей территории ведут новые олигархи.",0
"а народ стал жить ещё хуже, чем при янеке.",0
"помню как-то я в былые дни рвал цветы для милой на поляне, и глядели на меня они, как бы говоря: она обманет.",0
"я напрасно ждал, и звал я зря, бросил я цветы, они лежали, как бы глядя вдаль и говоря: не виновны мы в твоей печали.",0
"в час раздумий наших и тревог, в горький час беды и неудачи видел я, цветы, как люди плачут, и росу роняют на песок.",0
"мы уходим, и в прощальный час провожая из родного края, разные цветы глядят на нас, нам вослед головками кивая.",0
"осенью, когда сады грустны, листья на ветвях желты и гладки, вспоминая дни своей весны, глядя вдаль цветы грустят на грядке.",0
"кто не верит, всех зову я в сад, видите, моргая еле-еле, на людей доверчиво глядят все цветы, как дети в колыбели.",0
"в душу нам глядят цветы земли, добрым взглядом всех кто с нами рядом.",0
"или же потусторонним взглядом всех друзей, что навсегда ушли.",0
"видели бы вы первый новый год 2000 ный ,на пл нахимова встречали, что оствили после себя наши , даже не знаю, как их назвать.мне стыдно за них,кто это пишет, но это не все наши люди.",0
господи сделай так чтобы эта золотце попало в хорошие заботливые любящие руки чтоб ей там было хорошо удачи тебе моя хорошая,0
я вчера его нашла и позвонила дала ваши номера они должны были вам звонить но они потом написали мне смс что это не их собачка а по фото похожи я сама расстроился что это не она,0
"продаются свиньи,большой выбор.мясо с салом 200п/кг(голова и ливер в подарок,без сала 270р/кг,живым весом 120ркг.р.п.чернышковский.89604678297.",0
"очень хочется знать, для чего выставлено фото?",0
как говорили старики пусти кусок хлеба по реке к тебе вернётся он с маслом,0
"детям до 6 лет вообще нельзя маски надевать, ни на улице, ни в помещении.",0
дорогая с днем рождения здоровья тебе,0
и очень было страшно и стыдно если не купил или обранил билет и зашёл контролёр.,0
"зачем такое количество, а если б был вагон, тоже собрали бы все.... не завидую, но меру нужно знать.",0
самая счастливая мамочка; всем здоровья!!,0
который уходит от ответственности давно пора запереть!,0
"извините, про какого масло идёт речь?",0
"мотор запасной цену можно, состояние?",0
молодец это мы забыли а раньше наши бабушки и прабабушки сами приданное готовили ткали кружева вязали расшивали рубахи рушняки настоящия рукодельница савет да любовь,0
"здравствуйте, хочу заказать черепашка ниндзя гродненская обл г слоним ул циолковского25 а индекс 231893",0
"почему одинокому мужчину, если муж и жена?",0
"спарк можно бы прикупить, очень зарекомендовал себя, по цене и комплектации, надежности.",0
на капитальный гараж можно с моей доплатой.,0
"название фильма совсем другое,нежели заявлено!!",0
"2 беременности спасалась от вирусов прополисом, перед выходом из дома жевала, все ок.",0
чистый мужской голос который врезается в уши тяжелый но приятный класс!,0
"когда ломают ветки, или того хуже, рубят дерево - стресс!!",0
пригодится разработчики периодически просят собирать его в квестах,0
просим посетить группу все обо всем ссылки вышлю в сообщение,0
они рулят россией с 1917 г. а вы и не заметили или не знали илине хотите знать.,0
"мой дед сапронов александр васильевич 1897 гр участник 3 х войн: с германией, призван совсем молодым.",0
дай бог здоровья вам ребята из вас выросту настоящие мужчины.,0
"всех телят по деревни собрали, такого не может быть, двоих не больше.",0
не важно на кого похож ребёнок главное жив здоров желанный смотрит улыбаясь обнимая маленькими ручками ведь это счастье,0
от всей души поздравляю ярослава сумишевского!,0
какая конспитуция еще вообще в курсе вы законы что у воров свои,0
"не пойму что случилось,играла с нормальной скоростью,был небольшой перерыв и когда продолжила игру скорость пропала,все еле двигается терпения нет,кто знает в чем дело и что делать?",0
при таком способе чувствительность сигнализатора значительно падает!!,0
"всегда крепил маленькое колечко на тюльпан , а через большое -пропускал леску.",0
"поклевку хорошо видно даже при ветре(сторож колеблется вправо-влево, при поклевке - вверх-вниз)",0
"галина, вы меня простите и понимаете о чем я говорю.",0
бабуля на фото глянь это ты в молодости или уже если что надо скорую в дурку,0
"мороженое купила за монетки, теперь нужно ожерелье.",0
ушедшие в мир иной запечатлены и.е.репиным на века.,0
везде аферисты -- хоть бога бы побоялись ведь можете потом и правда пропавшего искать.,0
мне фильм вообще не интересно хотел смотреть на вас троих 😉,0
аминь великий советский артист театра и кино.,0
"реунова валентина ивановна, - председатель президиума верховного совета ссср.",0
"ягоду, что-то полезное для дома, быт.химию, верх.одежду 44-46 и др.предложения тоже рассмотрю)",0
хороший сюрприз😁👍❤ теперь пёсик будет обожать арбузики😁👍🥰,0
все будет хорошо потому что плохо надоело уже да зарасти оно все чб ромашкамиц одобрым утром с,0
дай бог тебе и твоей семье всех благ !,0
фильтр 6ти ступенчатой очистки.с насосом.15 тр.торг,0
"но если твой дом всегда шумел, если играли и бегали дети, были тут и родители, и муж.",0
а ты осталась одна в деревенской избе или квартире.,0
"рядом никого, кто раньше был так дорог, о ком заботилась.",0
"помогали ей, гуляли, напивались парного молока.",0
"теперь они с родителями едут на юг,за границу, только не к той с которой все начилось.",0
"уважаемые,кто не доволен своим бюджетом...вам не кажется,что в этом не ляйсан виновата?",0
поздравляю вас с днем рождением жилаю вам крепкого здоровья долгих лет жизни и всех земных благ,0
прям я весной хочу влезть во что-то прошлогоднее.,0
"а во втором ряду, вторая слева моя мама",0
"я скоро наверное так же буду выглядеть, с 5 детьми, на карантине",0
"когда дети рождаются им делают прививки чтоб они не болели ,той или иной болезнью.",0
дети с младенчества должны слышать доброе о своих дедушках и бабушках.,0
они должны видеть дела своих родителей по отношению к дедушкам и бабушкам.,0
"дети с младенчества впитывают как губка,тон голоса и поступки своих родителей.",0
к великому сожалению на детей очень влияет и то что они смотрят по телевизору ... даже есть мультфильмы которые не приносят пользу ребенку а вред.,0
всем крепкого здоровья сладкого дня хорошего настроения больше позитива радости и счастья,0
"верните водник - чемпион, трамваи, шхуну запад, деревянные мостовые - вот это визитки города.",0
я слышала в струнино делают.. но не знаю точно.,0
по сбору стоп 9.08. по всем вопросам в личку!,0
"он разрезан пополам, чтобы видно было , что внутри, и как выглядит на разрезе.",0
всем большое спасибо за теплые слова😌 игра продолжается до понедельника🌸,0
"с вилки такого маленького ребенка не кормят, мамочка!",0
вкус каймака да еще со свежей лепешкой!это незабываемо!,0
"я указываю ифо и место проживания только в электросетях,когда оплачиваю за свет.",0
"а про дедовический район вообще знают,что он есть?",0
"у всех своя история , я написал свою мнению , у всех это по разному получается , надо любить с головой .",0
я давала кальция глицерофосфат в пойло и колола элеовит я новичок но моей помогло,0
"отдам-- весы, шитый кошелёк ,аромат.свечи ,зел.полотенце",0
"добрый день, дочь в пятницу приезжала, брала с собой кучу документов, подтверждающих, что жила раньше в горловке и едет к маме, все показывала и ее пропустили",0
"можете пожалуйста позвонить по этому номеру 89066622872, когда груши вновь будут в продаже.",0
какие нужны документы что бы усыновить ребенка,0
ирина владимировна мы так и останемся воображать из себя деловых!,0
"но дойдёт момент, когда я выставлю, диктафонную запись, как в сельсовете пилят уголь!!",0
"реэлторов у нас нет, а если хотите купить квартиру, просто пишите объявление о покупке.",0
"ольга, не уверена, что я всё правильно сделала, поэтому страхуюсь.",0
"вакцинироваться или нет, это ваше дело, что вы так остро всё воспринимаете.",0
"это всего лишь информация и всё,далее поступайте как знаете.",0
из-за таких советов я чуть ребенка не потеряла.,0
"дочке было два месяца, когда у нее начался понос.",0
"теперь, когда думаю об этом, волосы дыбом становятся.",0
"ребенку в два месяца правильную смесь детскую не так просто выбрать, а тут такое.",0
"ещё хорошо, что вовремя успели скорую вызвать.",0
иначе не было бы у меня сейчас дочки.,0
"спасибо за видео,хотелось бы узнать и финансовую сторону такой квартиры и переезда.",0
видела ее лично на съемках фильма самая обаятельная и привлекательная осталось незабываемое впечатление браво !,0
"некоторые депутаты,опасаясь,что народ против единой россии,решили поменять партию,чтоб пролезть в депутаты...",0
когда встреча в талимарджане?всем привет талимарджанцам.,0
"какой умный пёс.обожаю собак , ведь они самые верные.",0
"кто-то знает,будут ли выплачивать какую то помощь на август?",0
где найти склад игрушек на союзной полянке?,0
"линдау - очень красивый и уютный курортный городок на острове, расположенный на границе трех стран: германии, швейцарии и австрии.",0
"здесь очень много отдыхающих, но как-то тихо и спокойно.",0
"море цветов и зелени и самые красивые виды, открывающиеся на боденское озеро.",0
"почему же, наоборот, очень даже мило.",0
на свитерочках тоже будет очень кстати,0
"было у меня такое, на 240 р. хорошо я от кассы далеко не отошла... купила одни очки, а пробили двое.",0
"не уверена что он ничего не знает что происходит, - вопрос- зачем и что дальше???",0
"так значит это вы проложили дорогу от корейки , до тюратама , я по ней ездил за вином !",0
светлая память всем тем кто войны с не вернул кто частичкой стал тишины кто лег проснухся в горах и не необъявленной от войны,0
"господи , сохрани , только в ссср не отправляй я уже там была 40 лет.",0
"ну, и мы чуток побегали) призы порадовали, как всегда, ресурсов подкопили) спасибо разработчикам!",0
"доброту нужно снимать а не издевательство над котом, не подавился хозяин где твое сердце?",0
"это на утро после встречи с друзьями , когда себя в зеркале увидел...",0
"я ловлю, но отпускаю, беру только трофейную",0
на шею себе оденьте эти белые ленточки... и затягивайте потихоньку...,0
а то все продлевают и продлевают режим повышенной готовности может я что то пропустил.,0
"дело в том, что в данном-то случае папа совсем не в ответе за детей...",0
ну конечно фейковые картинки это прям новости века,0
обязательно обильное питьё... а лучше клюквенный морс,0
ошибка известно животные очень красивая,0
с днем рождения дружище виктор-живи долго и счастливо -сегодня твой день и мы будем говорить то что ты заслужил в жизни-а это только добрые пожелания.,0
"показан ряд икон, которым более тысячи лет, на которых изображен фрагмент сан питера.",0
а в каком году якобы петром 1 построен петербург ?,0
соболезную.вечная память.пусть земля будет пухом.,0
"больной начал что то подозревать, когда врач при нём начал мерить его ботинки",0
"видимо они сами ее отсыпали и в свое время собирали на это деньги , но как всегда никто не захотел скинуться , а машину ставить хотят все",0
"2ряд, 4 с верха; 5 ряд,2 с верха; 7 ряд, 5 с верха.",0
светлана желаю тебе занять всё таки первое место!,0
"не троньте вы вообще эти дискотеки, парни не нуждаются в ваших сравнениях.",0
"напишите просто - парни красавы, берите с них пример!",0
"есть проблема, когда долго работает пропадает звук, выкл и вкл работает опять, сумма ремонта составит 25 руб.",0
может у кого есть сектора на примете с дефом.,0
а медведка в высушеном виде поможет вылечить туберкулез,0
это часы моего детства... когда ходили на пляж на левбердон с родителями))),0
"чай и кофе разобрали и передали, следите за вашими цр!",0
"у организатора можно забирать по адресу шатило, 20, предварительно нужно звонить 89283039046",0
"нельзя их допускать к себе и к своим близким, если мы откажемся от всего-то что связаны с их ними планами то они проиграют и обламаются!",0
слова должны поддерживаться делом и все встает на свои места!,0
"а какая разница,вы думаете в россии такого нет?",0
хотите все нормально что бы было надо платить,0
только в природе голубых лилий нет!это фотошоп,0
запас на таких боссов нужен все равно!,0
"грамотная любовь, как оказалось, вас как раз учить русскому и надо.",0
"а у русских алфавит тоже пришлый, как и у многих народов.",0
"всё вот это выслушиваешь-читаешь, конечно это всё правильно, задевает душу простого народа, а в итоге всё как было.",0
всё так остаётся и сдвинуть эту не справедливость в нашей жизни нам не под силу.,0
"наша молодость , без телефонов и интернета, она была прекрасна",0
"👍👍мне как раз нужен такой , схема есть ?",0
"продам шикарный дом (несколько вариантов (озерная, коммунистическая, степная улица, апрельская).",0
"8951-616-8162. документы в порядке, рассматриваем все варианты продаж.",0
применительно к нынешнему времени можно было бы сказать: жертвы реновации,0
"без масок люди были бы людьми,а так это только театр",0
"муж оставил вас, но бог никогда не оставить вас, только довертесь ему, всем сердцем.",0
"вновь избравшись,он проявит вселенскую милость,отпустив наших ребят,думаю не безкорыстно.",0
"вдв если бьют, то уже мало кто сможет пожаловаться после.",0
"тут и дикий кабан,и медведи и рыбы и белоголовый орлан 5 птиц!",0
"добрых тебе ручек ,хорошей семьи !",0
ведь именно они набрали зашкаливающий процент за.,0
"они в районе города частные что ли, что их нам же и надо передавать?",0
это были хорошие времена.скорее это помощ совхозам и колхозам.дедь все взрослые были заняты уборкой на полях.да и вреда нет в этом.труд есть труд она сплачивала.это учила к коллективизаци.,0
"подскажите, можно как-то вызвать вредителей?",0
"очень красиво и необычно,девочка большая молодчинка:) 👍",0
а чего ж папа цепкало с детьми сразу рванул в россию?,0
надо будет как нибудь попробовать так сделать ))) спасибо за идею 😘😘😘,0
"а вообще обычно по каким числам приходят такие пособия, скажите пожалуйста?",0
"предложение сделать коллекции, например, цветы очага или магии, а награды шустрика и супер-веник.",0
"без них нечего уже в игре делать, а покупать скорость в игре игроки не должны вообще-то.",0
"скажите ,а автобус с антрацита до москвы прямой или только до таможни ?",0
"дзен упражнение: найдите в сети человека,который сильно заблуждается.",0
соберите свою волю в кулак и...ничего ему не отвечайте.,0
"так там впереди по лестнице кто-то шёл, неужели не помогли",0
"ну не оставлять же на произвол судьбы, беспомощных родителей.",0
"у моей соседки две дочери, так вот они поочереди приезжали и жили с матерью до конца её жизни.",0
"варианты можно найти, было б желание.",0
наталья николаевна сидит в доме быта.,0
доставки нет сейчас уже продали я могу написать когда будет,0
доброй ночи) а есть карта фестивального острова?,0
"беретка, это у женщин.у нас берет.а берутся они от водки.и не важно что у них на голове и в какую сторону полоска",0
"к нему не зарастет народная тропа, вознесся выше он главою непокорной александрийского столпа",0
не кому не нужные галоши то же шли на экспорт за бугор,0
тебе дарована возможность слышать музыку и видеть улыбку любимого человека.,0
у тебя есть все что бы любить и дарить любовь.,0
ты есть жизнь и ты можешь дарить жизнь.,0
написала и выставила а рецепта нет кабачков ой икры.,0
"очень нравится борис корчевников,думаю у него большая и добрая душа,верю ему желаю здоровья и счастья.просто мой любимчик.",0
желаем успешного творчества и новых идей .,0
"а как иначе, сам себя не похвалиш никто не похвалит,так и сбербанк себя сам нахваливает",0
нужны инструменты меняю на зерно или лилии 1к 15,0
меня интересует цена вот таких ворот и балкон.,0
в аптеке здравствуйте можно мне корвалол новопассит валерьянку глицин мелаксен и у хорошо вас все да пришел аванс,0
"анна, согласна, обучение свелось к загрузке детей заданиями, а кто будет объяснять, никого не волнует.",0
"делайте!родители всего знать не могут, у нас нет педагогического образования.",0
в советские времена электропоезд их минеральных вод до кисловодска ходил 1 час,0
"не, второй раз в одну и ту же игру я точно играть не стану.",0
"на буковине, председатель сельсовета , пацан и 30 нет, из поселка сделал конфетку.",0
такой вещи простой в хозяйстве не оказалось!,0
"факты предоставте.балясины вообще не интересуют ,а проблема с водообеспечением города - вот что на1 месте ,а с этой прблемой - глухо ,лечше бордюрчики и плиточку ( смываемою)",0
аллилуйя аминь слава и хвала тебе бог обильных благословений вам всем,0
"вам всем счастья, детишкам большое, крепкое здоровье, родителям -терпенья огромного здоровья",0
"да, были люди в наше время - могучее, лихое племя!",0
раз тебе надоел сын отдай лучше добрым людям.,0
справа это сараи 75гг пелагея вот что-то делает я иду в дом кто ещё не помню,0
"добрый вечер , в какую цену куртка ?",0
я знал этого исполнителя очень давно и слушаю его песни💝,0
радоваться ведь тоже не всякий может !,0
"друзья мои верные, выручайте в трудном деле!",0
для того чтобы задачу непростую выполнить нужна мне вещь редкая.,0
а ты меня обижаешь просто так наверное удовольствие от этого получаешь,0
если есть или когда будут напишите пожалуйста,0
за 7 часов до окончания игры исчез набор!!,0
"кaтя ,прогрaмму получилa, просмотрелa мельком, очень понрaвилось вaше меню.",0
"побольше таких пугачевых, чтобы дети жили в достатке.",0
"в нашей стране не будет такого никогда, так как правительство всё делает против своего народа.",0
"девочки, подскажите пожалуйста куда можно хорошие вещи на совсем ляльку отдать до годика.",0
"потому, что знают, зачем явились эти граждане российские в беларусь.",0
привет а вы надом приезжаете и сколько будет стоить насос на отжиме,0
добрый день скажите цену на синтезатор,0
"завтрак: яйцо 1 шт, салат овощной с маслом (1ч ложка).",0
пропорции тепловоза с пригородным поездом не верные.,0
"здравствуйте)))ваш сын служит в/ч6681 .в какой батальон попал ваш сынок?,мой во второй и 2 рота",0
"согласитесь, никакие яхты и дворцы не способны придать привлекательности и благородства этой братии - ни дать-ни взять - романтики с большой дороги.",0
"одним словом, форма полностью соответствует содержанию",0
"я в контакте видела,там и фотки есть,у нас садик красивее,ну или мне так кажется 😊",0
"счастья вам и благополучия, терпения и крепкого здоровья.",0
"спрашивается вопрос, а сколько этих самых долларов компенсации получит человек сидя на карантине.",0
"у них быть законопослушным выгодно, в первую очередь финансово",0
другая страничка и не выходите с той страницы несколько лет.,0
"по вашему виду кому надо,тот и определит,не сомневайтесь.",0
я в июне получала тоже в конце месяца а в июле 17 пришли,0
"вы хоть мозгами думаете ,когда берёте животных взять и вас кому отдать",0
"вы над нами, мы над вами, ну а мода между нами!",0
будет как с пл победы- сделали а потом сильно пожалели все,0
не хотят никак внимательно прочесть правила группы.,0
"ведь сразу в первом пункте написано..1 оскорбление и переход на личности участников группы и администрации, обсуждение действий администратора и модераторов, любые действия, порочащие престиж группы.",0
"да какая вам разница,но класс она всегда заслуживает,потому что она ребенок!!",0
"счастья вам, любви и долгой долгой совместной жизни, вы очень красивая пара❤️❤️❤️❤️❤️",0
"моя любимая книга а. линдгрен малыш и карлсон, который живёт на крыше",0
я сама работала в детской библиотеке г.асбест свердловской области.,0
остриков никита владимирович скоро (примерно через 2-3 недели)будет принимать пациентов в своей клинике по адресу г.минусинск кретова 16 б.,0
"как буд-то история ожила, и сейчас древние смоляне захороводить.... удивительное, мистическое фото.",0
очень часто игра тормозит не раскрывается и это стало как обновили игру а так игра норм,0
"если перевести лицо на душу, она чем то меня напоминает 🤨🤪🤪🤪😅😅😃",0
в онлайн банке пишут что перевод по этому номеру карты на какого то георгий валерьевивч г.,0
"либо в терапии, либо в реанимации позже.",0
"при поступлении, мы были с ней, взяли кровь и сделали рентген, всё!",0
осенью 1991 года доллар стоил чуть больше 40 рублей.,0
"замечательные картины, нельзя глаз оторвать.",0
"вот именно, что одна треть населения эти деньги пустили совсем в другое русло.",0
"да конечно, 3кор,8эт, 36кв, к 11 удобно будет подойти?",0
"да,сама с этим столкнулась-шить самой себе платье плохая примета",0
"я пенсионерка, что заработала, то и получаю, а детей без всяких выплат ростили",0
позвонили сказали что 8числа будит известно вам позвонят говорят,0
"ведь живет человечество до тех пор, пока помнят и уважают предков истаршее поколение !",0
"чтобы на велосипеде кататься или на доске,детям наверное нравится",0
хоть раз в жизни окунуться в такое блаженство,0
"отмыли, обработали от блох и глистов, поставили прививку.",0
"возраст 2-2,5 мес., кушает сухой и влажный корм, ходит строго в лоточек(древесный наполнитель).",0
"мишутка очень нежный котёнок, любит ласку, смышленый и активный , находится на передержке.",0
"в добрые, любящие ручки, строго под кастрацию по достижению возраста (поможем).",0
"мои искренние соболезнования, всем родным и близким амалии .",0
"кастрюли с тонкого металла,они лёгкие или тяжёлые?",0
"ни одной лишней строчки, ни одного ненужного описания.",0
оао ржд впереди планеты всей в этом плане,0
"самое главное - жива, здорова, остальное неважно, особенно для нас, наблюдающих со стороны.",0
"парикмахер универсал, покраска/коррекция бровей, прически/укладки на любое торжество, плетение кос любой сложности.",0
"ай да красавец ,какие хорошие слова,бальзам на душу!200 баллов!!",0
"от копейки на шестёрку может не подойти, из за верхнего бочка!",0
"в статье по ссылке оговорено, что драка не массовая.",0
ну в контакте смотрю пишут что кому то начали скидывать,0
"нужны модели для портфолио, аппаратный маникюр, укрепление гелем, коррекция, гель лак 89614145103",0
"1.6. за 4 года эксплуатации было много сделано: капиталка двигателя (полная) на 130тыс., перебрата ходовка (стойки по кругу, рулевая и т.д.)",0
из минусов это кузов: сколы и также есть небольшие вмятины на фото видно.,0
"если сам устраню все недочёты, то торг не уместен, а так на ремонт скину.",0
"по документам машина чистая, оформлена на меня.",0
"простите, возможно опечатка в последнем предложении: зло всегда (порождает, рождает) зло.",0
сколько стоит стиль синие тонкие?,0
"ты сначала прочти о чём речь, а затем пиши свои комментарии",0
"за преднамеренное убийство сидеть не хочет , вот и придумал что прохожая",0
моя чара сегодня вернулась домой мне даже не верится с февраля по август такая вот радость в день любви,0
навряд ли этому мальчику нужны какие-то классы!,0
"красота божья,это наверное прекрасная россия а может быть наш прекрасный казакстан",0
"и клематисы прелесть... у меня бордового нема, а синеватый и белый посадила в прошлом году - приживаются !",0
я у одного ангела (стоял на лоджии) тлю месяц выводила !,0
зато уж он меня отблагодарил шикарным цветением !,0
"просто петух чванливый, взял наших пацанов в заложники и торгуется.",1
"бедьненький,давайте скинемся,а то сдохнет мразь!",1
"пиздеж, не его слова оно чмо",1
"сука, чтобы ты горел в адуу",1
как этого хуеплета вообще со стадиона выпустили.,1
козёл он и в полиции козёл,1
"зерно разворовали, а хлеб есть, понавыписывали себе премий миллионы , а пенсию платят исправно... а при парашенки всё было заебись только у меня с женой спиздили 5 !",1
чтоб у него на лбу хер вырос,1
таких уродов и засранцев надо штрафовать и ощутимо.,1
"да он и без сабли,страшный,бля....",1
"кто тебе дебилу сказал, что с чмом я буду общаться?",1
"уебок, ты живешь за мой счет.",1
"ты для меня шваль ебаная и поэтому,оскорбить ты можешь,только свою конченную мать",1
а нехер дома сидеть как клуша.,1
бояринном скоро пиздец:-d﻿:-d﻿:-d﻿:-d﻿,1
многовато дебилов расплодилось при этом режиме.,1
"а ты трус ёбаный , раз пишешь тут такое .",1
а здесь нехуй трепаться из кустов .,1
сегодня такая же йобнутая в районе 19.30 по посёлку романово пронеслась на бнв со скоростью пизданутой занозы.,1
я может и блядь но дура ты,1
"за рулём пизда, это не езда",1
сертификат долбоеба настоящим подтверждается что ты безоговорочно являешься натураьным стопроцентным подлинным долбоебом подпись врача веа,1
что за пидорская картинка .пархоменко ты не перепутал ничего,1
"вот это рожа, не рожа а ебло харя баба яга отдыхает ,рядом с тобой ok.ru/profile/561398018477/album/527120160429/901121516717 https://i.mycdn.me/i?r=ayh4irpq2q0otwifepml2lxrkquol4rpp7r1jv0row2fqw",1
этот лозунг засунуть бы в жопу кто это написал..идиоты!,1
таких далбаебов с детства воспитывать надо потом этой же мамочки на голову сядет,1
"ни чего хорошего ваша пиздарванка не напишет...ей нужны те, кто её поддержит, а кто против - она их с говном смешает....копия томка...",1
возле какого там 10 августа так что х**** несёшь ты где блять это прочитала дура е*****,1
"этот =дождь=, самый обычный госдеповский триперный русофобский пропагандон-бордель, а эти два арестованных два кента блядь и хуета, мелкие пропаганд-мандавошки из этого госдеповского пропагандон-гадюшника....!!",1
старая ты тупая кляча азарихшвайн стань лучше дубу башкой к как я и стукнись,1
"потому что ты идиот, посчитал курс и все... а вся суть в том, что в то время был железный занавес, противостояние держав.",1
пиздос...не не пиздос...пиздосищеееее😁ну и пиздочесище тошь😆😆,1
"мало того , все что ты любишь жрать, пидоры делали.",1
"ты больной 😷, кого строишь из себя никчёмный человечек??",1
не верьте пида*расам которые это утверждают !,1
сейчас шавки путенские начнут тявкать на мой коментарий !,1
"оно ему блядь надо, не ставьте класс, админ, сука, бабло рубит, тварь",1
ты шнекель--- иди в жопель.,1
в глазах чужого государства они конечно красавцы!пидорасы кто россиянам поможет?,1
"жиробасина жопоротая, ты сначала найди свой хуй в смальце, кусок сала протухлого.",1
"у нас в марселе ебануло сожгли конюшни в 8 местах, пидарасы😡",1
такие придурки в своё время и ельцина поддержали и своей поддержкой союз развалили.,1
долбоёбы сегодня уже 18 августа...,1
чьмо ебаная ты спортом когда нибудь занемался,1
только и могут бла бла бла одним словом пиздеть умеет каждый а что конкретно сделал этот старый пердун?,1
"либо тупой, либо мразь какой позор его детям!!",1
"это щяс так он пиздит.до власти добираются,другие люди становятся.уроды",1
"выблядок,а родители родившие и воспитавшие это сучье отродье без стыда и совести,такое же отребье как и их отпрыск.",1
"ну ты пидораст по- жизни, смелый в инете?",1
тебя даже ебать никто не захочет!,1
и таких блядей и в думе и в правительстве до фига,1
"до коли мы будем терпеть эту шваль, нас не считают за людей!",1
до писты твои высеры сруся тупая:-d :-d :-d,1
да- не тех людей пидорасами назвали,1
на колыму дороги строить сталин быстро бы его определил мордоворот морда шире жопы,1
ага ..так ноябрь был в прошлом году ..тогда лидка и продала дачу лоханулась ..как пиздит она села в лужу и смылась старая аффца,1
а тебе завидно ебанушька не всем как ты грузчиками ебашить чмо,1
мне он и другим - нахрен не нужен.,1
"и вобще батька бооольшой козел,наверное холяцкая порода,дружит только за печеньки.за печеньки мать родную нуланд прододут.",1
ты что пидор на таких людях классы зарабатываешь?,1
наживаешься что за воспитание у тебя ублюдок!,1
бедолаги... как же мне их жаль ... уродов...,1
"ты пидор обосрался, иди на х петух западный опущеный",1
"заебала выставлятся , уже детям по 30 лет .",1
"и думаю, что моё не бритое (ебало) как вы изволили выразиться, здесь вовсе не при чём.",1
ведь согласитесь (трахать и трахаться) это не много разные понятия.,1
ну не всех еще дебилов война поубивала!,1
"как , они заебли сука когда же нажрутся падлы блять.",1
шо тогда блядь или пидор прячешься под ником?,1
этот гандон меченый предал россию со всеми потрохами а остальное пропил ельцын,1
"лано, хуесос, ты пока поисходи тут на говно, а я пойу полезно что-то сделаю.",1
автор видео ты самый конченый пидор и друг твой такой же!!,1
этой пучке давно пора закрыть поганый рот.,1
"педрила все про жопы, да про жопы, ахаха.",1
"и это только начало пиздеца, дальше больше.",1
"сама ты дура просто бесит как подобия тебя врут а люди незнающие верят!я их не жду, для меня 10тыс не деньги.",1
это что к чему и почему жопа узбекская что ли врзле которой ты находишся,1
"твари , подонки и недоноски , они уроды забыли , что минск они сами упрашивали , боялись суки , что киеву и жидобандеровской мраз пипец !",1
а теперь уроды мы не признаем статус .,1
"да вы ублюдки ещё раз дернетесь и тогда вас недоносков уже не кто не спасёт , не минск , не вашингтон , ни бабка с клоуном впридачу ... .",1
":d :d :d да такая овца как волочкова не способна на это, страм и позор россии отвратительная особа, если вникнуть в её суть, о чём она говорит благодетельница хренова",1
"федя придурок точно, историю воооще не знает",1
"что родственничка ебанутого выгораживаешь, так знай , что тебе это когда-то аукнется и в вензили тебя надо поместить к самым буйным, чтобы овощем ходила и дэбмльных мыслей больше не возникало!",1
"им нужен сусанин,чтобы завел их в тайгу где эти уроды сдохнут.",1
ты чего это далбонутого долбонутым обзываеш.,1
еб тэ бабуин отдыхает от внешнестью от этой кобылы с бараньей рожей,1
мы простые коммунисты не воровали и не хотим воровать и не хотим чтобы воровали хули вы нам то говорите уёбки тупорылые!,1
зато ваши единороссы честные охренеть можно .,1
"так, что рыло своё закройте вы либо ссыкуны либо при власти пасётесь дебилы!",1
"потому что он не русский , у него есть родина это израиль и привык только грабить народ и воровать ... он чубайчонок - ублюдок .",1
"а как начинала розовая шлюшка, прям такие тексты бля, а скатилась до откровенной тупости, подтверждая наличие половины полусгнившей извилины )))))))))))))))))))))))))))))))))",1
"вы все блять торопитесь, а нормальные люди из за вас стоят, потому что вы как крысы в лазете потом",1
да это ж ублюдок и мразь!,1
"тошнит и рвать тянет только при виде этой мерзопакостной рожи, хари!",1
"это,что,живой собаке глаза прищепкой,ради прикола?а себе пробовали?это самое больное место ,веки.вот уроды.ужас!",1
дети должны учиться а ни как выше стоящ е валять и к стенке приставлять стыдно страна дураков,1
дебил позор всей полиции а начальнику в первую очередь и как таких земля держит на этом свете,1
"твари, это не значит что все получают 35000рублей,в будущем наверно последний хрен без соли будем доедать, эта власть ведёт в никуда.",1
а что голосовать упыри сделали наживу на здоровье .умереть тоже платно.. врачей клятва гипократна неустраивает..деньги..деньги..а вот это их устраивает.пподажные...👎👎👎,1
ты тоже пизда бол ты не реал,1
"да и хуюшки, есть такое понятие среди мужчины и женщины.",1
ублюдок у которого шифер поехал и к сожалению таких все больше и больше становится .,1
"а импотент хуев, сам не можешь и других настораживаешь!",1
хам и урод больше нечего сказать.,1
а у мну вот чё есть 🙈девочки на днюху подарили мне сучки 🙈(fr),1
"ты хуйло сам ты где спиздил деньги и сьебался,а как же куля в лоп пиздабол",1
хоть и пидор а мыслит верно,1
"ты пидор, вот это ты ушлёпок запомни точно!",1
запарили уже уроды опять не грузится не чего на какой хер такая говно игра закрыли бы тогда да и всё чего нервы людям трепать,1
"за русов и народы других национальностей в этой стране забыли, сделали все возможное, чтобы доказать, что мыжиды самые-самые, а вы борохло, гои,- слуги и рабы, стадо для иудеев.",1
"хватит лаять - не собаки же, чё пендосам подрожать ?",1
я смотрю мужиков то за 28 лет проебали точно.,1
главное чумоданы(не чемоданы) они собрали на блядки.,1
вы дауны всегда лопается возле шва,1
далбаеб ты кур остынь пожалста ну тебя на хуй ты нацист тупорылый🐔,1
из какого дерьма ты вылезла хуесоска??,1
бросай колоться и очки пидор купи,1
хотелось бы на твоё ебло глянуть.,1
и разве это человек?- это тварь самая натуральная.,1
"чёж блядь, не в полночь свиснут????",1
я в шоке неужели вот эта прости господи пизда не чувствует что у неё разрез по самую не хочу,1
потому что те кто гоняет шайбу жополизы ебаные!!!,1
ебалу посмотрите как у бегумота ей богу,1
"отлично, если в машине скорой действительно больной, а пидар какой нибудь в виде депутата.",1
пидор блядь всем привет из российского крыма,1
"ты, мразь, к сожалению уже папа, забыл???",1
"в августе, долбоебы отмороженые ,всех собрали.",1
как нелюди себя ведут((( убить мать своих детей!!!!,1
"только мать даст любовь детям, он отнял маму у детей(((( урод эгоистичный!!!!",1
"народ это просто пиздец какой то,суворов нервно курит.",1
какой мудак старое кино переименновывает постоянно,1
юра ефремов подонок и негодяй к тому же подлейшая трусливая мразь это видят все нормальные люди,1
герой буданов а кержаков хуй.о с миллионами зарплаты!!!!,1
пидорасов омоновцев на место поставить и байструка циганского сколько можно издеваться столько лет ..... уходи!,1
"сейчас фаны, сброд алкоголиков и долбоебов.",1
"чего только не придумают.. идиоты.. того придурка рожу повесить, кто выдумал.. чего все её обсирают.. пусть живёт как хочет.",1
"твари они последние, пришли бомбить и нажиться.",1
а ведь сколько денег смогли бы отдать кубе африке ирак с ираном - а так пидарасы все растянули,1
"ты написал, что орда владела русью, а теперь виляешь жопой как дешевая проститутка, мол, платила дань.",1
но нацистским мразям хоть ссы в глаза - все божья роса,1
вот вы проститутки и пидаразы не боитесь когда придёт к вам афелия?,1
не народ быдло суки а весь вашь змеиный клубок!,1
она засовывала таких как ты выкидыш отсосок,1
аж противно читать ибанутые людишки кто такое пишет а ничего что есть сорт томата такой крупный,1
"кто голосует за афганскую борзую ,вы ебанулись чтоль,пройдите в себе,знатоки породы,бляяяя",1
"выродок,его на том свете накажут,а на этом его выблядков.",1
а кто тебе пидору тролю сказал что тут коммунисты;) :d :d :d :d 👎,1
вон его за забор и не кормить трибуха срозу спатет будет как шолковый лодорь бля пазорит тока нас,1
"сука его привязать и оставить ,кто это сделал.",1
"да, не всех дибилов война убила !",1
видно что ты долбаёб конченый пидор,1
дурак что ещё сказать... и вы гордитесь советским образованием... умник учи мат часть потом чушь пиши.,1
а ответ же прост: потому что ты дурак.,1
на хуй они нужны лабухи московские,1
"нет слов, чтоб выразить свое презрение к этому ублюдку.",1
"вот именно там и родился этот выблядок, пытающийся воплотить в жизнь планы его папы- выблядка третьего рейха... гнать их, сук... ещё и в образование своё фашистское мокало суёт",1
повезло белой легковушке что этот еблан в нее не влетел,1
просто нет слов на этих пидорасов.,1
они такие же как менты сука цыркачи и ещ е телефоне красуются,1
хоть пидарасы с европы и америки вздрагивают от этого имени и это очень радует !,1
"ахахахахахахахахах пи3дец заржал во весь голос, батя пришел говорит xули ты ржёшь?!",1
"показал ему он пи3дец еще громче меня, давай кататься по полу, дед спустился говорит че за хуйhя?",1
"почитал и пи3дец давай ржать тоже,мама почитала так засмеялась аж дедовым ружьем в собаку начала стрелять от угара!",1
"я бляtь в скайпe петросяну позвонил, тот увидел, так cyка угорал что аплодируя ладони себе hахуй поломал!",1
"козлы,твари тупорылые,всю игру сломали.с каждым разом всё жопа и жопа,и всё жопее...народ,играйте в битву за острова,там косяков меньше,но намного интереснее...",1
сученыш на русских пасть не развивай!!!,1
пидормоты.на кол сук надо сожать.чтоб другим неповадно было,1
и не пидорам пропиндосским в это лезть...,1
сколько вам платят ушлёпки епаные что вы очко ему лижите,1
"ну полный пизд....., совсем ебанул....баба🙄",1
"хуйня между ног,у мужиков, безмозглая))))))))",1
"лопай-лопай,пока не сравняешт морду а жопой.сука.",1
"вот и хотят нас вакцинировать, чтобы скорее передохли люди.",1
"да заебли уже со своими сранделями, а то,, станочек,, как будто нечем больше похвастатся.",1
"станок станком, а сама дура дурой окажется и ебло как у квазимоды",1
"повторяю тябэ, бандеровец, в очередной раз - твои высеры уже не представляют исторической ценности !",1
"пиздобол, сказки детям рассказывай про законопослушных белорусских водителей!",1
"не дибилы, а дебилы; не очеровашка, а очаровашка.",1
юебище лесное терпеть не могу эту породу срамота тьфу,1
"девочка при исполнении( на работе) а мужик , скорее мудак дратся лезет .",1
сидишь блядь удаляешь все коменты к тебе,1
"заебись , автору либо идиот с промытыми остатками мозгов , либо купленный идиот .",1
"тварь ебало закрой, аппарат переработки пищи в гавно",1
пизда ее родила аговорит мама крыса,1
"в грязи гденибудь забурись, заебесси сумки эти пидарасить",1
пидар я же сказал на хуй пошёл..,1
"какие идиоты их выдвигали, какие идиоты за этих клоунов проголосовали?",1
"при чём тут фамилия моего мужа, тупица с окраины?",1
"шла ты нахуй живи не обоснованная, я тебя блядину знать не знаю, ты тварь ко мне на ты, ещё и с оскорблениями",1
а я посмотрю и посмеюсь над дебилом!,1
я даже брезгую с тобой общатся тупой ты валенок.,1
так что долбоеб в кубу это ты.,1
"иди вофку пупкина в попку поцелуй, тебе не в первой.😂😂",1
"ой ксения, а мудак какой-то машину задом наперёд поставил!",1
"какой автоприцел,ручками нацелился и ебнул и откатился если что",1
"вот тварь , действительно зажирались они там уже.",1
"все вы твари учились и росли в россии, получали образование, а теперь подонки хвалитесь своими пенсиями.",1
"моя россия не оставит меня в беде, а твоя австралия сгорела в пожарах так, что не пизди про свои зароботки.",1
"больно когда хочеш чтоб забрало ,а оно сука не забирает.",1
у тебя фотки есть новые нет старые дрочите на вот ведь сука,1
фууу в жопу вафли старуха целуй.,1
люди-падаль?как живется таким как вы?не страшно?,1
"сайт одноклассники тупят по полной в последнее время, надо их на хуй послать",1
дайте мне в руки таких блядей,1
вот гад.а письмецо накрапал - сущий ангел.,1
"це европа, це пиндостан и либерасты вам не помогут, они спят и видят, как бы стравить два славянских народа.",1
хуйня с полной сказанная уверенностью называется мнение личное,1
"бредятину прекратите черкать, деньги нужно заработать, а про беду вообще заткнитесь , психи",1
👎 👎 👎 👎 👎 👎 👎 👎грязные шлюхи!,1
а ни чмошники орут и их всё равно абирают,1
"вот твари, нашли нищенские накопления у народа.",1
"а, что же вы мрази поганные, сидящие в кремле, свои сбережения не подсчитываете?????",1
"ага, щас пидарок окопный будет меня жизни учить :-d﻿:-d﻿:-d﻿:-d﻿:-d﻿;-)﻿ зубы хотя бы после отсоса почисти :-d﻿:-d﻿:-d﻿:-d﻿:-d﻿;-)﻿",1
"я нет, а ты я смотрю долбаеб, что тебе везде менты мерещутся....",1
"заебал уже этот сучий режим, но ничего, раза два - три получим на митинге охуенных пиздюлей, прийдем не с пустыми руками!!",1
"так что не вякай здесь ,гаденыш ..",1
а на твоем языке - ты просто пидор косорылый!,1
"?сама эта толстожопая не пойдет ,ясно что кто то организовал!",1
"только нелюди могут убивать таких ангелочков: сатанисты,дьяволы,но не чело веки с душой !",1
"вообще что происходит,этим пидорам всё дозволена🤬🤬🤬🤬🤬🤬🤬🤬🤯",1
"козень,а тебя то кто сюда пригласил?",1
"отсосинка голубкова, ты уже показала какая ты идиотка, может хватит",1
вот это правда ...а не пидора зю...,1
":-d :-d :-d :-d слышь, падаль, обоссавшаяся от страха, и скулящая из под замка левой страницы.",1
сука 62 года а дичь конченая,1
мородеры ...ублюдки ...мерзота ...к сожалению их в верхах полно ...и сами между собой как гиены радиальные .....именно ..радиальные ...рвут друг другу глотки,1
что за долбаебы пишут такую хню!!,1
"уебок сука,за такое надо сидеть",1
а так ты----писака проплаченая пиндоская,1
"и эти суки,гейжопейцы,нам привить хотят ценности?вырождаются, бляди и завидуют,что в россии пидоров не любят.",1
"бабник звучит гордо, не то что пидарас.",1
господи я не верю что такие долбаебки существуют.,1
по моему вы уже заебали этим козлом,1
хоть ссуки жопу свою поднимите на выборах в 8 сентября!!!!!!!!!!!!!,1
пиздешь фк шахтер не может поздравлять его в этом,1
два урода нашли друг друга.обоим срок.одному за преступление -другому за подлог.вобщем два гондона.адвокат хоть деньги отрабатывает а ефремов показал себя вонючим козлом.,1
это прото идиоты надо с себя так переправить придурки,1
"ты блокируешь участников, а их ролики размещаешь в своей сранной группе?",1
"шо шо оседлал бы тельца,ииииии вон в ту черную дыру.а то эта жопа для меня маловата будет",1
"тогда действительно звёзды были,а ща одно пидарьё обкуреное показывают,🔫 🔫 👍",1
одним словом уебище которое живут в говне и последний зер без соли доедают,1
пидор ебаный хоть один факт приведи????,1
"ну и написал бы -даша ,я долбоеб.",1
"вам не ставят потому что вы ебанутые,",1
тварь ты последняя больше мне не пиши если ты шоколаде а осстальные в дерьме попробуй окунись или слабо,1
"он, пиздоболом, может и не был?",1
блядство пилять блять... слов неть у мну других #u7680e233d2s#,1
как ни президент...так гандон!как ни мент...так хуйло!и так далее!,1
"дааа, я уже давно поняла, писать ироничные ответы вместо того, чтоб сказать человеку ,, иди на хер,, - тернистый путь самоконтроля воспитанных людей.",1
"я уже этот тернистый путь прошла, поэтому совсем просто - ,, пошел на хер, петросян недоделанный,, удачи тебе.",1
"ты пидор, с тебя больше взять не чего.",1
"да, этих уродов обочечников и у нас на камчатке хватает!",1
можешь не продолжать фужепонял чтоты мудак сиsоvасн ги,1
ебнутая страна🤪🤪🤪🤪уродство и дефекты считают уникальностью и красотой.,1
ну ты и чушка...по морде бы тебе за просроченную шоколадку.,1
"в данной ситуации воры в законе отморозки, для них кодекса вора не существует.",1
"блять,испугал))) кишка у тя тонка...вот и бесишься.",1
"мамойоб несчастный,общайся без мамы,еблан ущербный... порождение узбека бухого;) :d :d ;)",1
"евреи всегда были хитровыебаными, вот и сейчас у власти жидовское отродье.",1
"вот посиди и подумай, безмозглая овца....",1
"пидор какой то,серанул и съе.....лся",1
именно из-за этих пиздаболов выключается телевизор.,1
с зчз ты почему в папате убище тупое,1
"за всех не надо,шкур продажных вон из страны,провокатор,лизоблюд американский",1
"судилку свою засунь себе в жопу,дура зомбированная !",1
"для идиотов, майер отличается от генерал майера !",1
"....эта сука должна давно сдохнуть как собака бешеная, в первую очередь в умах советских людей.",1
лука просто охуел эта мразь одала приказ стрелять падаль,1
вы не подумайте пизды получает хлеборез а потом все остальные когда мы пришли кто знает всем айда,1
"до каскадера ещё далеко, такие долбоебы создают очень нехорошие ситуации даже со смертельным исходом",1
мразь и паразиты следят в кремле,1
"я уж точно не советский, а свинья тебя родила, ублюдочная коммунячья ты тварь.",1
"эта херь сидит где нибуть в литве или польше,имеет домик на канарах,и врет всякую куйню про свою страну,это видео херь...",1
долбоёбы....там 10 миллионов населения и половина из них приезжие рабчие.,1
из за таких тварей и другим нет доверия.,1
эти твари людей ни во что не ставят.,1
"это пидарас мой районник и убежал из родину,",1
"я тебе уже писал раньше, что мне на тебя даже поссать западло, так что выбери себе, себе подобных.",1
кроме желчи что у этой мрази может быть?,1
пусть эрнст засунет его себе в задницу.,1
"еблан, жаль, что ты мне не попался, когда я пять лет учился в гомеле!",1
под каждым роскошным павлиньим хвостом обычная куриная жопа .,1
"желаю, что бы на лбу у него хуй вырос.",1
бабы хуже мужиков бывают за них всегда драчька бывает залупятся и потом визжат как свиньи.,1
"я сама 12 часов смену в цехе отстояла, подахуела!!",1
была бы ты рядом я тебе всю яботину бы распирала проститься неумничай пролетела во всех выплотах теперь залупу сами сука,1
так не куй скакать было пиздабол сука,1
"детей срочно изымать надо,ей безразлично,а повторение может случиться.сука,даже не сука(сука за щенят глотку перегрызет), мразь.заберите детей,пока трагедии снова не случилось",1
"эту дуру гнать поганой метлой,и дать ей затычек что она рекламирует",1
"со мной так часто бывало, хочешь убить какую нибудь тварь, но рука не поднималась , как будто кто то сверху говорил , что это тварь божия как и ты.",1
а ты кум похоже просто дырявый неадекватный кумовской стукач в натуре.,1
с таким просто в падлу вести диалог.,1
"привыкли людей за быдло держать,чтобы денег хватало только на еду коммуналку и проезд.",1
"так вам сукам и надо надеюсь и последние кадры уедут в другие города, где нет такого ебанутого руководства.",1
"мне интересно, как эти пидарасы собираются вакцинировать/чипировать чечню!",1
"шлюшка в поле, продаёт свое тело.",1
"да, он просто педераст вместе с пашаевым.",1
"пускай на кухне вертится она, не будь мудак,крутилась бы в постели.",1
"бля менты вы отдавайте такое блядство в руки пацанов!а сами отвернитесь как вы умеете!а то совсем поохуели ,как в аулах ведут себя",1
"лучше пиши,твои мемуары о хуесосании будут тебя кормить хорошо)",1
"быть патриотом никто не отменял, а у вас гандонище, джигурда,панин и многое другое дермыще, у вас просто мозги жыром заплыли!",1
не понимаю одного - за что нквд прощало и не расстреляло убийц -недолюдей -бандеровыродков!,1
спасибо армии лднр -110 000 сдохшего говна всу -их работа!!,1
а ты хуесос ответь можешь без подебок или ты ноль в своем деле.,1
"да мразь просто, а не человек.",1
"кандидатов в партию и власть надо было пропускать, через несколько фильтров, тогда бы эти гниды нами не правили...",1
"такого хозяина,надо призвать к ответу и посадить урода.а людям спасшим животное,низкий поклон 🙏🙏🙏👏👏👏",1
"не ужели бл.....ь ,не видно .",1
"вас, скакуасов кастрюлеголовых, в русском крыму, ждут с распростертыми объятиями ...",1
у обезьяны такая жопа я сочувствую ей,1
"заебали ваши жопы и сиськи безпантовые затянутые вер жгутом, приятно естественно.",1
иди мимо если не нравится хули коментируешь мокрошелка ебучяя,1
"придурок, тебя не заебало одно и то же скидывать и всех оскарблять?",1
"идиоты бля, тупизм страшный это пиздец.",1
ай молодцы какие.давай нахер дальше разваливайте свою страну с усатым идиотом!!!!,1
да....полный пиздец...выбитые эссесовцы!,1
"только узколобый и неуверенный в себе поц может так по крысиному скалиться и выставлять себя посмешищем,при этом думая, что сам такой великий и непобедимый!",1
"да ты, козявочка, не кипишуй!вынь со рта свой вялый что бормочешь?",1
"шаболда,конченная.на уме только пьянки,гульки и е....ля.",1
"брехливые пидоры такое пишут и никто от вас не бежит ,это вы вражина подпин доснимать скоро побежите",1
сказку вспомните как крестьянин двух генералов накормил мы свору бешеных ненасытных псов кормим и их ублюдков за границей проживающих,1
насобирало это ебучее муму 8пр.на сегодня говорят.,1
"пидорас, тебе ли знать, что всё с точностью до наоборот?!",1
"работаешь под пригожиным, восхваляешь плешивого, хуесос!",1
сажать этого пидара мразь -отец был золото а этот выродык в тюрягу и надолго,1
"по всему видно, что стукачек ты дмитрий с мозгами охранника....",1
когда вы нод моськи проплаченые заткнете свою помойку!,1
пошёл на хуй с российского сайта мразь нерусская .,1
запомни тварь пиндосовская эта страна называется россия .,1
"иди своим неграм яйца лижи , выблядок .",1
этот извращенец старухое* пидор когда заткнется?у него вместо языка член.,1
выгнать эту суку уродливую и россии и больше не пускать,1
при коммунистах во дворе стояло не больше десятка....сейчас в семье 2...3...хули все суки во двор тащат?...,1
"а ты сидишь, в углу забилось, накрылось одеялом, выключило свет, закрыло дверь на все возможные замки, и пиздишь!",1
ты же понимаешь что ты ебанутый на всю голову?,1
нахуя нам копии каких-то уёбищных кроссоверов?,1
"запаску суки сзади подвесьте , чтобы в бою откинув её набок ей можно прикрыться во время ведения огня по противнику.",1
а не вот этим говном похожим на дешманский кроссовер.,1
"давление это прежде всего плохая работа почек, а столько воды в один момент и ноги отекут и руки и ебло до кучи , дибил этот кардиолог походу",1
"и вообще-то,это не хуйня,а так оно и есть.",1
"из-за вас козлов- настроение ноль и поведение ,ну никакое.....",1
дебилка че он ей в пятак не врезал,1
"но такой то хуйни как в усрайне нет,пока.",1
"это хряки, откормленные на государственной ферме.",1
"самоизбранные депутаты рф практически дебилы, им даже в цирке выступать нельзя",1
"сам лучше учись,хотя вам гниложопым это не поможет.",1
усохни дереволаз и лучше сюда больше не пиши.не знаешь кого сучка посылаешь.,1
"чмо блять!что пиздел,сам не понял,хуесос!",1
нахуй пошел ебаный сишан таsоvsсн ги,1
я непоня а почему этому пидору по ибулу не дали,1
солдат спит служба идёт а депутат спит 420 тысяч капает пидарам суки,1
почему эта тварь без намордника этих ибанутых хозяев посадить,1
так же его за горло подвесить!!!,1
если мы сами этим пидорам не скажем нет то так ибудет.,1
"степан потный стакан, алла недовольное ебало,",1
падла за рулём ну да мы же забыли папина дочя за рулём им же всё можно....,1
сраная тварь в ебало давно не получала сука.,1
"звери намного благороднее , а это продажные выродки , выблядки рода (к сожалению) человеческого",1
"​а потому что едаросс-пидарас,козёл дырявый,выблядок!нарожали шлюхи драные дебилов ефремовских,сволочей по призванию!!!!!!!!!!!!!!!!",1
"судить тварь нужно, а он до сих пор живёт припиваючи.",1
"вы пидорасы почти 70 лет управляли страной, а один плешиво крапленый пидор из ваших её продал.",1
везде бабушки блядь а дедушки ведь она пиздует к внукам а дед ебашет на работе и всегда она хорошая а дед хуевый парадокс,1
"это просто уже ебанутый пиздец,нормальный мужик,таких вещей делать не будет,замерз,он там или его вообще там не было",1
"урод, чё прячешься,опять очко подставляешь",1
"видимо пока уроды не нажрутся , будем вечно там.",1
они были пидр и дальше так будет *),1
"откуда у тварей ордена, что за то что жопу лизали",1
правильно пиздите пидорасов хуй вам а не европа их вы суки как беркут на колени не поставите👍,1
чем им сетка помешала с трубами.... пидорги,1
ебанутых таких где берут по ходу вся дума думающая такая,1
"я вас всех тут обоссал, включая твою дохлую мать, хуесос",1
а сколько они бы мальков бы дали...уроды вы а не рыбаки,1
как этот ублюдок жить после этого будет?,1
"он нигде не виновен, он всё слышит и видит впервые, одно слово непричемыш и некчемыш, еще и обнуленыш за каким х*ем он нам нужен!",1
пусть мотают туда где разрешено.никто их здесь не держит.дебилы.,1
ну не пидоры они после этого ?,1
"ебанутые, пока на своей ишачьей шкуре хлыст не почуствуют,бесполезно им что то объяснять .пусть изопъют всё с полна",1
"как всегда сказочно напиздел, особенно про дочку вкатившую себе вакцину.",1
"а мы лохи всему верили, придурки.",1
он уже заебал куда не зайду везде вижу этого попрашайку,1
"с слабо умными общаться нет желания, а ты как я погляжу ибанутый на всю свою тупую башку, кончай свою писанину и иди застрелить.",1
"только в голову но через жопу, глядишь и в мозг попадёшь.",1
это не люди- это конченые твари!!,1
о ч в б хочется жшть бз саа со блядь как шшшv кту шиvр,1
"администратор, сколько можно наблюдать здесь этого полоумного недоумка ?",1
это у тебя война с твоей больной башкой.,1
жри с корыта и не хрюкай.,1
потомучто эти жиды вместе с вовай заебали,1
отлтчна выглядиш если чуток жир убрать пиздец отлична гргргр.хотятдвоюродные друзья.,1
"хмыри такие же, только уже и на низшем уровне, сегодня убедиться ^o)",1
"на кол его.., детей наших растлевает, сука!",1
"а я тут за вас агитку везде провожу.., а тут получается одна гондолейка.",1
"и сотня придурков с камерами, лиж бы какую нибудь хуйню снять.",1
твари если это сделали --- ублюдки,1
ублюдок кончинный его и его детей также надо.,1
"😂с чего ты взял,что ты журналист,олень ты чмошный!!!",1
"действительно охуеть, тебе сделали простое замечание,после которого единственный выход -в атаку ,да?",1
пьяное говно это а не десантники.,1
"если не чего сказать исчезни и не позорь себя засранец,",1
"что нас не убьет, нас сделает гнидами.",1
"ну если ты, безмозглый узбекопидр, опечатку принимаешь за ошибку, то это лишь очередной раз говорит о твоей безмозглости!",1
"и ещё, узбекопидр, открою тебе страшную тайну: быть россиянином, это не значит писать без орфографических ошибок»🤣",1
"только так, этим пидарасам и нужно показывать!!",1
"это флаг самой паскудной страны, , самой лживой страны мира,",1
начинают опять нагнитать бляди со своим вирусом щас бубут каждый дерь прибовлять,1
да это пишут пидорасы во власти а их больше никак не назовёшь 😂,1
"полетели пидорасы, туда им и дорога.",1
"кто это придумал , тупорылая морда хотя бы подумал, что пишет.",1
"а на пожизненно-кормить ,одевай,обувай много лет-----нет...пусть сдохнет!!",1
"дура ебнутая, ты о чем клава?",1
в жопу такую жену и тещу,1
"да уроды там какие то сидят и решают кому дать, кому не дать.",1
"ну то что вдв это мрази ---брат ты не прав, но то что ,ни кто кроме нас, как они говорят, так где вы .",1
"лучше бухать чем на стройке вкалывать за 10 евро в час.вместо лебёдки мешки на крышу таскать, или выродков начальников дебильные команды выполнять.",1
эти два пидораса несут нешей молодежи сраные арр европейские ценности,1
а до пенсии хрен до живёшь злюка!,1
расстрел чиновникам семью с лазурных берегов восстанавливать тайгу которую они продали.,1
особенно губернатора усса пидарская рожа холеная.,1
кота покрасили и куча долбоебов восхищается.,1
"издевабться над простыми людми, не полицаи а идиоты в форме",1
этих уродов надо самих выкинуть из дома,1
"слушай сюда бот с чужим аккаунтом,вычислить тебя по компу нехуй нахуй так что готовь жопу",1
ещё и кормить эту мразь 25 лет?,1
"в своей срани вращайся сама, беспомощная тварь.",1
ты не любимая ты по голове трахнутая,1
"ни все ж уроды,есть на земле доброта.",1
какой то дебил прикрепил кота к подстилке.,1
рос гвардия .какая в жопу гвардия.подлецы душегубы народные.двоих покалечили а скольких эти твари покалечили народа хоть на одного завели уголовку.,1
суки не любят правду пора по всей россии подниматься не включай заднюю николай народ с тобой,1
какие то долбоебские комментарии культ личности нулю бабенки поют.,1
на ты пидор людей баламутеш хочешь ещё штоб такие же пидоры как тоже вякали вас пидоров,1
"пидоросья развелось бля, как их земля носит",1
долбоебы на самокатах на дорогах смертники,1
"результаты нахрен не нужны, нужно как нам говорят массовость, т.е показуха!",1
"докатились, уровень зарплаты у нас как в нищих африканских странах...суки все никак не нажрутся 😡",1
"мудачка, без вариантов....я выше писал...",1
"молодца, хоть один нашлось мужик кто не хуй........ городит",1
от плохой жратвы видать все зубья выпали.,1
"просто жаль все наверстанное,а так может тупо забить х на эту игру и этих еб..х разработчиков му..ов",1
заебали ублюдки друзей разных без разрешения подкидывать...пидоры.,1
тварь это ты продолжай пупкину жопу лизать да и про пенсионную реформу не забудь .... поздравляю с прибавкой пяти лет к нищенской пенсии,1
"выгоняли....угрожали,убивали.....а сами ни хера не умели,так как все специалисты на производствах были русскими......русские уехали,а чурки так и остались тупыми чурками...",1
"вся фишка, заткнуть рот и загнать в стойло.",1
дебилы вам же жить в этом городе,1
а сам блядь в канаду с ебался упырь,1
то что эта мразь отмороженая понятно но раззевать свою вонючую пасть не стоет уж кому кому но не тебе шлюхе вякать,1
;-) у тебя язык острый а у меня жопа не бритая 😂 😂 😂 😂 :-d,1
"о,це дебил...не мудрено...старческий маразм крепчает!!",1
животные сидели и не возникали пока он был президентом а щас как шакалы повылазили из своих нор и начали выёбыватся-хорошо вас америкосы проспонсировали видать,1
вы что там все стали долбаёбами после маидана англасакскова.,1
"долбоебы.. президента ругаете, а выплат ждете",1
в дет домах дети не имеют что кушать а эти падлы..я свидетель колбасу и сыры высшего качества в мусорку и соляркой полили видитель санкционная..,1
что мешает аффтару - долбаёбу ходить в противогазе ?,1
этого сосунка выкинут как плешивого щенка!,1
"ты закроешь свой рот ебучий,ты спать мешаешь сука",1
"долбоёб, больше ничего сказать не могу,матерных слов не хватает.",1
"фирсофу с филатовым позвоню, скажу, что такую херню пишите!",1
"долбоебизм полнейший, все россия умерает,великая страна.",1
к своей башке присавь ствол дибил .,1
для меня теперь это две блядины,1
это что за хрень 2 раза поменял рыбу на клубных и 100 тысяч нет.это что вместо 5 тысяч по 50 снимают.вы там совсем охуели твари.верните мне деньги назад уроды мелочные.,1
в общем и целом есть такая вонючая кучка либерастов-п***растов.,1
которые всегда и во во всем видят только дерьмо.,1
"так вот, смысл их жизнедеятельности заключается в том, чтоб то дерьмо на вентилятор подбрасывать.",1
чтоб как можно больше людей этим дерьмом накрыло.,1
"ребятушки админы и модераторы, вопрос к вам, ну на хрена такое дерьмо?",1
"так смейся педрила..только поглубже на бутылку насадись..ну и вскукарекни еще что нибудь,утешь себя хуесоска🤣🤣🤣",1
еще надо было обосать эту тварь в джинсах,1
а то при ваших комуняках дохуя умнее было дормоедов?,1
могли бы суки и хотя бы червонцем наградить детям зта грамота нехер ненужна,1
"ты ни хуя не понимаешь и не видишь, кроме собственной кишки ненасытной.",1
останьтесь дома не выходите на митинги не поддерживайте пендосов.,1
не подведите нас не дайте либеральным петухам прийти к власти.,1
тебе чмо лечиться надо а у меня не хуя учить.,1
"как же,вы, тролешлюшки, уже зацеловали",1
"?...вы о чём?...там половина пидоры, остальные - бывшие шестёрки, подлецы и предатели!...серпентарий!...",1
"тебя муж пиздит наверное, уебище срюцкое?",1
его самого надо было запречь придурок.,1
"я его только за одну лишь пенсионную реформу за яйца подвесил бы, за развал россии на колыму!",1
"а хабаровск этого добьется, а вы сочи сидите ровно на жопе и ждите, когда за вас люди порешают!",1
"конечно можно сидеть и пиздеть, когда в г сочи вхреначили40 или 50 милиардов?роботяги хуевы!",1
"для твоей бабушки молочко и бублик недоступная роскошь по отношению к ее пенсии , поэтому совкодрочеры пошли нахуй со своими 5коп на метро 🚇 и 3 коп газ вода с сиропом!",1
блядь ......но с хорошими формами...........,1
"какой только, дурак, выставляет таких уродок, называет их красивыми?",1
юбку ибай сними.пидарас вечно юбку одеваешь.аульное быдло,1
интересно а кто фотал ведь он один в пустыне.пиздабол,1
ебланы уидет лукошенко у вас не будет тракторного завода,1
лариска епать нуты и дура планета совсем недружишь с башкой ее,1
"а вы черноротая тупая дура, пойдите рот промойте.",1
и что же ты тут делаешь и кого ищешь пиздоболка!!!!!!,1
"вот вы балаболы, хай бог помилует)))))) чмыри вы кого чмырите ?,,???",1
"вы суки жополизы вместе с горбачёвым и своей гласностю, плюаризмом , просрали продали прекрасную страну , которая называлась ссср а, теперь чмырите народ, что вернёте назад как вас назвать ?",1
этот пидор просто кипятком ссыт... бобик сдох и конец американской марионетки близок....,1
андрюха не заполней ленту всякой хуху (это твой хэйбол .,1
я титов николай служил чучково чирчик дра кто против меня гадости пишет свяжитесь сомной пидорасы поговорим будем биться уроды.точто пишете вы больные пидоры,1
а этот пидар себе богатого мужика походу нашел!!,1
мужики не обращайте внимания на этого пидораса,1
"проголосовали за лебедя а он голоса отдад ебнутому,вот и вся правда.",1
пидарасина выходит к воротам.. удар...,1
"это какой то урод--если в 44 года челюсть такая же, как в 9 лет",1
пошол нахуй педик забыл у тебя спросить,1
вы что полные лохи и дебилы.,1
"а девка тут причём, она прикреплена рукожопыми толлями.",1
"он общаться не умеет, аргументов нет, только оскорбления, даже с женщиной... он сам по себе блядоватый, пардон конечно.",1
это пидоры хуже чем геи ..позор россии,1
ебнутая тётка что б у тебя панос .всю жизнь был и рвота:d,1
а вы скотское стадо людей травите и убивайте собак.,1
"привыкли суки воровать миллионами, вагонами и всё им сходит с рук, стрелять таких надо чтобы другим было не повадно😲какая власть, таких вокруг себя и собрали, ворюги",1
"что за пидрила мозги ебёт, послали бы его нахуй да и всё...🙈",1
урод!8oi дай бог мальчику скорейшего выздоровления!,1
"шоха долбоеб, что он может ответить?",1
"а ты,тварь,себя уже в сверхчеловеки зачислила?не на народные деньги харю отъела?кто тебя выбирал?или как веника врио дегтярева назначил царь?",1
у меня предыдущий говно висит на карту не качает,1
возбуждение уголовного дела на всех пидоров которые избивали людей,1
"александр -мужчина , который четко пытается призвать падшее сучество -елизавету -милену ашотовну стать женщиной (если это не зек) а ты шлюха, не суди по себе .",1
"торговка пропитая, поощряешь разврат воровство фото форумчан и клонирование,а главное развратный тюремный сленг -.значит и сама такая же .порно художница и развратная старуха , фу у у у у .",1
и пиши русским языком лохушка безграмотная (в приклонном ) преклонном возрасте .,1
давай рисуй порнокартинки и пиши пошлые комментарии -это все на что вы здесь шлюшки голодранки способны .,1
"уебище, напишите нормально,вы,что не наши что-ли?",1
"да,чтоб вас всех в ливию,в югославию - под фосфорные бомбы,долбоебы!!!",1
а какой пидор сделал этот фейк,1
"как земля таких уродов носит,чтоб руки у него отсохли",1
а на платную парковку не рабоче-крестьянской быдло свою машину не может поставить и уважать других людей?,1
мне посольство рф не даёт отказ от гражданства этой пидорашки!,1
за какое место-он их душит.....кострюлеголовых...,1
"...ипать,ипать...кремлеботов как плесени...тьфу...",1
"шины нахер а вот газон здесь самый,самый ахуенный!!!!!!!!!!!!!!!!!!!!!!!",1
быдлу не нужно образование...пусть подыхаю неграмотными...,1
дебил.лучше бы в баню с женою сходил или с девушкой жаркой,1
"уебак, из за таких невинные страдают.",1
админ ты по ходу ебанутый фантазёр:-d,1
совсем ебанулся тварь в зоне его чтоб тоже поимели мразь,1
"вагнеровцы (грушники) убийцы ,путлеровские псы... мировые изгои и террористы,как и сам путлер -- карлик лилипут ))))))) отправились пидары в беларусь,чтобы контролировать ситуацию и по команде вмешаться... гамнюки !",1
ты еще тут сука ебучая уебни отсуда,1
"а это дергующее чмо, ниочем, корявые понты",1
недоумки... скоро людей начнут привязывать.,1
"с таким рублём и на фигу не хватит, блядь, довыбирались...",1
"как заебали, то проход в ноги и то валяние на полу... на улице так не сделаешь.",1
"у тебя инициалы дебильные.я работаю в медицине 30 лет.не пизди.развалили все ,что можно.в больничках , кроме физ.раствора уже ни хрена нет.это в москве вас убогих кормят.езжай за мкад..",1
"так ни кто не ставит лайки, а заработать ох как хочет, тварь продажная!",1
плешивому псу совершенно похуй проблемы пенсионеров.,1
"?это равносильно поговорке-жену отдай дяде,а сам иди к бляди.....вот так и живём,господа-рабы......",1
это тебе не цацки пецки в жопу песочек!!!,1
"не стоит жопу рвать на немецкий флаг- никто не оценит))) я бы бросила такого мужа и подала бы на алименты))) лучше иметь любовника, чем мудака рядом))",1
"что на твоё вымя мужики неклюют, кроме моего болбеса, так ты найди своего и показывай свои причендалы шлюха😬",1
масква это быдлы каторые жрут всю стану,1
"скорее всего или купленные..... за бабло мать родную продадут, пиарщики хреновы",1
"красиво говорит, только всем надо за народ беспокоиться, а эти ебанаросы только о себе думают",1
нd вы там охуели совсем друзь без в знака,1
егэ из одноклассников устроили.итак дебилов немерено.,1
"острый на язык с бабами, ху.сос.",1
"та пидоров тут нет, ищи в другом месте.",1
у оли ублюдочный жених у лены полный зал.,1
"сумашедшая космобабка, опять гонит дичь.... когда она уже приставится, мразь",1
гнида жидовская сколько ты людей наебал тварь белым и пушистым жидом жочешь стать,1
а почему не кто не видит говно вотошоп,1
у вас в родне и то всяких тварей!!!!,1
потому что некоторые мрази нажраться не могут,1
"сама бы она туда не влезла, явно упыри какие то затащили.",1
ну и дура твоя жоппа и ты вместе фотографом.,1
закрой уже свой еб...ник.,1
"в луганске он был...... если бы был, такую х...ю не писал бы.... козел",1
эй пидор свой подтяни клитор а то когда ноешь им землю ты роешь в,1
да здравствует лгбт блин фильм норм но сука все персонажи лг это перебор.,1
хуеплета на лагере в пидарятник загнать,1
очередной козел деньги зарабатывает на стариках.,1
"повезло этой дебильной твари в том , что народ донбаса не знает о любви паяца к бандерлоговским борцунам за нэньку",1
"а я бы помогла, твари конченые",1
вот пидорасы смотрите кто нами нынче рулит,1
уебучий «чтобы у тебя глаза видели до старости»,1
ну не любят в россии пидарасню если.,1
ты ебанутый на всю голову я лучше буду жить в псарне чем с тобой одним просто общаться,1
"вот так нужно всей страной,всем вместе.тогда меньше будет таких уродов.",1
две... твари...одна другой хуже....,1
"опять сука ссыкливая написала, которая боится свою поганую морду показать.",1
"стукани в кремль, или кому ты там усираешься подлизать.",1
эта шлюха публичная живет за счет отча!,1
и это уебище че то тяфкает!!!!??,1
из за пару пидарасов не можете обсуждать нацию.,1
ни хуя ты не поймешь про что я!,1
"дааа!всеросиисская шалава затьявкала,почему про своего отца вора не вспоминает?в чей команде и был путлер?мразь конченная.",1
"сука раньше всё в бункер уходило, щас жмотьё бля сделали, что не уходит, сторожи теперь сиди богатство :-d разрабы уебанки конченные",1
с твоей доходной внешностью лучше завалить ебало.,1
"нет не любим , он долбаеб потому что !",1
странно что сам плешивый ублюдок молчит и сми не особо освещают события!^o)﻿,1
"пиздец,такую охинею я ещё не слышала...дааа не думала,ефремов такая скотина,",1
а тебе уже видно головешку отбили.чего сидишь пес гавкаешь?иди мразь усатую защищать на улицу.,1
ой такие противные люди особенно вот эта тварина забыла как ее толи олеся что ли короче мразота.,1
"это дебилы, лавочки надо под ток на ночь.",1
у тебя говорит здесь гости:d :d :d :d бля уморы ..а бойко самая уморная кустовая шавка,1
да вы все долбоебы это химия,1
это без вопроса..... ебанутые те кто такой вопрос задает..,1
пидрило продажная мразина убери свои лапы от россии,1
"ну прямо прапорщики везде дебилы, а на них все и держится!",1
"ещё всякая бандерлога сраная будет хрюкать,что и как нам делать с донбассом!!!",1
"кто это сделал, тот пидар дырявый!!",1
"да мне похуй видят не видят,задай вапрос пидоросам пока !",1
"строят на 2.7 трлн, а только на кипр в год выводят 6-7))) от ебанашка, нашел повод для гордости)",1
100 тысяч дебилов по вашему выходят каждый день за фургала??,1
?твоё счастье лошадь что ты эту хуйню не сказала в хабаровске!,1
"и из за рекламы где эти спортсмены хуйню несут, теперь и телевизор не смотрю...",1
"хуйло рукожопое, съездить на вахту край надо",1
"вы там знать нрзнаете ничего, а пиздите хрень!!!!",1
чтобы у тебя пидор душевный хуй на лбу вырос за такие слова,1
"хорошо, что из жопной страны, бегут такие жопы, как вы.",1
"долбоеба ты в зеркале увидишь,и научись разговаривать с людьми, чучело!",1
это какой засранец такую хуйню придумывает?,1
"пшла нахер , со своим поганым языком, корова о9абоченная.",1
"вот бегай и унижайся иут , своей ипанутостью и сплетнями , про наших детей.",1
козлы ебаные 👎 👎 👎 👎 👎 👎 👎,1
"сашок пзьдец, позорище проебал последний бой!!!",1
пидр пидг пидр личного ничего работа такая фоого,1
как там в усропии пидорам живётся?,1
витёк и хрень какая-то ольга -это вам клоуны от павла терского по самы гланды!!,1
прости знаю что не читаешь но ты конченная блять хотя говорила и другое чтоьбез разницв атсамаьтрахаешься как только я лег под нож,1
"надо не страну срать ,а наше правительство !",1
путяшины шлюхи конченые и продажный пидорасы,1
об о ебаоф если мужчина думает что он меняет женщин как перчатки он заблуждается он просто ходит по рукам как проститутка,1
завидуйте молча сучки что мой спешит ко мне а не к вам :d :d :d :d 💋и даже не пытайся 😜😜😜😜💋💋,1
"не, ну я знала, что они ебанушки, а что это диагноз.... даже радует, теперь все пазлы сложились, не стоит больше кубатурить в чём причина:d",1
"если не забрал , то такая же тварь а может специально для рекламы ?",1
"как и сейчас стадо вислоухих молятся на плешивую крысу и желают, что бы он жил вечно, точнее она (крыса) обнулёныш всероссийский.",1
"скотина кто тебя держит в россии, просрался!!!!!!!",1
идиотские вопросы вы идиоты если пишете не пишите всякий бред идиоты,1
"там пидоры заседают, поэтому женщинам там норм.",1
ты ебнутый на все свои 3% мозгов.,1
привили всякую дрянь + выросло не одно поколение откровенных дебилов,1
!сука что бы было пусто такой мрази уёбок!!!,1
таких тварей в окружении окурка тьма.,1
это не тупость а пиздёшь либерастутки или хомячка анального.,1
"долбаёбы, они не понимают, что с этой же самой водки, будут такой же похмель как с обычной водки 😄",1
одна дура но найдется за это и любим подруг.,1
иди на хуй вафля выебанная )))) сосалка дырявая )))),1
"какаш, белорусы для россиян братский народ и не пизди здесь много, нацик.",1
пидары и шлюхи собирают сифилис..и всё говно везут в москву ..,1
"!это последний мой коммент тебе,и так уж слишком много времени на тя потратила!убери смайл полины ,не будь совсем дурой,не к месту она в твоем гнилье",1
где дурачком где простачком говнюк сраный,1
когда на он послал меня хй я начала к раздеваться такому ни х бй он ни готовы не были поднялись только брови,1
всех ублюдков лешить всего и под суд !,1
"как ласково мы его называем, боже мой , и это в надписи (кто там следующий ревнивчик ,убив￼чик, уродик...",1
"сколько же вас дормоедов развели,а край как был в жопе так и есть!",1
завяжи свой хуй узелком пидор вы чмыри малолетние и,1
вот на сурка ездили сравнивали коробки !и в конце финт на чз отлетел екстрактор сьвязались с новосибом чем стреляли экстрой идите на хуй!чз бракованный!,1
"а где же зинченко, краснописькин, пидоры молчите?",1
"латыш своим запором хвастается у шуха , чухонец пиздец",1
"идите нахуй, черти ибаные, со своими сраными лозунгами.",1
еблан косоглазый имбецил дмитрий под ником варава он же под ником алтай восток я алтайский пидор sч пос бао,1
"рот вымой и искупайся , вонючка, от тебя так и несет вонью с общ туалета",1
"срок лет так 25,дать надо этому умнику,и пусть сука сидит.",1
"идиот, а не адвокат.... будет денежки сосать с убийцы, лучше бы моральный вред выплатили потерпевшим....",1
а почему лопатку для жопы не продемонстрировать!,1
?вы когда группу перестанете засорять?олигофрены.,1
скорее вас муж чмокнутой женщины найдет быстрее чем ваша жена.,1
я и в твоей тюрьме хлеб с маслом есть буду - не твои пидор!,1
опять какой то мудозвон появился...провокатор.,1
да конченный таракан..просто заебал всех этот долбанный колхозник,1
оглох додон ты тебе народ уже открытым текстом кричит нахуй иди vеzи тгаdисегеа,1
"отпуск бля он проводит в германии :d :d, там своих беженцев хватает, ещё тебя чумазого содержать.",1
она старая кляча узбекская😂😂😂 программу не наебешь,1
"лидеры, навольнята и всякая мразь слетевшись народ бузить.",1
"за эти вещи сейчас статья до 5лет,а там он станет пидором.настоящим!!",1
"во время надо воспитывать,чтоб потом зря дибилов не лупить.",1
"тебе, пидарасу, видно все мозги уже давно отбили!",1
"а хули тогда народ на улицу вышел, идите им покажите ваши 9 мифов, они вас за плюют, вместе с вашими мифами!!",1
"ну ты и гондон,тебя туда обосрёшъся напрочь.😈😈",1
ты мразь почему стыдишься русского языка ?,1
я смотрю ты далёкий.. дб..)),1
что дураков нашли хуйню такую показывать,1
ебанутые.... пиздец.. сколько не адекватных людей на планете... (md),1
ну пиздез такие умные пропагандисты как и если он у власти 20 лет он уже великий человек???,1
"идиоты гитлер у власти был примерно столько, он по вашему тоже великий???",1
вот эта блять политика пиздец какая нахер перемирие блин довно уже весь домбасс жил спокойно.как получат пиздюлей сразу перемирие.,1
"каждый год, найдётся пьяный дебил, который даже праздник достойно отметить не может🤷‍♂️",1
я дв и эту суку знаю не по наслышке.,1
тем более когда пару раз повторишь любую хуйню - сам начнешь в нее верить!,1
"какой мудак, выложил этот пост, вы блядь что жили хорошо при ельцыне или горбаче радуйтесь сука что живёте спокойно без войны.",1
"её руки,за хуй в реале",1
"ну она -же просто уебище ,кто там что-то находит.",1
вот идиот дадумолся куда ребенка посадить бестолачь,1
"млять , кто считал или считает этого ублюдка ефремова великим актером??????",1
почему эта сволочь до сих пор на свободе...!,1
слышь курица ты бы не оскорбляла бы наций не которые тебя реально могут поймать язык твой засунут кое куда,1
"на такую шею хрен залезешь и на пьяной козе ни хуху не объедешь.никакой он не петровский,мудаков её фамилиё...",1
а вся эта поебень ради выборов .,1
да ему по хую он от этого кайфует сука,1
молодец разебал тварей и мазей ублютки еврейские единоросы,1
надо не запрещать а ебашить последователей кто ходит на нее.,1
нечего долбаебам плодится и собчак и многих еще псевдопевцов.,1
тогда им х... по большой морде а не аренду,1
эта падла дохуя в чём виновен8oi,1
- да ты сучара не помнишь какой год ...в таком состаянии ... гореть тебе в аду......,1
одни пиздаболки пиздять как надо что в городе мужиков нетто познакомиться,1
сам ты обсосок дебил холуй петушачий,1
во тунеядцам делать не хуй....по (понятиям) живут фраера....,1
"2020. утро,7.45..... вряд ли эти утырки заседают ночью",1
пиздализы хуевы тут собрались идите работайте чтоб таких ш ар ебать.,1
"расплодились пидаросня и лесбизянки, как тараканы, вокруг один разврат и извращенцы, а нормальных людей всё меньше и меньше.",1
"и хочется задать вопрос господу: когда ж наконец наступит второй всемирный потоп, чтоб эту погань смыло с лица земли, как дерьмо в унитаз.",1
разве там советуют на жопу приматывать👎(sr),1
"ничего не планирует и плывет, как говно.",1
что она пиздоболка муж ию говорит денег нет у них а она маску заказывает дорогую несколько тыс,1
блядь работа была зарплата была производства работали такой парад провёл красава !,1
праститутка мытищенская ты ни чего не стоишь .,1
чета не нравиться мне этот пидарок,1
когда извините за резкость выкините из ленты мудака рублева сего ножами !,1
!он уже совсем охуел рекламирует нацисткие кастеты !,1
в очко натолкать эти миллиарды ненасытные твари,1
лукашенко и его холуи трусливые шизоидные пидарасы.,1
сука позорная а сама тварь не нахлебник за счёт народа живёт гадина.,1
пошла ты на хуй и тот кто тебя выставил,1
жирик предал фургала жопой крутит скомарох,1
какое уебанное еблищек у этой шлюхи.,1
видимо гнилая душа отпечаталась на этом еблище.,1
"жирная , ты тут всем нахуй насрала",1
а вам можно сволочам убивать детей донбасса.,1
сколько лет вы проливаете кровь бандеровские ублюдки.,1
пиздёшь всё это тот парень погиб в бою тот кр то поднял эту тему полное дерьмо сука последняя,1
во первых идиотом являешься тут ты во вторых изначально я к тебе обращался на вы и не оскорблял оказывается к тебе надо было отвечать как дибилу,1
"дебил а причём тут устав, я тебе говорю что ты баран и быдло а ты мне про устав олень",1
dигеvеsтпик смутноевремя интернете чем пишут в в про какое хуйло основном то да интернет надо отключать,1
"- да, сплю блять... - ну и спи блять!",1
"очень сильно жалко валечку,нашла себе какого то урода блядь, никогда нигде не рисовалась,как некоторые звёзды,жила себе и жила .такая молодая...светлая память тебе ягода-малина!",1
"походу он не только ,,петух,, но и садомазо,раз в такой день вышел с плакатом.вообщем мужикам аплодирую👏 👏 👏",1
"загубить такую красавицу,это надо быть просто нелюдями, надо жестоко наказывать таких двуногих тварей за жестокое отношение к животным",1
сомневаюсь что в семинарии учат брать бабло за богослужение...пидар бородатый.,1
блядь шах мат и без мата а можно блядь шах и,1
дебилы самые настоящие.абсолютная деградация в головах!!,1
так такие вот ублюдки все гектары в россии и обосрали !,1
"суки уже пол гроба из жопы торчит, а хер из политики уходят.",1
"ахаха,дураки,я думала что-то готовить будет",1
"вы - позорная, ссыкливая нация, ни родины, ни флага.",1
"на странице поставил москва, своей нацией назывешь других, типа оскорбление, типа сам не при чём, фотки кидаешь, то с хоямом, то кавквзцами, хвостопады ебаные, нло",1
проста какая-то шлухо не хочит себя лайк паставит,1
"сидишь дед володька на толстой заднице и пердишь, вонючка бездарная!",1
суки бил бы свою мать так.,1
от чего ты грустна моя милая тебе милая чего от больно унылая что ты снова такая чем ты вечно пизда недовольна,1
".....надеюсь, мордовской каманды ногожопой и кривоногой, мнящей себя межпланетными звёздами, не будет?",1
"это наверно на видео ты, долбаеб, по этому очко рвешь свое!?",1
ты не только болобол а даже пиздабол,1
автор иди ты на хуй со своими классами деду они и на хуй не нужны,1
как мужика можно назвать зай фу до рыготины противно💩,1
и этим все сказано будете холопы хуйла,1
"дебилы, - они и во львове дебилы, но уже с большой буквы!!",1
"грозный идиот в 94 года покоряли и охуенно покорили, что куча солдат полегло.",1
"а тебя пидараста ни кто и не спрашивал ,ваших румын... под моим воронежем и следа не осталось... одни захоронения...",1
её со свиным р.... пора вывести на улицу и отправить по летнице вниз .,1
"пиндосы рвут и мечут, и ничего сделать немогут, только своей сраной бумагой покупают халуёв - предателей.",1
"...федосик, ну ты и сволота ！ какого хрена ты сидишь в этой “прогнившей коррупц.россии”, если только троллишь, а не уе...из нее ?",1
осталось хуйло и лукаша на нары,1
",.баранова,, овца драная..побираться пришла))",1
что этот пидар несет кто-нибудь заткнити ему рот,1
твоё очко уходит в пользу форума!,1
"привет,саша!а они все поголовно говнолитики,экспёрды и спиздыалисты во всех имеющихся отраслях.а по факту-гопота навозная.",1
разве пиздабол может врать целых 20 лет путилойды говорят он не врет он просто пиздит п и з д а б о л и щ е,1
"я против ер, но народ, вы вообще охуели",1
давно пора бульбаша прижучить морда ахреневшая .,1
"я вижу ты даже не скрываешь, что ты шакал госдеповский.",1
"это какой надо быть мразью, чтоб пиндосам жопу лизать?",1
"в последнее время пиндосы активировались: то задержание чвк, то хабаровск...нельзя вот так, начитавшись интернета сразу делать выводы и кричать ;ату, его, ату!!!",1
видимо тебе молотом по голове и серпом по яйцaм хуйнули......a герб в рот зaсунули ok.ru/profile/569762549707/album/856803861963/897348986315,1
"хватит уже мусолить, тварь, она и в африке тварь!!!!",1
"!°нет ефремова, есть наркоман, лживый, мерзкий, изворотливый...",1
"когда вурдалак с упырями у власти , народу придет полный пиздец",1
"вы нечисть, кто кому платит,вы там зажрались в краснодаре, несете всякую чушь.хорошо живете тупорылые.",1
взрослый человек ... а пишешь как осел ебучий,1
гнать из минска послов пшеков приебалтов бандер пиндосов и соединятся с россией все будет тип топ,1
страна козлов и баранов голосуешь за худого глядь через год сидит кабан в еще меня телевизоре рожа что жопа как жить гад учит брат,1
константин ты прав у нас стала страна которой упровляют одни пидоры,1
уа ха ха пидар быстро я вычеслил что ты гей по женским фото?😂👎,1
"свой тyпoй выхлоп можешь свернуть в трубочку и задвинуть себе в место, которым думаешь...то есть в жопу",1
"иди на х,,, й своими протертыми джинсами гандон!!!",1
"надо было в башку ему вьехать, это жидовский пародист и чмо?",1
вот такие долбоёбы и управляют страной,1
рублей выходят на митинг...всех на карандаш...чтоб таких мразей небыло у нас в россии,1
пидор страна ну по тому что кто у руля,1
"чтобы у тебя пидара руки отсохли за такие надписи ... иуда , иногда головой думай что пишешь!",1
скатилась ты пиздимеюшка до прозаического быдлячества.,1
гиены подобие шакалов -существа дюже мерзкие... ...,1
"стань долбаёбом официально, получи гражданство россии!)))",1
"всеми силами это пидорьё пытается протощить боевую вакцину, погибнет много очнитесь люди.",1
будут хуярить на лабусав..и. пшека.,1
"странно, почему то не поставила до сих пор этих тварей на колени.",1
бля как вы достали со своими тупыми вопросами,1
"этот тупой мойщик машину пеной залил, а хозяин долбоёб???.",1
"какие уроды, это же пидоры натуральные, и в кортеже тоже",1
"позорники, алкаши, не хуя бухать, если жена пилит.",1
"хочется плюнуть в их наглые, противные рожи, мрази",1
власть уебков хуй вы остановите хабаровск стадо некчемных,1
"не избавиться, а сама хочет подсадить белорусов только на пиндосовскую иглу.",1
"да уж,с таким уебаном мне тягаться не с руки.",1
"пиндосы сказали, что он демократ и вся шушера кричит:де-мо-крат!!!",1
"пиндосы сказали, что и. в. сталин палач и опять вся шушера хором:па-лач!!!",1
"цирк и клоунада... все в полной войсковой экиперовке , как будь то только с позиций пришли... но сука чистенькие и вымытые.. и бля в масках от короновируса..!!!!",1
если человек идиот ациональност не имеет значения,1
эти твари давно охуели а мы все терпим!!!,1
а ты блять хорошая рот закрой,1
иной раз убеждаюсь что все кутюрье гомики а точнее долбаебы,1
"вытащи хуй криворылого выпиздыша сраного максика жукова из глаз, посмотри на себя в зеркало, ростелекомная блядь",1
на стройку эту блядь старую пусть стены штукатурит,1
этим пидорасам имя лохмачи больше они не заслужевают,1
а его мразь выпускали на сцену .,1
а какого же х-я ты мразь ползаешь по российским сайтам лижи пиндосам жопу на их сайтах,1
а урод то сидит на уроде и уродоп аругим погоняет и это всё при народе который приветствует вроде и всё бы одобряет вроде,1
не просто устал ты просто весь народ заебал,1
"долбоеба кусок, слов нет одни эмоции.",1
как таких долбаебов вообще земля носит🙄🤦‍♂️,1
в жопу себе вакцину эту забейте!,1
"когда штампуешь,хоть проверяй,эрудит хуев",1
"как задолбал этот ежедневный спам, и придурки, радующиеся спаму!",1
почему гнусных спамщиков и их лизоблюдов не блокируют?,1
гнать этого старого козла в дряблую шею!,1
dеsтиvатиоге бандеровцы в киеbе ебаный стыд,1
"а я презираю вас..вы будете лизать жопу власти даже тогда,когда она будет вас топтать и убивать...",1
"доказала ,что ты шаболда под заборная ,да и хорошим жёнам такое дерьмо на мужского... на хуй не нужно .",1
"ну что сказать,не знай они такие тупые ,не знай больные вот наши отбросы общества,далеко ходить не, надо,,,",1
"а , где фашистская символика , она так к лицу этому уроду !",1
сука тварь миша а хер тебе не мясо без костей,1
10 % долбоебов не довольных что тягают с польши гавницо разное.,1
ефремов трусливое подлое мерзкое существо один негатив вызывает эта падлюга,1
пиздуны эти академики от науки...с зубилом только сломать можно...а такой шедевр с 3dмоделированием можно сотворить😆,1
"козёл, урод, нет слов, ему это аукнется.",1
тяжелые времена хоть и кот но сука явно переилеывает шшшук ипи уроz пе шш ук сощу урошиvа,1
послушай да как к тебе зайти почему всё зашифрованно какая хуй разница всё равно все шлюхи,1
"во втирает скотина , вижу что пиздит но верю",1
"я тоже про это читал, пиздец пиздюку",1
"пусть тварь попробует прожить на такие зарплаты, как люди выживают",1
"пиздит как дышет, а дышет часто 😡 40 лет назад небыло ни бедных ни нищих",1
"каждый день жизни этого хуесоса,этой бляди жидовской уже преступление!!",1
да что им щемится ани наших педиков видели есчё 90 х када каждому пидору дали добро пренемать их гей парады денежккой с хуя пренемали .,1
пусть едит там наверное на хуй евро больше превязывают .,1
этот панин пяный по гастинеце рассекал меня жена остановила !,1
чтоб этому чмо я с 6 этажа летать не научил .,1
это не фильм- сказка от тупых создателей.,1
ты же тварь сама ноги раздвегала хоть и видела что он окурок,1
а ведь как целовал задницу поимел.,1
в ментовку только такие шакалы и идут.,1
"вол только тебя здесь блядь и не хватало, припиздышь!",1
мой знакомый один утверждает что он другой я с с планеты ним не спорю я тоже что верю планета долб ебов существует,1
смысл в том что все политики пиздаболы!,1
?а что же ты народы стравливаешь мразь ?,1
"слышь,о таких вещах не шутят наверное,ты совсем дебилка ?",1
учить плавать ребенка таким способом будет только пришибленный на голову мудак.,1
"и да, трендюлей пьяное и тупое быдло получило справедливо, но мало.",1
тварь бездушная как можно было бросить такое чудо была бы у меня возможность забрала бы себе,1
"сколько-же пидоров в игре.один из них-alexis id 11097547.чмо конченная.читер голимый.не указана страна игрока,нет фото-значит пидор,шифруется хуесос",1
"говорят что бабы дуры,а мужики пиздец",1
"а что, ссышь насоящую рожу показать на странице??? )))))",1
"да этих пидаров воопще в концлагерь надо согнать, шоб блять за баланду работал года 3 !",1
"ну откуда столько долбоебов.вот пишите,абы написать",1
"конечно супер.блядь,и не отрицает,что она-блядь...",1
соловей...ты давно усирался в чужих руках....инет и так пестрит всякой хуйней а тут ты безмозглый подливаешь....с тебя и так все смеются....придурок.,1
"придумали ещё одну кормушку себе,суки.....",1
"да вам кому только не дай власть,вы хуета.",1
"все заднеприводные за бугор , там все такие , либо здесь вы сдохнете животные.",1
"​гавнюков за бабки на улицы вывели чтобы гопника опять во власть вернуть,стадо баранов",1
100%уверена что эти чмошники только пяные герои а как протрезвеют по углам прятаться начнут.,1
уроды чему вы людей учите психология личности дай бог здоровья кто такие статусы высказывания выкладывает в ленту,1
"страна у нас еще существует, наверное благодаря только тебе-писака херов!",1
мож котяра думает что та а у ела совсем вот и бегает хавает сволоч блин,1
"значит он разделяет идеологическую платфому суки, предателя и дизертира солженицына.",1
"они сегодня все на отсосе, по крайней мере до 2024 года,а там посмотрим.",1
скоро от такой жизни друг друга стрелять ьудем,1
не ну сука как это животина вообще живёт кто это есть,1
хахахаха хуй тебя пробай прихади комне дибил,1
уй билять кто же их рожает баранов!!,1
у меня стороила одна бригада и от начала и до конца пидорасы.,1
пупок скчем закрой а то ваняет,1
"на место этой купюры хуй ей да потолще,размер открытого хлебала вон какой.",1
"как вы заебали,лайка попрошайки 👎",1
"да блять тут полстраны таких,суки охуевшие.",1
на кол их а имущество народу детям и инвалидам,1
человек без чести и достоинства - гнида,1
при ссср было 14 членов правительства!а сейчас 400 долбоебов не могут навести порядок в стране!!,1
"уебище какое то, красивее советских кораблей в мире нет",1
"ублюдки, чтоб их забили так же (спасибо кто спас",1
ставить раком этих пидоров из новоалтайска!!!,1
"причина не в пришедших во власть долбоебов, а в население, которое этих долбоебов выбирает.",1
"был ссср...сейчас - бляди у власти, шлюхи с телеэкрана, народ - в жопе, глухой заднице....только вооруженное свержение этой гребаной власти....!",1
администратор в этой компании малолетний уебан 👆,1
ага еще и вас пиздить раз в 100 лет.,1
чтоб на конец начали так же око за око с 10ти кратным плюсом минских соглашений пидармоты никогда не придерживались,1
"вот блядь молодцы,обожаю нашу власть,аж до блевоты🤢",1
жожик милославский в паре с арсением осадчим- два стикерных отменных пидармона шпарят аж их чпокнутые сраки трещат!!!,1
"ну вот то , что ты долбоёб это понятно .... ну зачем свою тупость и безмозглость выкладывать на всю страну ?",1
то годись что к тибе коты тянутся а не вороны обсеруть долбаеб,1
"!пока мы живем,,ты,тварь,живешь лучше нас!!",1
"русского мальчишку героя приветствует америкосский 3,14дор!",1
"да пошёл он на хуй этот вовик,а вы,мужики,из за дерьма не ругайтесь,вовка любит,когда даются,а он,якобы,разрулит,вот он какой,вовка то!",1
"а ещё советскую (самую лучшую в мире) школу кончал, дебил!!",1
пизда вашей власти и вашим кормушкам.,1
пусть они вас сволочей с собой берут вместо туалетной бумаги.,1
"сучка крашеная ну почему крашеная, это мой натуральный цвет.",1
гнать этого поганца поганой метлой.кроме пиздабольства нет ничего.,1
как можно менять детей на ебарей .зла не хватает.,1
когда этот долбаеб будет сидеть в тюрьме,1
"фу бля позорная,грязная и не бритая,фууу",1
а вот при нынешнеем образовании молодежь тупая.,1
по шел на хуй со своим коментарием ты че врач что ли ?,1
слушайте бляди если вы не вышли замуж то не хуй и пытаться,1
"...устала что-то,закрыла 10 банок вишни с коньяком,шоколадом.апельсином,в разном сочетании-понравилосьне приторное как обычное вишневое!утром какой-то пидор пытался профиль взломать,админ оков восстановил доступ!",1
сука противно смотреть на этого пизд...бола!!!,1
"потому что только долбоебы ,либо за бабло ,могут сделать наземный пешеходный переход через дорогу в 6 полос .",1
только это не протестуны а мрази и пидоры...,1
грех материться но на ум почему то приходит слово хуйло .,1
"так и будет , если народ молчать будет , не начнет киздеть этих уродов , извращенцев и русофобов !",1
"бля , сколько в тебе зависти ебиегорот.",1
"ты давай вот это вот прекращай , хуйня затея",1
"вот тварь, надеюсь ей все вернётся...",1
"какая разница,везде люди есть..не все же суки.",1
нааааа .... тебе дура..... напейся и утопись!,1
дибилы какой нахуй коронавирус вы чего все сума чтоли сошли,1
"какой он, на хрен, великолепный актёр?",1
"те, кто считает этого пидора даже просто хорошим актёром, ни хрена не понимают в искусстве кино и театра.",1
"ебанутый , ггей.. фейк кому тыкаешь уже тысячу опровержений было смразота ты хуйловская",1
бежал бы бл...ть впереди паровоза,1
дебил это и есть внешняя угроза а это не народ а быдло,1
"это не быдло, быдло ...это истинные преступники, которых затрахает потом совесть до смерти!",1
одни долбоебы здесь собрались не зная истины,1
ты ы шло чмо зловонное на хуй!,1
"пидор адольф не сумел их истребить , теперь имейте что имеете.",1
"пошел он нахуй,клоун,в бане будущим губернаторам пусть тухлый фарш месит😂😂😂",1
дебил ты дуркаев и полный скулишь как течная сука после пользования ----а толк,1
"твари бездушные, вас бог накажет за ваше зверство, уроды!",1
"сгинь на хуй!задрала уже,-хули свой зад подставляешь,неудовлетворёнка?не нуждаюсь в отвоих ответах!что выложено-это для людей,а не для шавок подзаборных!",1
"говоришь ты верно,но пиздишь наверно..",1
ты жопу не прятал от членов ребят .,1
эта партия есть использованный памперс единороссов...,1
как хуйло сказал.... она утонула ?,1
пидорасы и хуеплёты захватили власть в россии.,1
"полицаем изначально был урод сталин, когда лобызался с гитлером с сентября 1939 по июнь 1941 .",1
"сволота , все забыли , но ничего эуропа им научит жить , здохнут все .",1
"в семью лезут блядовитые бабы,у которых по сути своего ни чего нет.",1
"убил человека, и в данный момент отрицает свою вину , ну не гавно ли ?",1
"и чо истерику она устроила, отхуярили её по ебососу и закинули в машину, вопрос с истерик ой решён, проблема бля.",1
кто решает... кастрюлеголовые долбаёбы... дебилы бля....,1
помню бородина говорила что оля лечись неспроста же она говорила потому что дебильная она ей детей отдадут только от каких-то бомжей,1
"говно вопрос, передернул и нахуй чотттам возомнившую о себе очередную дуру(((",1
у таких тварей как ефремов адвакатов быть не должно судить сразу и до конца жизни артист похуист,1
быстро подобрала свои губища с пиздятины и сдриснула на хуй !,1
...как будто хочет сказать: ну и дурачок ты у нас... зачем кошке танцы?😹,1
"народ заслужил пенсию жирдяий, а вот ты жирный точно у народа на шее",1
"это не только наше право, это и наша задача рассказывать правду, не только нашим детям, но и твоим выблядкам, которых ты воспитываешь во лжи, курва бандэровская.",1
"дебилы не доделанные, в такую херню вам даже сша не поверит.",1
"!полный беспредел ,прям в начале сезона,бомжы вы че совсем что ли прихуели!?!?!?!",1
такие сволочи тоже есть на белом свете?,1
"когда вы власть имущие шакалы, рабочих будете возить : лутугино, 6петровское, луч?, когда вы бляди 60% апреля отдадите?",1
да в точку заебал а не заразил из нас лохов пытаются сделать чтоб мы деградировали как нация а они китайцев запустят когда мы передохнем хуже чем ссовцы в 41 издевались,1
"баба дура на всю голову,точно кто то написал,,необразованная,,",1
сколько ещё уродов и некому ему мозги поправить,1
"в очко себе ее поставь,может подохнешь от нее как тварь!!",1
так что и заткни ебло на счёт того где лучше.,1
"простой народ вьебывает на своей земле, а не шастает по планете как проститутка.",1
а вы бляди воду мутите и все вам мало.,1
"ты сама тупая,какие маски,какой висюрус,уде давно понятно что это все ху...я",1
"ты гондон пошол на хуй отсюда, пидар конский",1
"интересно как этот попал в депутаты, я все больше убеждаюсь теперь в думе одни идиоты",1
"поклонится дура конченная , такая же пьянь , как и её обдолбанный кумир .",1
"меня порожает такие идиоты , которые заступаются за таких тварей , как ефрем .",1
а всю эту либерастную шоблу в задницу.........,1
"он сразу подписал себе приговор звание - пустослов и балабол, этот чак норис.",1
"действительно, что вылез всеми позабытый что бы обосраться пустословием.",1
"ничего не помню,угашеный в хлам значит был,вот уроды что творят,раньше и актёры сидели,если закон нарушили,а сейчас сука херню выдумывают всякую, чтоб не сидеть.",1
гнать их на хер из думы.,1
"дебил,за решотку тебя и лишить всего!",1
лохи на донбассе воюют кто хочет крым в кассе билеты в,1
а щас эти пидары забрали то каторе строили нашы деды.и снашают этим нас.,1
"а этот дебил гена фома с жениной заметки,его никак закрыть нельзя?",1
конченный мрази кукушка променять ребенка на какую-то вонь.,1
гореть им в аду синим пламенем.,1
"а вы упрямые бараны, не хочу, не буду.",1
на балконе мы психологи на кухне мы политики мы философы и лишь в сети в жизни как были долбаебами так ими и остались,1
лупить надо всех продажных которые оголили (на большее они не способны) свои задницы перед такими же из запада.,1
смотри янукович как надо вести диалог с ублюдками.,1
пиздоболы у всех там дети и капитал смешно аш,1
идиоты--лишить родительских прав....прикрываться детьми==это преступление.....судить ублюдков,1
это же пидора баскова тесть.ну и семейка.обалдеть.,1
"тварина сиди у себя в ауле, ибо не хер со своим рылом в россию приезжать.... 😡😡😡.",1
лет пять тому назад это фото было в журнале - рекламе проституток.,1
"я то точно знаю где я и ты хоть на гавно изоиди, мне похуй!",1
был гнидой и ей же и остался,1
чудово!цаме в цюпу позу ви мразюки поставили краину!,1
"я же говорю, что ты только говном и умеешь кидаться.",1
а знаешь почему у тебя дерьмо изо рта лезет?,1
"это потому, что ему через твою жопу хода нет.",1
вот твоё дерьмо и ищет другие доступные дырки.,1
у тебя же рот с анусом напрямую соединён.,1
ебанутые тогда и кошкам запретить мяукать.я просто охуеваю от наших долбаебав,1
придурки тупые главное а не группа,1
долбоебы их используют и выбросят как гандон,1
трахаете вы сами себя с отрочества..эх егоривна,1
"бля мразь конченная, отродье сучье, откуда вы вы суки беретись😡😡😡",1
пидоры только снимают своих же собак зассали отогнать желаю этим пидорав в лесу встретиться с медведемь,1
"дебилизм зашкаливает, не только у сабянина, но и тех кто до сих пор носит эти,маски управляемые стадо.",1
"ты сашка сам дебил или такой же ворюга как и пенсионный фонд, дебилоид!",1
да их хоть говном обмаж насикомые на них не сядут потому как ядовитые,1
конечно двое на подхвате можно и в течении беседы нанести удар лох ебаный и друшки такие же не спортивное поведение,1
сука...не успел андрея задефить...пока переходил к дефферу у него офф ёбнули,1
хренота он а не актер его отец в гробу перевернулся позорище посадить его надо однозначно и не каких поблажек на лесоповал к народу поближе элиту сраную,1
засунь свой язык себе в жопу .,1
да по хуй сука пол страны синька чемо.и не хуя молчат.одна кокая мразота известная пережрала водки так пиздец катострофа,1
"жаль нельзя, труп отдать полиции, зачем он живой, мразь.",1
с макаками не разговариваю красножопый пидор,1
"если один мальчик смог развалить страну, то значит не страна была, а кучка из говна и палок.",1
пиндосы завезли коронавирус в китай...но жестоко просчитались...коронавирус бумерангом перекинулся в сша...:-d :-d :-d :-d :-d,1
старшой в погонах нервничает!масочку то надвинет то сдвинет.бздят суки!,1
"вот стадо, старых озабоченных идиотов и ты в нем самая ведомая овца",1
да уж мразина она ещё та тварь наглая,1
слышишь ты хуесос америкосовский... не надоело жопу лизать америкосам ?,1
"и ты , ебанушка меня хочешь чему то учить ?",1
пусть лучше вгоняет себя в нервозное состояние популист что в его партии есть такие что и сказать и связать двух слов не могут дебильные и юродивые,1
долбаёб азербайджанский народ твою ж*** на горячий самовар поставит.педрас мраз.,1
уц пуле есть такая дура...всех ложить рядком.,1
это ебучей казахстан это здесь мусара гондурасы,1
"вы что , ебанулились совсем ебучие модераторы???????",1
"мерзкая бабенка не повторяйся , придумай скудным умишком своим что-то новое 😆",1
"для дигиниратов, которые любят коз и овец и очко товарища считается верхом блаженства,не понять",1
гондон твой пахан который тя через жопу хуйнул,1
"он ссыт своего алигархата - закажут, тех ,кто правду про махинации алигархов говорит, тех кто популярность у народа набирает,под него копают,вроде.",1
"если бы не бздел, не опустился бы до вранья и всякого рода фальсификаций.",1
бандера лиэать пиндосам изжога не заебала,1
"​ты до сих пор не поймёшь,так как тупица.кому ты нужен как пидарь?ты по жизни пидорас.как например гондон.вот и галину хочешь втянуть в передрязги.одним словом,гондон и пидарь.",1
"чёрт ебливый в лагерь его , лет на 15 что бы жизнь мёдом не казалось",1
да что ты доебалась до этих клумб?,1
а нахуя твои ебеня кому нужны?,1
"бля...думаю эт лучше,чем пидерасты в баре!",1
раньше были люди и с большой буквы а теперь больше хуи на блюде.,1
да пидобол еще тот и кто его слушает одному богу известно,1
"нет...просто пидорасы, вот и всё!",1
"табуретки на 3-х ножках, пусть жопу массажируют",1
"а ты какого хуя здесь делаешь на стариковском сайте, молодой долбоеб?",1
этот старый маразматик уже внес свою лепту в развал страны в свое время,1
"ира будь ты проклята, ты чудовище не женщина.",1
ты молодец но пидаразка за токой ответ:,1
"простите меня за мои агрессивные высказывания, я шавка и невоспитанное мурло!",1
сами мы лохи........ дальше будет хуже...,1
"неинач, суки дохлые, чтобы им руки поотсыхали",1
"потому что ты не ребенок , а алкаш",1
сразу ж видно что хуета и то что рядом сидит,1
"так они ими же и убиваются, только вот руками идиотов и тварей продажних....",1
чем хорош интернет добавил в черный список и ты пошел на хуй навечно,1
что старая вичуге и вичуге полеклинекам надо ставлят хорошенька пизды они вообще распустились это не понемают что люди болеют им похрен на людей они не шетают за нас людми,1
зато сейчас все доходяги на смесях пиндоских и всякой дряни во как нацию убили еще немного и капец всем🙀,1
смотри ей в жопу скоро не залезь,1
блять ещё один долбаеб куда страна катиться,1
язык свой засунь в жопу свою поганец!,1
какой то пидор или откосивший из-за ссыкливости написал.,1
"в россии много проблем будет ,законы у нас ебанутые",1
здохнет скоро и он и его выродки,1
"батька сыкло , начел лизать очко пукино , оставь пост вместе с тем у кого ты лижешь и валите нахер со страны и семьи свои в подмышки захватите .",1
вообще то все знают что обочина дорога для пидорасов !,1
"как же заебала эта ебаная бюрократия, когда же вы блядь нажретесь.",1
чтоб у вас поперёк горла встали эти деньги бляди ненасытные.,1
"ой,ладно,хватит защищать отморозка,вот посмотрите,ему дадут если не вышку,то около того,и правильно,распоясался гаденыш,людей убивает в пьяном угаре,скотина.",1
"дай бог, если очередному дебилу это будет уроком-не срать соседу.",1
ты озабоченая шваль на уровне половой тряпки.,1
вулкан из которого дерьмо фантанирует...)))) насмешила меня своими заявами...)))),1
ты про свою усатую маму шалаву такую же как и ты🤣🤣🤣🤣,1
хуй там семья считается когда все мирно и покой а нетак чужой в семье и нитуда и нисюда это несемья а свинарник😆,1
"слёт дибилов верующих в абс,ебс и всякую хуйню.и даже резина им не поможет.якорь лодочный.",1
а они его на хуй послали пидракара++,1
у какого долбоёба хватило ума эту долбоёбку репостить?,1
"твари, это вы и тот кто постит эту хрень.",1
"не, ту ему не какого прощения, мразь",1
"такая же и у нас сетуация произошла, что ху... на лбу вырос, скоты хоть бы призновали свои ошибки бляди.... 😡😡😡",1
здохла твая мать шлюха да и хер с ней что черви сажрали как и тваего пилараса атца)))😂😂😂,1
блядь она и есть блядь какое звание ей неприсвой.,1
"пиздешь, неужели не понимает что никто не верят а смеются , ну ебнутая и всё",1
"да что мы хотим от придурка , он таковым будет всегда",1
блядь слезу пустила.сколько заплатили про сказку,1
так ты сука и так не работал кроме как языком по чей то опе...👎😬😬😬😬,1
"они есть чтобы защищать народ от преступников на гражданке, а не зажратых пидросов!",1
"ты уебище, морда твоя в говне.",1
"?не скатина,а скотина,не посут,а пасут.......",1
запомни товарищи оппозиционер это не коммуни это и тот и другой лишь мартышки в блядском буржуазной власти цирке,1
эти черножопые из своих чуркистанов выгоняли всех русских,1
пидарасы - забыли и хатынь и всё остальное что фашисты творили с ними.,1
"а значит и драный их батька такой-же фашизюка, если не пресёк это.",1
"говорит вроде правильные вещи.но он аферист и пиздабол.народ давно его раскусил,вот он на старост и решил очки заработать.",1
а так он пиздабол как и вся единая россия !,1
ты что дура что ли с тобой никто не собирается познакомиться понимаешь,1
"тварина кончиная автор, обасать тебя мудила.",1
"вот и прально, не трать на меня свое время..сходи лучше с коликом че нить попили, если трезв, или с игроном вашим ебанутым солдафоном на пенсии...😂😂😂",1
тогда у задницы сразу появится кастрюлеголовый,1
"будь ты проклята тварь и твои выродки , посмотри, что ты наделала, продажная сука",1
"ты дура долбаная, с начала думай если есть чем ,а потом пиши.",1
"хамло в наморднике, два слова связать не может ..... и эти ч.....ки устраивают судилище ?",1
"когда его попросили охарактеризовать себя в двух словах, он ответил- говнистый ублюдок.",1
😂 😂 😂 😂неее ты тоже ебнутая бешеная,1
"и теперь он оказался пиздоболом в глазах народа , а ведь когда то и я верил ему больше чем себе., но он перещеголял меня.",1
во дебилоид......в задницу себе пусть дуло направит.....от гаубицы желательно.,1
юран создал но все что создано превратилось в жопу....я цсковиц но это беспредел!,1
а тут откуда не возьмис появился в рот...... судмедэксперт.,1
называю чертей отказывающихся от своей родины пидорами?,1
"и не держи всех за себеподобных,троллюга.",1
то что у пидара усатого крыша уехала это его личные проблемы.,1
если бы бляди получали по 10000 тысяч в месяц и 6 или 8 отдай за жкх вот я бы посмотрел как бы вы запели.,1
"слыш ты питух какой сука марс ,вы космадром построить не можите пидоры дырявые",1
"ещё будете следом бежать и в задницу его целовать, да поздно будет",1
"вы прежде чем такую хуйню выкладывать хоть сами то достоверность инфы проверяйте, а не играйте в сломанный телефон.",1
"олигофренка,застрелись за плешивого,может быть кто оценит...",1
народ зачем мы им верим и ходим на выборы мы ж этих долбоёбов выбираем ( я голосую всегда против или бюллетень порчу),1
о ч только долбоеб таксй кагты может неститакую хуйню гигоvаск ии,1
"дура, это только в нашем бульбастане и других странах протевоестественно!!!",1
то что ты пидараз это понятно но твой босс на много опережаеттебя,1
гасанов лох все правду говарить ханым😒,1
"на кой хуй нужны толстолобики в думе ,они не работаю а девки занас счёт и им для всё мало ебаная конституция",1
наша великая этим мразям ещё все лето бабки скидывала - не страна а рай на земле!!!,1
гребанный и рожают же таких....,1
"это твои предки не поняли, когда тебя пидора зачинали.",1
"жена председателя колхоза дала шестерки мужикам, а доярка маша давала только мужу, а в среднем по деревни они обе бляди",1
шакалы помоишные шоб у них могилы хуями покрылись,1
"начать уменьшение демографии нужно начать с таких бастардов, и выродков чубайсов и ему подобных.",1
"пердишь ты, потому как жопа дырявая😁😁😁",1
ну и какая нормальная мать купит эту х...ю своему ребёнку.,1
"только потому, что значек ух, ты, блядь!",1
"господи, каких только долбоебов нет на свете.",1
"слава те хосподи , на одного придурка меньше🙏",1
капец своих идиотов хватает а тут еще и эти пускай едут в сша они ее любят аж кипетком писяют когда америкосы санцые в водят против россии,1
"а где там пидорасы построить свою жопу топтальню собрались, в каком месте?",1
какое нахуй день рождение у девочки.,1
вы с этими сборами и классами заебали всех.,1
"слышь, чмо, этот пидор никогда наш не был!",1
сука только не в этом году 🤞,1
"свинья , пидараса ты в зеркале видишь ,каждый день !",1
"он и мне прислал пидар эту прокладку,alexandr shkodin ответил виктору напиши по теме.",1
"дима !это чисто чмошники ,а ещё их называли шестерки ,жопа лизы итд .....",1
"заткнуть бы этим охотникам в одно место ружьё,у нас стреляют сурков и не смотрят что у них детки и всё выставляют в интернет думают что они мачо,чмошники",1
зубаревой с воркуты надо в рот не мезин дать а большой толстый член для желудка,1
а им там нехрен было делать !,1
то не вояки народные а фашисткие прихвостни !,1
"эти десятки как припарка к жопе, десять дали-- с повышением газа, света, жкха,налога--- сто отберут за год,ебнутые вы что ли?",1
да так же пидор занял место и никому не уступаешь..,1
ты мне не паспорт ты мне телефон скинь блядень бздиловатая,1
"ты американски выкормыш, пошёл нахуй отсюда.",1
пиздежь не какой автобус не мешал.вообще машин не было.,1
обуть надо по полной сучка двухгодолавая.подавайте в суд .моральный ущерб на 800000 рублей после за руль не сядет.,1
"не думал, что он такой трус,предал и себя и отца, как пел круг, оказалась просто тварь ,сукааааа",1
"🤦‍♀️ новый способ для бж лезть в жизнь бм, приди мне пизду побрить 😂 одному тебе доверяю, привязка сильнее чем детьми",1
и представлять не надо:dпросто-пидарасы:d :d,1
эта мразь долже н сидеть раньше он мне нравился как артист а сейчас пидор а не мужик,1
ты нацис йибаней как можно паднять руку на женщин если кто небут тваю сестру или мать так избалбы как таких пидаразев земля носет,1
"передайте этим хозяевам , что они мрази, пожалуйста...",1
суки пиздят за неделю всё разволилось,1
я бы этим блядям не только в жопе засунул,1
зажравшиеся свиньи не пора ли вам в хлев,1
"платошкин н н в отличии от этого урода настоящий грамотный и прекрасный человек,а это чмо ,но я думаю скоро будет вертеться на своей поганой заднице.как земля таких уродов носит.",1
ваш кисляк разбавить... а ебанько это ты меня назвала?,1
"а у скотских ,наглых, ублюдочных буржуев будущего нет , хотя ,вру, есть,но я им не завидую!",1
а что хуторская что на хуй не кому не нужна,1
"корм и ведь,с.ки,не подавятся!!",1
.... ...сказочный долбоёб.....(md) (md) (md),1
"сильный лидер не врет, сильный лидер не пидр, сказал сделал, а вова , врал, врет и будет врать, чтоб у власти устоять.",1
"какая падла снимала гибель косули, нет бы помочь",1
таких пидорасок гнать в шею живут засчет пинсионеров,1
а механика для долбоёбов ....... можно тогда и на дровах ездить и угля добавить .,1
"вы вообще в себе ,что тварью обзываете человека ?",1
"гавно у тебя в башке, умник.",1
"это не десантники---- это быдлы,,,",1
ты такое же дерьмо - как и твои оппоненты !,1
"пусть попробуют заработать, а не в инете чужие деньги считать уебаны бля",1
"вот читаю вашу перепалку,и думаю,а на куя вам этот дебил нужен,чтобы с ним общаться,",1
почему эту тварь оправдывают?он сидел за рулем в гавно обдолбанный.если бы аварию допустил обыкновеннный человек.то засудили бы сразу.а кто такой ефремов?,1
"мрази пиндосовские, пусть с... т👎👎👎👎👎",1
"ну что поделаешь, пидоров везде хватает.",1
"дэбилы,а хули вы можете только пиздеть",1
нормальные мужчины туда работать не идут идут неудачники и пидоры.,1
твой рубль сейчас и говна не стоит.,1
и ты тоже нихуя не стоишь.,1
"засуетились , пиндосы...... чувствуют задница подгорает, теперь советоваться будут, координировать....",1
ето не пацан а выродок котррый готов убивать людей детей,1
вот уроды самих бы кто на улицу выкинул с детьми,1
один х...й пидар....сня,1
очередная мразь сделала гадость - и на душе радость !,1
когда вы долбоёбы упоротые уже угомонитесь ?,1
"этот ублюдок еськов сказал по матчу тв, что я не мог отменить пеналь, потому что это было бы нарушение регламента вар.... ну не пидор!!!!",1
когдть же этот уёбок пойдёт гулять по мосту.,1
"блядь, намешали все в одну кучу, и белок и антибиотик и фенолы всякие.",1
"пиздабольство это всё,у там родные живут",1
"вообще то, блядь, вором можно человека назвать только по решению справедливого суда.",1
"сабаки спасатели наверное должны уметь раскапывать да по нюху орентироваться а не по веревкам лазить, идиоты разве так можно издеваться!!",1
только этих придурков ещё не хватает!,1
"что за ебанутый смех!сразу видно, деревенщина,😞",1
вот сволочь!да чтоб ему аукнулся этот благородный поступок!,1
мужик красава👍 👍 👍 что бы не повадно было всяким шкурам ставить свои корыта где попало,1
что блха-муха не нашлось мужика прихлопнуть эту суку.,1
фнуресои отдельный привет хочется передать тем кто жил с я девизом вне политики чтоб ребят вы понимали весь творящийся россии в пиздец долбоебов именно из за таких как вы,1
конечно не пролестает 7 лет жизни это уёбище забрало,1
"урод, падла на человека не похож ,мразь ебаная...",1
"забудте пидоры голубой цвет не ваш,ваш цвет коричневый.",1
"ты пидор гнойный даже колхоз свой не можешь настроить, уебок.",1
сука ефремов ты оказывается тварь а я как актера тебя и твоего батю уважал а теперь падла пускай тебя бог судит,1
"что ментов пидорасов жалко, ну и пусть ломают вас дальше, а менты пидорасы когда празднуют себя хорошо видут, суки они",1
причём поганой ссука метлой её гнать из страны.. пи...............ина.ссука.,1
точно!они или читать не умеют или моральные уроды,1
"если либералы, пидоры его оправдывают-значит дерьмо!",1
евраз пидорасы показуха да и только в книгу рекордов гинеса не попали нет,1
три дебила ещё не весь десант двух слов связать не могут,1
"слышь дырявый, самоутверждаешься изливая понос нажимая кнопочки?",1
"не вижу смысла тут переписываться с тупорылкой, в реале бы поговорил.",1
только такое хуйло как ты постоянно съезжает,1
придурок твой тютчев.воткни в очко себе своё сраное величие,1
"для дебилов, которые ходят в масках и перчатках.",1
"пускай тогда скафандры покупают, дебилы:d",1
мразь конченная...в корне поменялось мнение об этом теле,1
"дура безмозглая, лучше бы за бабушкой ухаживала",1
дурдом ромашка..нету на сегоднейший день нормальных мужчин ....то гейтр пидораз то урод вот такой ..,1
ты какого хуя лезишь в отношения других и шлеш и говоришь ее мужику выйти отсюда ты швецкая баба?😂 😂 😂,1
"ебануэлька,говнозмин ,кукаревич ,наши известные либерасты -прошмандовочники !мировая дырмократическая шобла идиотов-мозгоблудов с весёлым шакальим завыванием приняли их в свою кодлу !",1
а тебе юбку и на панель,1
кто вам тварям крысам дал право распоряжаться народным достоянием суки едино пидоры,1
"ты и каретникова идеальной парой будете..один пиздит хз что, вторая тоже😂",1
после подобных речей и действий какие могут быть братские отношения хорошо хоть партнерские бы остались я бы с ним после всего этого срать на одном гектаре не сел просто ублюдок.,1
"пидорша, я буду белить фору, пока не перестанешь заниматься хуйней.",1
у власти те кто уподобляется американской системе....пиндосы своим капитализмом стали богаты и тащатся.... только вот что теперь после этого всего стало.?...,1
спившийся.опустившийся алкаш.иной бомж порядочнее и честнее.,1
при всей своей незлобливостии мысль одна - лучше бы ты сдох.тварюга.,1
падла шаркает.охуярить её тысячь на 500.,1
"не дети,, а выблюдки,,,, кто их родители,то в клетку к медведям лезут,,,то яйца ради забавы бьют,, из-за таких уродов страдают животные ,,,и все вокруг,,,",1
"уёбгений, твой комментарий- от лживых скотопидоров с кошачье -собачьего- едросовского сброда, ограбившего страну и грабящих людей...(fr) :-d :-d 😂 😂",1
у меня молли блядь и тоже в четыре утра.,1
":-d я ржу над дурачками, которые бабло кефиру отправляют, а потом ебутся с 2032",1
"очередной сука уебок, да не пойти бы тебе нахуй, обезьяна ты ебанная",1
то что твоя жопа вся в дерьме для нас не новость!,1
кому они всрались эти банедры еще и смотреть на них..ущербные францюватые и недоразвитые,1
"лада лох купи ладу лох,почувствуй себя л.....",1
ты петух молотить будеш?да по тебе дурка просто воет,1
0бляяяядь..ну почему в однокласниках один жопы,1
если вы бляди скромнее одиваться будите вас и за шалав держать не будут домогательство блять .,1
только безмозглая тварь этого не видит.,1
что самое интересное фукусиму им тоже пиндосы построили но как то через одно место :-d﻿,1
и всегда найдётся какой-нибудь фидарас который будет лизать опу провителства ..,1
"правда урод,,,, жизнь это бумеранг.... свое он получит....",1
успокойся и попробуй ещё раз членораздельно выразить свою мысль на русском языке нищий пиздабол,1
"такие вые*ки как этот смирнов, лучшая реклама атеизма)",1
ваша страна ...какая у тебя страна хуета ты безродная..?,1
"а придумывают всё, грёбаное дегенеративное правительство и вся эта пи.дабратия...",1
"автор, ты сам дибилоид или извращенец отстойный?!!!!!",1
с я все могу понять лихие о е на проклятые демократы враги западе пятая колонна стали но почему вы сука миллиардерами а народ бедный и нищий,1
потому что эти долбосенсы херня полная.,1
"подыхать будешь,тот же доктор и к тебе приедет.. скажи ему лично,как ты его назвал.. интересно,что он придумает,что бы тебя,херню тупую, спасти..",1
да блядь хотя ты почти и земляк а гандон ты штопаный,1
"таких пидарасов и надо так учить, подвозомнили себя крутыми пидарасы ебучие, гореть им из века в век в аду",1
я не видел свою жену пьяной голой... но вот блядей таких много повидал))),1
"она идиотка но только не ватная, она чурбанская идиотка, и рожа у нее пепсикольная.",1
я все сказал тебе привет от канала разносчик фейков и всякого гавна колясик-пидорасик!,1
ты главное после каждого написанного в мою сторону комментария не забывай из своего рта хуй высовывать!,1
"блять сколько всякие чинуши и их ублюдки дети,все молчат,а тут распизделись.",1
"эй ,рогулятина ...чё уже взлетело ?",1
"совсем с головой не дружит, дура",1
вот этих пидора _.. в которые спекулируют на больных и инвалидов твари,1
"автор сам не далеко от мера уплыл,мэр а не мер тупой дибил.",1
в пизду засунь свою россию!...,1
сдохнешь как и все в надеждах и нищете тварь!...,1
жир трест.да разве могут они с такими харями работать???,1
"он просто себе и своим пидорам делает плот, где его плешивого не кто не достанет",1
сейчас и в спортзалах половина полупидоры какие-то ))),1
а ты меркельский холоп и что дальше?),1
"либеральная нечистота это как раз ты лизоблюд опоголовый со своим со своим хозяином, он сам признался что придерживается либеральных взглядов!",1
"пидоры они одним словом,и президент наш тоже пидор",1
"какой нахрен вид на жительство,он пид)р визу показывает,чтоб резиденцию испанскую получить надо 3.5 года прожить или недвижимость дорогую купить",1
маразматик какойта пишет фейк еак вы надоели,1
"ты дура за собой смотри,хули из подтишка пишиш ебало свое не показываеш,позаблокировала все, или че есть что боятся.",1
далбаеб и все саляру чувствуеш хорошпя плохая тут на отработке пиздец а тнвд фильтра как протянут ✌️﻿✌️﻿✌️﻿,1
ефрем я думал ты мужик чмо,1
похоже ты сам из пиздосранска какогото дятел,1
вот такие дебилы считают себя защитниками народа!,1
"дааа,таких хватает,повороты не включают,пидарки!",1
"коментировать нечего просто простите за выражение сука,",1
ай молодцы......... страна шлюх и педиков.,1
"а что еще делать, если большей частью тут пиздаболы!!",1
когда же в россии все проснутся?или так и будем рабами пидарасов,1
спят а. пенсионеры пашут суки а не.,1
пиздец нет слов...... уроды....,1
"сайт для вахтовиков, работяг , а не для поноса бандерлвского.",1
"он не забыл, а обнулился 👎 👎 👎 8oi 8oi 8oi крысёныш !",1
"я,смотрю, мадам,у вас все русские-быдло и дебилы?",1
"а,вы,видимо русофобка и на минуточку христопродавка!",1
"а,не пошла бы,ты в задницу!!",1
"или потаскуха, а теперь блогершас переделанной рожей и похабная.",1
хорошее фото !скоро долбоебы будут про радугу спорить или уже спорят!,1
положите этого урода и уберите ей по женски чтоб это сука не рожала как свинья.,1
вороне хуй к носу подвели казлу в жопу,1
порю вот такое чмо несет такую галиматью и многие верят.,1
мозги и не выкладывайте таких дебилов в ютюб и т.д.,1
или пол страны тоже ебанутые стали.,1
"а чего ебальник закрасили , может быть его еще кто то бы опознал !",1
",+, с какого ху...... растет зелёный?",1
"вы лохи ебучие,пешком научитесь ходить,какие нахуй привода у уазе, чайники ебаные",1
ты сука самый основной вор в россии.,1
"еблан я замужем тринадцать лет, ущербный ты мой,мне тебя очень жаль,найди себе уже женщину и успакойся😂😂😂",1
"вот бляди, мужик обеспечил, она ещё пищит что то, если это ее слова!",1
бреднева..к ебучим хахлам теперь не какой культуры...враги они.,1
росбыдло любит вождя и вождь любит росбыдло!,1
ты про кого все пишешь еблан,1
"ну, чтож, ты страшная такая, тебя боятся даже, хулюганы.",1
"глухов, мне похуй на тебя, животное ебучее.",1
"а вообще иди на хуй, просто не пиши мне, мразь",1
"хуйня какая то, картинка с дебилами одна и та же, по 10 раз.",1
не могла найти где тебе гаду написать.,1
"такие падлы как ты офицеров в гражданскую вешали и пытали, фашистам служили в отечественную.",1
и ебло у ее тупей не бывает,1
"сто процентов твоя правда с 4 утра хуя ищит ,но все ее отвергают а она липнет как гавно в обуви",1
а работники магазинов твари им все аукнется!!,1
"ты сам у себя отсоси, потом будешь указывать русским что делать....",1
"обидно что этот сайт делает, из общения, в побор денег всяких пидорасов",1
"вся эта бандеровская х.. та нужна, чтобы стравить русских с русскими.",1
хотя в семье не без уродов.,1
мусор сдох и хуй на него!!,1
лучше вали блядь на х вам тут не места,1
"крашеная мартышка,тебя с мылом умыть,и показать ужас который предстоит увидеть.не суди,да несудима будешь",1
"из половины небесной сотни-алкаши, наркоманы и отбросы общества!",1
идиоты ебаные не знают с кого брать....,1
"да насрать на этих пидоров, пусть передохнут там все.",1
придурок лег а долбан лечит или думает что лечит,1
"о!хуесосина,нарислвался?по хуям соскучился,задрота интернетная?",1
ну отмажут это чмо адвокаты .....как оно дальше жить то собралось ?,1
убогая это ты...иди работай...чучело,1
с воркуты работница онкологии грязная давалка за деньги,1
до каких пор власть ублюдков будет уничтожать свою родину.,1
припиздиваете семья с 5 ребенком будет обходить митинги через 5 улиц.,1
а эти суки пошли и ребенка подставили.,1
"шмундыр или как тебя там по мове, заткни своё ебло, похмелись и ложись спать, чмо!!!!!!!!",1
с таким свинным рылом --хряк кастрированый--там давление под 200 сдохнит сразу без врачей чушкарь --!!!,1
дебилы сука совсем свехнулись фанатики религиозные!!,1
она уже заебала всех со своими шпагатами какбудто больше нет.,1
никого пластичней чем волочкова на кол ее и джигурду рядом,1
"помоему, тот кто делал ети снимки, гораздо ебанутей этой ангелины!!",1
да блин отчаянный пидарас а мог бы и душу богу отдать на суд,1
"а что же ты паскуда не пишешь чтто строятся больницы, заводы, садики, школы?",1
"а потом еще и спишет этот долг, а нам какой нибудь налог въебать.",1
слышь ты еблан русский язык и уголовный и упк выучи и не защищай всяких пидоров.,1
"с российским вроде ошибка вышла, вроде наши пидары.",1
555 заебатся-это я успел за одно утро,1
малолетние шалавы и родители которым похуй на все,1
"какой то хрен с бугра, вставил сюда какую-то картинку с женщиной и какими-то не типовыми словами.",1
"поздно хватился дядя,говно отмывать трудно изволяли хорошо.сука сванидзе иже с ним.",1
"лично я сейчас за дальневосточную республику,как 1918-1922г,сибирь,алтай,и др.проживут без москалей и пидорцев,а вот они?",1
пусть у себя наведёт коммунизм....а потом к нам лезет ...сука,1
"и я не оскорбляю, говорю правду, ты пидарок, в жопу чпок.",1
ваууу какая сексуальная сука просто бомба,1
"придурки вы, заберите всех южан коррупционеров, заеба..ли они.",1
"бабы брезгуют тобой,что ли?или ты уже не в состоянии стояния😅😅😅?ой бля,сколько же в руссопидорасии дрочеров,сука рашка😆😆😆",1
тот за данного гада.. когда в 90-е бомбили югославию.,1
"сейчас все, кто срет на страны, я надеюсь, получает за это деньги.",1
война в россии будет посмотрим тот время кто кого ж*** будет облизывать,1
но все ведь не могут быть проститутками как она...я думаю пусть соглашаются с ней те кто как она...,1
эти твари пусть пиздят своих детей матерей жён.,1
вы что суки святое трогаете это бессмертный полк а не ваша вонючая акция бляди лишь бы спровоцировать,1
а какого хера его слушать все равно наеб.,1
"члены экологического совета, засуньте этот завод себе в задницу!!",1
по харе бы ему этой нагайкой !,1
"чигорина, ты же пугало огородное, исполняй свои обязанности, не тревожь форумчан !",1
видишь вон пидфрасы сидят в кремле ебош туда,1
"только подлецы из 5 колоны хают россию ,но продолжают здесь жить пидерасты хреновы.",1
самое уебищное чудовише каторыи я видел,1
говорить--- долбоеб иианов депутат от едроса...,1
"как эти клоуны артисты замонали,наркоманы,и алкоголики ебанные.",1
"раньше были артисты от бога,а сейчас зажравшие свиньи.",1
"осторожно мошенники,эта тварь гуляет по интернету и обманывает людей,этот товар белорусской фабрики и стоит он от 4000 руб.",1
"таких надо сажать в клетки и возить по городам и показывать людям , какие есть уроды- больные на голову.",1
лучше бы сам ебанулся головой о стену мудак,1
по телику пиарят одних пидоров прививают нам европейскую культуру так что радуйтесь вы скоро приравняетесь к европе,1
что то не похож хорошо если это он а если нет то та мразь будет дальше нападать на детей,1
беларусы до сих пор тратят те доллары коротые заработали в начале 90!ты пиздолиз !,1
"и пусть возвращается , и агибалова тоже , дом 2 оживят , а эту хуетень беспонтовую прорядят и выгонят на хуй",1
"а тебя упырь что то не устраивает,ехой нахуй за гронитцу и не ной",1
"таких хозяев привезать за...., уроды",1
когда же настоящие хабаровчане поднимутся и сметут пидорастню со своих улиц !,1
"живность, сдрысни, прошэ... блядзина конченая!",1
"🤪ты под чем убогая, тухлого сала с гавном вьебала такой херни понакалякала да с такой скоростью🥳!",1
иди убейся об стену шиза с припиздью!!!,1
молодые говнюки ищут на свою жопу приключений все порулить хотят безмозглые бездельники,1
какую роль сейчас играет ефремов --дебилоида --что было не помню .что сейчас не пойму .спрятался за маской .сунул деньги адвокату.и сидит тихонько .,1
ёбну....ся и не встать!,1
наградить всех реестровых кловунов и всю хуету из генштаба вс рф!!,1
как они могут быть звездами если лентяи и туниядцы только жрут и трахаться,1
этот пи3данутый пенсионер знает в каком году триколор стал государственным флагом русского государства ?,1
"а от куда , по его слова , появилась двухголовая курица мутант, герб правищей династии византии, откуда на русь пришло христианство ?",1
"его надо нагоми пиздить и всех, кто глумится над мой родиной , россией.",1
эти ублюдки должны сидеть в тюрьме.,1
"делайте уже, суки, хоть что-то кроме воровства.",1
"мразота бакурская, ты шоры сними и посмотри вокруг.",1
"ты мразь рада тому, что что твои дети будут лишние 5 лет горбатиться на плешивого?",1
"ты сука, тут пропагандоские тексты вставляешь, которые не соответствуют действительности, конкретно - где ты сучара видела беспорядки, погромы?",1
ты мразь заткни свой ебальник и иди смотри первый канал.,1
"ты мразь считаешь, что твоё мнение это истина в последней инстанции, а 100.000 человек никто и звать их никак?",1
они же пидоры перепрыгивают через регламент по ходу турнира.,1
а все эти волнения для всей этой пропитерской шоблы - просто пустой звук.,1
"они сидят и потешаются, суки, над нами.",1
заебала эта всемогущая пидерская власть...👊 8oi,1
"ефремов не человек, а пидор в маске 😡😡😡",1
"автор пидорас .какие коменты ему не по нраву , удаляет .",1
ноино ту т аz на кол суку пым не,1
"сволочи вас бог накажет за то что бросили друга,вас в старости дети выкинут в дом пристарелых,дай бог да будет так.скоты.",1
я смотрю эти олероновская шайка все забайкалье заибло.,1
"нехер срать в чужой машине... многие думают раз деньги заплатили, значит можно вести себя как хотят, это не правильно.",1
обосрала машину ещё и наверное шум гам устроила... дурочка,1
"долбоебы, извините но других слов у меня нет.",1
"а даме по лицу прям сразу, как только блядина подумала об этом☝️",1
"из под трёх штанов, сука, трусы виднеются",1
"такая группа о самарканде, и этих блядей рекламируете, вот зачем????????",1
"тупой турист, перед тем , как вещать на весь интернет, почитал бы историю образования нашего города!!!!!",1
"о рюриковичах, он что - нибудь слышал, придурок?",1
"я лудше промолчу, мне до тошноты противна эта подстилка проектная👎👎👎👎👎👎👎👎👎👎👎",1
"насчёт пидара,то ты более подходишь.",1
"не выкладывай такие гадости, столько х... называешь, нашел, чем гордится!!!",1
"мразь, такие вот и мать родную за горло и родину!!",1
"вот из-за таких какашек- пидорашек народ не может жить по человечески,,, живем как сволочи.",1
"дегенераты шизанутые,бутылкой по голове двинутые",1
"если у вас есть пизда,то это не значит ,что вы женщина...возможно ты просто пизда(ch)﻿",1
да ну на хуй распиздяев из чернобыля трудно обойти,1
как ты без мозгов обходишься?дубина!,1
рома захар пусть разберётся чё хочет бьёт свою девушку быдла,1
в жопу ё.....й министр здравоохранения !,1
правят жиды и пидорасы.а долбоебы подпевают.,1
ты хуесоска рваная чурка а за футболиста я подам в суд обезательно ты ответишь какой он пидар,1
"тебя зопализу туда и послать тихари продажные подлые со своими гнилыми языками и продажными судьями, будьте вы прокляты зополизы.",1
!-неужели блядь в 21-веке-не умет бля снимать кино-ахуеть-такая параша-я в шоке-блядь реальное говно-!!!!!!!!!!!,1
"какой борзый и наверно только на женщин ,мразь",1
куча долбоебов.. это ведь шутка.. недоебаные твари взьелись на мужика,1
похож на урода чмо мешающий обществу жить фу какой гадкий мерзкий тип аж блевать хочется,1
выучила слова что ей виталий шкляров написал и собирает толпы людей .прихвостни американские,1
у тебя не хуевая кремлевская методичка.только от себя говори а не за всех.,1
"это не росгвардия, это откровенные пидарасы, и не надо их равнять с нормальными людьми!!!!!",1
"им место даже не на кладбище, а за забором, как проклятым..... это нелюди.....",1
"сука, ты и в армии 100% не был уёбище.",1
"ты тварь и мизинца не стоишь тех, сколько там погибло людей, мразь.",1
"не факт что так будет,а этот гандон какого хуя землю нашу раздает,дарит арабам и т.д",1
"а потом начнут мужья раздражать- их же кормить,обхаживать надо.такие люди- паразиты.они всегда ищут на кого бы свои заботы повесить.на родителей,мужей,любовников.",1
в бан тебя кацапская сволочь недобитая ублюдок!,1
она просто сука не достойная внимания.,1
"слышь дерьмо.. не хочешь степью, иди нах...!,штопанный.",1
"пишешь ни о чем, лишь говна плеснуть!",1
слышь ты алеша хуинная голова пусть девочка работает,1
и дубинкой пидарас замахнулся на инвалида - а если бы там был вдвшник???????????,1
это у*бище должно засунуть язык в жопу!!,1
хуйила мужики тебя ни лахатрон если так хочиш номер тоже пиши,1
та шо ты брэшишь пиздун на владимировича еблан,1
полеева подлая мразь с полутора извилинами .и ветром в голове а чего вы безмозглая тварь знаете об остальном мире и как там врут ..,1
"а как обидно-когда пидорасы-хотели (поплавать) в море,а их свинячую мову не понимают спасатели и одесситы-сука-утонули,да и хуй на них,пускай учат русский язык!",1
может это происходит из-за того что у них глава государства не плешивый пид..р.,1
"а я еще больший идиот, поскольку отвлекаюсь на эту ху..ю!",1
":-o путоельцинские лизоблюды какую только хуйню не придумают , лиж бы путоельцина выгородить и лапшу россиянам навешать !",1
простых ментов не тронут .а пидарасов жгут,1
"долбоеб бот тупорылый, за клавиатурой следи, не повторяй свою заученную бредню дважды.",1
"закройте тему,эта хуета так и будет петь👎",1
"допиздитесь, коли допроситесь, то и опиздюрят как следует!",1
"пока ваш мозг взвешивает и думает ,у вашей жопы рождаются мысли .",1
"ты долбоеб, ты посмотри за что ты работаешь, за что будут работать твои дети.",1
"то , что она засовывпла, засунь себе в рот, ублюдок.",1
как надоели эти долбоёбы шли бы работать,1
неееее это ваш финансист очкатый отымев вас с..бывае.,1
"слетает на марс и там сдохнет сместе с депутатской кодлой, все равно одни ворюги, пидоры да лесбиянка.",1
"да потому как , это паразиты , раньше паразитировали на деньги советского союза , теперь паразитируют на шее европы и как только еу.",1
когда же в киеве закроют фабрику по выпуску политических импотентов и дебилов ?,1
"да и ещё и пидор гнойный,гнидор пойный.недержание бздо и говна в будущем😤💩",1
"а потом армия спасателей дибилу, а в это время нужна помощь нормальному человеку.",1
"где то, я уже видел этого еблана таджика.",1
"да пидоры они все, а главпидора вы и так знаете",1
то же защищали бы эту мразь?,1
"эта тварь убила человека.пишут что он выдающийся артист,хороший отёц и что?",1
"нехуй пиздеть, ,что забыли, я помню.",1
а ты то из нишиты сука своровала гогда союз вот и всю страну своровали и сделали что народ стал как рабы.,1
ищу женщину35-45лет для любви и секса австрия форальберг мои фотографии в личке желательно нё толстую о себе при встречи пидорасы мимо,1
они же похуисты ссы в глаза божья роса...,1
"ну ты с умничал автор этой херни ты что один все в россии секеш ,амы уроды ну иди на диаллг",1
"вы не нашли в другом месте вести такие разговоры придурки,",1
аесли бы ему в глаз клювом?,1
почему жидяра соловьев еще не в клетке,1
начинай разговор с незнакомыми людьми по людски а не по блядски .,1
это что за чудо юдо бля,1
не надо этим уродам подсказывать- какой -то чиновник увидит и хана- так и будет ),1
"этих сволочей нужно четвертовать медленно, чтобы помучались за своё зверство нелюди!",1
стоит ли так реагировать на очередного придурка?,1
"смешно,вы все твари давно уж на пенсии,но как ни загляну сюда,все время на хуях,наверное втыкает вас от этого",1
"хуй его знает с кем идти,одни пидарасты",1
"сиди с мамой ,пришибленная, она тебе епаря лучше найдет, а тебе все равно под кого лечь",1
"ссука, бежит как старый -- хрыч.",1
бынт долбоебом подскажите напиональной в россии стало идеей опо занно стью в т ко,1
чурбан убери свой прыщик ослоеб...👎,1
"на большое ума не хватает, усколобый -- бые.",1
молодцы вдв менты казлы оборзели уже,1
по этим гистаповцам верёвка с мылом плчет предёт время вы завсё заплатите,1
а что можно услышать от пиздабола лучьшегото.гнать его и его партию надо даво уже.так когдаж весь народ уже проснётся??,1
семейка дерьмо это точно позорные ещё первый канал показывает эту грязь фу фу фу,1
что орош...нет обсыкай свои пальцы.,1
придурок преступник батька.колхозник.26 лет у власти как был в колхозе пидорасов таким и сдохнет.,1
"ты то ,сосок бандеровский,родился то когда ?",1
"сука уроды , людям жрать не зачто , а они обезьян икрой кормят , за яйца вешать таких",1
вы бабы блять кроме деньги нехуя не любите вы только ради деньги и все сукииииии,1
тварь тараканья --- пошел иии на хуй !,1
леваки трусы чмошники мычат без устали эй рабы ну вы и чмошники😃,1
не перетыкивайся тут.и дура и пидорасина здесь только ты .,1
че за хуйня я так скажу кто пишет против ссср все они жополизы и козлы дырявые,1
"сидишь сука рыжая в своём нано корыте и сиди молча, утырок.",1
(да и хуй с ними их все равно много),1
мне не нравятся пиздальстецы в течение длительного времени),1
таких козлов надо учить уму разуму и увальнять.,1
откуда этот пидер -- троль нарисовался ?,1
"гл.все вот такие суки не указывают себя, а прячуться за всякими вывесками да действительно с каждым днём все в стране говнюков становиться больше.",1
"рождаемость идет вниз полнейший спад, а, говнюков становиться больше",1
эти твари нам пенсионерам только повышают цену на коммунальные услуги .охуели совсем клопы когда нажрутся,1
"если станет вам хуйова приходите в бирюлева, что дорога то не глина, что не баба то блядина, что не ебарь то солдат, становитесь бляди в ряд.",1
"руся, перестань, природа одарила тебя большой жопой, а ты тварь неблагодарная, не можешь вилять попой.",1
а эта тупоголовая куда пасть сунет,1
"это так гадко, когда маленькая кучка богатых криминальных пидаров прикрывается именем сотен тысяч а может и миллионом хабаровчан.",1
"#u6b8083d2ebs# эта поганая баба от иуд американских т.е от ёбаных антихристов, говорящих на сатанинском языке преисподних тварей !",1
"!....блядь ,откуда эта мразь взялась,сука??!!!!!",1
"на заводы этих блядей и пидорасов, за станки, тогда узнают, как прожить на 20-30тысяч!!",1
неужели у пшеков на нексте блядоруском этого нет?!,1
пиздуй на х#й вот и ответ,1
нужно жопу поднять и идти работать.,1
тебе чмошнику заплатили чтобы ты агитировал здесь за лукашенко..,1
"очкошник дагесранский, как обычно сольется с боя против гэтжи",1
"так ты кто белый, красный или педарас?",1
а с такими как ты нельзя говорить их надо только на хуй отпровлять!,1
"сама не знаешь ,чего хочешь.были у тебя всех мастей и возрастов,но тебе надо и на ёлку влезть и жопу не ободрать.",1
дебилы создавшии это пост не в курсе что это наталья блогерка,1
пошёл на хуй поебень неугомонный забыла тебя спросить что мне делать на своей страничке.,1
"пиздец, вы тут реально три задрота.",1
три малолетних уёбка или просто безмозглые курицы.👎👎👎,1
"а пшеки не много на себя берут, моськи задрипанные",1
заёб.с этим мостом уже полтора года мудохаются куда смотрит долбаная власть.,1
"а ты шмара не грамотная, хуторянка !",1
да сука он за кресло дрожит хватит уже править уступи место другим или думаешь жить вечно.,1
ты придурок я пол года в чечне спал по три чяса это ты хуйло,1
у нас в узбекистане те же пидоры!,1
"пидарас уничтожал коренные народы кавказа за интересы кремля , а потом ещё и во францию смылся доживать свою несчастную жизнь .",1
все претензии ко мне прошу изложить на бумаги листке формата ач сделать самолетик и лететь нахуй вместе с ними счастливого полета уебки,1
15 лет это ни о чем человека нет ему жить и жить а почему должны жить эти мрази и вообще я не понимаю как после этого можно еще жить,1
"ты, выблядок, а где же ты был в это время.",1
"пидор вонючий, ыплюнь хй со рта, а потом",1
"все катится и неизвестно куда прикатится...к хуям это ,ещё,легко сказано...",1
"реально, они там тупые, ебанутые(hu) (hu) (hu) было бы смешно, если бы не было так грустно👎 👎 👎",1
"что за бляди,утоиить жалко,грех,а ,твою мать,уже кушающих и видящих ,все понимающих не жаль.",1
"да он срать хотел на всех ему похую как дети будут учиться, урод!!!",1
дебил и этим все сказано они там практически все такие,1
что можно подумать о пидора..ах; что они пидора..ы.,1
"всегда проверяю чтоб не удалили основную тему,ан нет удаляют падлы и чтоб класс остался ,а хуй вам ни класс ни лайк!",1
"все хотят наебать простых людей,гондоны",1
неизвестно что за долбоеб научил хоронить усопших в землю....вместо того как наши предки сжигали тела.....чтоб не отравлять плодородную землю....,1
пизденыш форточник на побегушках у турецкого похана,1
выборы выборы кандидаты пидоры промундобляди....,1
"дебилы,они и в африке дебилы.",1
"дебилы пишут, только для кого народ и так давно прозрел",1
но какая падла сюда пиндосский хеликоптер влепила.,1
"выблидок ты, если тебя что-то не устраивает в этой стране....то вали из неё туда, где такие молодые как ты долбоебы нужны!",1
хуйню что за несешь оты тvой аноним,1
тогда был шмас в балашове была сгв суки просрали все демократы плешивые к стене и руки в гору,1
у этого вити задница вместо головы.,1
а не дофуя им будет...пусть на минималке сидят ...мротом ...епаные в рот.,1
надо всех чиновников посадить на эту пенсию и сказать..им ни в чем себе не отказывай... сучара,1
"это ваше начальство просто идиоты, им на голову перчатки надо надеть😉",1
"долбоебы,ну придет к вам баба и пиздец вам настанет,она же тоже за границу смоталась!",1
"не пиздите дядя пожалуйста.не надо переиначивать всё по своему.не про полицию я говорил,а про уродов с камерами,что наживаются,когда другим плохо.",1
да вы рукожопы сраные даже очько себе подиереть не можете!!!,1
кроме как выебыватся не черта не можете!!!,1
"вот лично 100% дегенерат, причем умственные!!",1
"я,конечно,в этом вопросе не копенгаген,но мне предположительно кажется,что в заметке не достаёт финкального сука.🎩 :-d",1
"мальчики играющими в барби и кена,пидерасты!",1
я думал что голос мордона а оказалось что голос гондона и откуда берутся такие долбодятлы,1
после тюрьмы пиздели никуда не возьмут и т д!!!,1
но у пидарасов все всегда через жопу,1
зассали пидоры вдвшников слабо скрутить кишка тоненькая,1
"с глаз,горбатую тоже прихвати вместе с выблядком и шваленой!",1
сколько же в мире долбе ебов,1
и давно ебанутых стали считать сильными?,1
"предпочитаю знать, кто есть мой собеседник, знать одно , что он хамоватое быдло, мало.",1
"родина ждёт героев,а пизда рожает долбоебов.",1
"многие покаления будут проклинать обнулёнуша, гореть ему в аду",1
"какие же вы люди идиоты .... вам жалко стало зверя .... идиоты ..... слов нету, куда народ катится.",1
вам дебилам то конечно не нравится!,1
"пошол нахуй ты такой-же урод как и этот чурка, нехуй выкладывать такие вещи, чмыри вонючие!!",1
жена зачетная 👍 мусора как всегда пидорасы.,1
дебил дебилом.какой мир он установит?без сша никак.мозгов не хватает.,1
вот как поставят чипс так и снимут маски туда клонят эти идиоты!,1
потомучто она конченая проститутка хотела своих детей повешать на меня и себя прикрыть сама затаскалась эти писонины уже не в первой просто бросил эту мразь,1
только наши мудаки упорно не замечают протестов и упрямо продолжают грабить и гробить матушку россию!!,1
"больным детям собираем всем миром на лечение, а жирные хари откармливаются бесплатно за счёт всей страны, когда уже твари нажрутся",1
"блять вы все ебанутые на голову девочка пропала ставь класс, маньяк придавил изнасиловал 100 детей ставь класс.",1
совсем ебанулся на своих соц сетях.,1
"опять шакальё скачит, у этих недоносков мозги в заднице застряли, правильно лукашенко их лупит дермократов сраных!!",1
"себя помню,родственники есть менты,но по всюду и везде они выебываться любили!",1
"бля а ктож тогда баба,мужчинник,да блядь она ну нет больше слов",1
принародно всё это ему в гудок пусть почувствует .пидор.,1
как земля терпит таких уродов!потом спрашивают откудо взялса вирус!,1
"а вот мне другое интересно,с какого бодуна эта мразь получает такие деньги??",1
и чем вас не устраивают пидорасы ?,1
"в стране пидорасов не рождаются дети, значит скоро там вымрут все люди.",1
заебали вы уже своими котами честно говоря.,1
"коновалы, а не врачи, а если бы их дочерей так заштопали, идиоты, ни сколько нет ни сострадания и совести... вот наша доблестная медицина....",1
и в холод и в зной и в дождик проливной моя пизда всегда со мной!!!!!!,1
"дич голимая , если не дано не чего тебе не поможет , рождённый ползать летать не может !",1
"не федина, а фэдына, учитесь правильно хрюкать на мове...",1
👍 россия требует героев пизда рожает дураков.,1
неужели не понятно что задавая дибильные вопросы эти идиоты зарабатывают деньги а не пошли бы вы на хер дибилы тупорылые,1
"вот же сука, когда ее посадят уже.",1
хватит пиздеть сам губернатор ваш и продал если вам баранам газ за доллары продавали долбоебв а вы на него молитесь пидорье глупое,1
вот таких читаю дебилов как ты и ахуеваю.,1
пиздишь и сам не знаешь о чём.,1
колхозник ебаный иди сука хоть пту получи кусок интернетовского гавна.,1
вы твари даже истории россии не снаете и когда началась первая и вторая мировая войны.,1
"разочаровала просто, стала очень неприятная особа.... да дура.... по-другому и не скажешь, если по простому говорить.",1
х*й стоит башка не варит.,1
чё за болезнь такая туберкульоз?дебилы сука,1
бедный ребенок .это надо этого урода так подвесить и трясти .8oi,1
ну мразь... а не мужик и это стадо стоид любуюца... здаровья девочки.,1
"если водила из драчующейся компании, идиот, на уголовку наездил, покушение на убийство впаяют.",1
зачем уже так писать.. охуели совсем... автор ты.. гандон.,1
"?😂😂😂 барин, блядь нашёлся.. ой дурак..",1
"пусть этот соловей не пиарит лохов нашел,туш под глазом смой своей мочей и покажи по тв.",1
"и тогда вы напишите, что володя пиздабол?",1
вот видишь санёк.. как всё просто--ты элементарный пиздабол с картинками..который нихера в этой жизни не достиг.. а сам берется судить других,1
пизда малолетняя себе нихуя для пропитания не сможет добыть,1
"донбасс вы -мрази задолбали своими растрелами,, отстаньте от них ,россиия их не бросит.!..",1
однако северную корею как раз пиндосы взять и не смогли))),1
"пиздабол, кто будет подписываться на твой канал у тебя одни фейки?...",1
"пидорасня конченая , и не как иначе , факт ...",1
долбоебы о они везде о яхуею со ооо,1
неплохая певица а если говорить пррямо обыкновенная блядь,1
долбоеб шютов купи себе штаны а то на аватарке ты без штанов не смотришься .или пропил все что можно?,1
за таких ублюдков страдают не винные,1
"дак блять собрали вместе денег и пристрелили его... это же блять не призедент, его суку достать можно",1
админ опять хуйню выбросил и зарабатывает на том что вы собачитесь здесь.,1
яхты ещё при ельцине пидаре все взято так что тут толку то обсуждать,1
"ну идёт дама на блядки, то бишь просто поебаться, а потом дитё рождается, незапланированное, без претензий на отцовство.",1
"раньше их бастрюками называли культурно, а теперь выблядок.",1
"за место мозгов у тебя дерьмо амерское тупица ты безмозглая, ты когда союз разрушал, уже все свои земли потерял бестолочь ты бестолковая!",1
никуя се ...а мозги где проебала мне 57,1
тварь.да ты сам хуже дерьма.заставить тебя жрать дерьмо от свиней.,1
"пидор ты дырявый, тебе голову поменять надо.",1
"лука подбирается пизда , уши на востри и кол в раках держи",1
ну и хмырь все повесил на женщину и рад до жопы нюхает цветочки пиздюк ушастый,1
ивану за отаку хрен в сраку маньки за пизду красную звезду вот вам и генералы,1
"хаааааахааа было бы чем , тебе искать век надо мудила",1
те кто согласен с этим являются абсолютными моральными пидарасами и безграмотными бездарями!,1
"а вы пидарасы грёбаные и предатели родины, чтоб вам пусто было, уроды!!",1
супер идиот дерьмо и мудозвон без.,1
"сначала прощения просил, обещал возместить, а теперь жопой закрутил, падаль!?",1
папа вроде нормальным был а сынок говнюком вырос,1
"как ты счастливо всю беременность своими выкидышами для спекулиции не жрала, черножопая лошадь по обдолбанью растраханая",1
?собирать лайки на горе других...ещё група называется мужской характер..не виже в тебе ничего мужского урод,1
"пиздуй собирайся стрелочница, через час должна быть у мариэль.",1
не россия простила а кучка пидорасав.,1
ну это дружба с амерапидорами вспомните наши девяностые,1
"чтоб с твоими детьми так обошлись, пи...с(md)",1
пидарасы все сука сами уже обокрали пиздят милионами никто из них не замечает твари ебучие.,1
"ты на кого замахнулась, суч.....!???",1
долбоебы!хотят как литва быть колонией,1
"пашаев ,гандон деньгу надо и свою мать и детей иродню зароет лишь бы срубить денег",1
только полные идиоты могут задавать такие вопросы и жополизы,1
детям блять собирают всем миром а тут самолёты с помощью каждый день.,1
какие дебилы пишут подобные посты - стыдно лайкать?,1
автор ты черт тебе больше нечего делать фото шуточное дебил,1
"вот вам тупые ебаные нигеры, которым уже не помочь в познаниях ,",1
эта не ебанная россия чтоб она горела,1
пятьдесят лет мудаку а хуйню несёшь как чмо малолетнее!,1
можешь не отвечать я тебе дегенерату не отвечу.,1
"это тебя некто не тр.... вот и сидишь херню пишешь, мозг хоть иногда включается?",1
"это вместо того, чтобы родину защищать от западной твари!",1
я бы сдох стока водки выпить чтобы рядом лечь!,1
от таких тварерь как жена оберегают!!,1
когда уже сдохнет упырь проклятый ....,1
"сталина преступником объявляют - фашисты, власовцы их потомки и пидарасы",1
жаль мужики не дали этому пидорскому козлу джигурде хороших пиздюлей!!,1
ещё на одного пидораса в россии меньше станет...,1
урод его самого надо привязать на цепь.,1
питухи тупыи всякой хуйней город заражают,1
она от черножопого рожала он ее кинул и уехал к себе на родину,1
"а где омон,чтоб этих пидоров разогнать?",1
"если это не подъебка, то вв должен в первую голову посадить всех этих выблядков!!!!!",1
"и вот эти пидарасы,которые не могут принять не один нормальный закон для народа,во благо народа.сидят и получают по пол.",1
-да сам ты раб !смешно как узбеки судят туркмен!..ещё свою гнидную историю навязывают...мы да мы..головка от хуя походу..бачи бази)),1
"шлюшка, теперь выпендривайся, зазывай, никто не хочет??",1
надоели недоумки выстроенные за халявой...👎,1
сам долбоеб и окружает себя такими же долбоебами,1
"ты полудурок, иван не помнящий родства.",1
уёбишный артист и как человек уёбок,1
"шизоид, то ты говоришь в заметках соцсети, где люди пишут, то теперь тебе какая-то подпись говорящая мерещится :-)﻿ ебанько...тебя в какой психиатрической клинике, палатного довольствия лишили?",1
"писать в заметках соцсетей- не твоё, ты долбоёб из разряда идиотиус тугосерей мыслятиус..",1
"ты кроме как срать что нибудь умеешь, ты трактор от комбайн отличиш или ты только слова умные где-то в методичке увидел и дрыщеш тут.",1
"ты свое ебало покажи, только реальное, а не фейковое.",1
"мне приходилось с такими продажным и шлюхами общаться, которые прикрывались чужими именами и фамилиями, а на самом деле были шлюхами госдепа и жили там в гейропе.",1
"баранам которые пишут,подобные посты посвящается;везде,везде,блять,где есть капитализм,не,блять,в россии!,а везде!!!",1
"!где блядский капитализм,там такая хуета!!",1
"!какого дьявола вы не на ,ёбаную в очко америку киваете,а на россию батон крошите!",1
!такое сотворить могло только конченое тупое поколение(ch) (ch) (ch) (ch) *-) *-) *-) *-),1
все нахуй успокойтесь самоеглавное внутренний ебаный сука будто энергия покой как всей всепенной ссаной в твоей сосредоточена голове ебланской сука а ну все успокоились пока по ебалу раздавать не начал,1
пошли вы на хуй со своим христом жижом.,1
нам на хуй не нужны жидовские религии.,1
из других получаются такме пидоры как ты,1
да ни х_я в этой помойке нету.,1
"заебали пьянь,правильно сказано есть десантники ,а есть просто вдвшники,а понты это у долбоебов.",1
"ты, муха il навозная в ней сидишь и булькаешь!",1
"и что характерно тебе там заебись,чмырло!",1
нахуй пошла г zнигипоvsкуе что в р пизда тупая ги,1
утина ты против та мошка су как увы резре градация не та как против ековеа льва ты мандовошка помойного кота с яиц,1
"так это те безмозглые,которые выбирают старые партии.мало вам ещё чёрножопых мусульман,мало вам вам изнасилованыи, задавленых ,мало вам что эти твари в больших городах вытворяют.вот это и есть безмозглость.",1
не скули киргизское грязное быдло хули ты повизгиваешь из-за угла шакал обшарпанный ?,1
"скоро батьку западные партнёры развернут пиздой к часовне и будет он, как и порошенко с зеленским на побегушках у сша и ес.",1
ну и ебальник у этого слуги народа !,1
"долбаебы ее скупали ,а с бумагой чё делают в мумии играют😄",1
а счего это видно что она ебанашка .,1
пидоры их высрали а не мать родила .....,1
"тупицы,они вообще понимают,что это?им надо было родиться перед вов.",1
смеются и не подозревают что готовят для нас эти пидорги!,1
эта сука свиноматка ебанная совсем ахуела скатина.,1
"ты че несёшь алеша , молотком себе разбей лучше дурабас",1
да пошёл он в жопу со своими указами надоело уже это ебло,1
так это ты уебок разместил такое фото что-бы заработать?,1
ещё раз для совсем тупых зомбируют только того кто безмозгл,1
"такой, сякой хуйкин - папа мой родной /// прям песня🤗",1
этим ублюдкам только там место а весь корпус депутатов на колыму пенсию зарабатывать до 65 лет,1
"аньк, ну я тогда тоже долбоеб, поскольку считаю, что проблема с короной намеренно раздута, чтоб людям мозги засрать.",1
блять упыри ебаные че вы делаете?,1
откуда они такие берутся полуумные дебилы это же надо так на посмешище себя выставлять,1
твари поганые те кто издевается над животными господи боже наш накажи этих нелюдей и ублюдков,1
"ты бы лучше мандавошек повылавливала у себя на манде,чем тут пердеть в свой монитор!",1
"взрослый мужик,вот мразота,у самого же семья и мать есть...",1
а хули ты сука ебло прячешь?....,1
"мусора охуели напрочь, дали волю, вот и борзеют",1
"его не зря построили, собирается вся шваль, предатели.",1
юрий 2 гнома на первом месте все деньги проибал вот дебил так и лезет на 1 место,1
вот она ебанутая на всю каску!,1
да и по запилу её видно что она говно в жизни и по жизни,1
пи вот пидорасы же как чего спиздят обязательно медведя нарисуют с,1
"ты меня не у траиваешь, козлина продажный.",1
не позорьтесь.он не русский а ёбаный татарин:d :d :d,1
"твоя страница зафиксирована, троллятина кастрюлеголовая...",1
"блядь-буду уважуха,хоть один высказал,что из себя представляет эта сучья власть.",1
"енакиево я люблю...,а музыка твоя- говно!",1
"бля, ну вы просто охуенный провидец!",1
"ты вообще адекватная?писать такую бредятину,да еще и ржать?понарожает пизда уродов,а люди мучаются потом.",1
"ебанулась, это ты будешь рассказывать папе, братьям, дядям, дедушкам?",1
"все менты пидорасы, что тут удивительного🤷‍♀️",1
"уроды,вот всегда считала себя воспитанным человеком,но даже эмоций не осталось...",1
"тварь а не мать,детей на х.... поменяла.",1
дружно гавкать__приказ--долбаебы форумные--секель вам от пятровны--в пасть--тунеядцы--блять--,1
уроды конченые вас бы сука обуть в лыжи летом и заставить бегать ублюдки,1
и звать её рассосала марковку или попросту сосалка в погонах!!!!!!!!!!!,1
о ревалюция сознания не губернаторто что хуесос версия без цензуры по ссылке описании в,1
твоя смердящая блевотина меня не касается !,1
плешивый тебе --- хамон даст понюхать !,1
ещё пару таких уродов и закон будет одобрен...и тогда прощайте пенсионеры ...оденем белые простыни и на погост...,1
"там пол беллоруссии придурков,уверенных что запад им поможет, значит,можно и в россии начать шатать власть.",1
"только,говно пиндосовское, ты забыл,что русаки уже наелись западной помощи и очень надеюсь,что те,кто поближе к тебе, не пройдут мимо,чтобы тебя не попиздить.",1
"ты еще поищи бедных стариков, а беднякам не мешало бы и поработать маненько.придурки убогие!!!",1
"ты не заметил, что таких придурков как ты, здесь мало,, считай вообще нет, десяток наберется, тебе это ни о чем не говорит?",1
пройдет 10 20лет сидя на скамейке они скажут о таких как они блядь и есть блядь,1
ты мне не тычь отморозок не да ёбанный,1
позорище.куда ябаров смотрит забрал бы у этой шлюхи сына.,1
тебе что ли лайк поставить?чтоб ты себе карманы набил?мы без тебя знаем кто помнить и чтить!убери свою тупую надпись пдьфото тупорылый урод!,1
"пидоры, в кутузку их к блатнякам, вот там они поднимут,только не ноги, а свои задницы!",1
посадить суку ато шары зальют и садятся за руль,1
долбоёб.... не подумал что будет с ребенком когда он сделает лыжи!!!,1
"и что это молодая страна уже раком пол мира поставила, и этих самых рокфелеров гавно заставило жрать во вьетнаме.",1
в его положении хвост поджать надо бы... и таких у власти вагон... это просто жопа!!,1
да не пошли бы они на хуй.......артисты блять!!!!!,1
​а ограничения на проезд в автобусах полная тупось разберитесь с вашими тоями и не касайтесь простых дачников вы там сидите и ни хрена не петрите со своими тупыми ограничениями,1
у армии есть оружие но если армия продастся то весь мир бордак все бабыбляд и солнце ебаный фонарь,1
"дураки что ли все,чтобы вестись на эту дурь?",1
они пидорасы жалеют что у них не получилось с ходу свалить лукашенко и начать грабить страну,1
"😯 она с этим синегубым неадекватом давно сошлась и без росписи..опомнилась мамашка,про счастье доченьки вспомнила..а кому она будет нужна после такого припизднутого?😒",1
"едросы и прочее блядво, вкупе с правящей педерасней - в стране эпидемия , снимайте штаны вместе с выблядками, вам не привыкать гаденыши.",1
товар зачастую просрочен продавалки или пьяные или воняет немытыми сраками,1
или в курсе что вовочка как всегда пиздит?,1
и вот такие придурки правят нами!!!,1
пидарасы на кой черт мы вас содержим,1
"могу себе позволить,это такие рабы как ты ишачат за копейки,а моя квалификация слишком высока,что бы вкалывать,ущучил убогий",1
"товарищ ото, вы бы за собой последили, а то эта шлендра вам таких пиздюлей накатает по самые гланды, что охуеете",1
пиздец.и этих уродов пускают в турцию,1
просто долбоёбы за рулём в обеих машинах и таких всё больше и больше !,1
слава нахимовцам и позор анальным ублюдкам....!!,1
"тысячи людей ( дураки), хорошо что хоть один жополиз.",1
непросто сука подавилась а напрочь и на всегда поскудина.,1
"ептваюмать это что за дебилы, кокаиновая граница какая то....",1
..ну ты и сучонок...вывернулся..значит пенсионеры сидят вне территории...20 лет сидят..?и торгуют ...а были-б места?,1
какова позиция гнилого администратора!..что скажу..пидор!,1
не будем видеть и слышать стрёмную бабу таню и её чокнутую алёнушку .,1
это ты так придумал и пиздел всем шо нужный но талантливых людей миллионы сука и не остался а был никем пидорр,1
ырка и не пизди..он детдомовский,1
"пидоры и только, других слов нет",1
"понимаю трудно, но ведь и таким пидорам как ты, не только велосипед в радость! )))))))))))",1
"я его паству ебал и повторяй не останавливаясь ивсёравно твоя харизма будет при тебе за ,что я тебя и люблю😍🤗😇😤",1
"суки убили его мрази,мафия пидарастическая",1
пидорас рас обосрался так отвечай ато унего сердце выебистый артист кароче довыебывался теперь отвечать надо пидарас конченый,1
"ебло закрой,обиженная жизнью баба,а то права она знает,лучше бы ты знала что нельзя чужих детей срать.",1
ну и дура буратино он же деревянный вся жопа в занозах будет😄,1
бить блядей прямо на стадионе за это надо.,1
пидерастию и в футбол заносят прямо на глазах.,1
живи сука ебень тупой для семьи родных.,1
ебеbсе шужики ерещаться надо а не рахаться больше за компьютором сидеть ееsихпет,1
"какой же он хуй , и причем огромный !",1
"дебилы ибанутые,посмотрите под микроскопом на вирус и на размер дыры в маске ...это все равно,что сеткой-рабитцей вы будете от комаров спасаться...быдло тупое...",1
"თქვენი ჯიში და სისხლი ნ არმენაკებო.....самый гнедой и презренный народ, плагиаты и наглые воры.етим дебилом не сойдёт с рук!!",1
всех либералпидарастов в автозаки и к фургале и его женушку не забыть прихватить.,1
этой швали не жалко всех в тюрьму.,1
"твари жалости нет,самих бы привязать.😪",1
"можно подумать бабушка увитит твои классы, иди на хуй чмо бездушное!",1
этот ебучий запад со своей свободой задолбал уже !,1
"я не соловьев , 28 лет просидел в тюрьме , но блядь на их провокации и блядь бабло не поведусь ,!главное россия !",1
что этот долбоеб «душин » и жить ему в душанбе!,1
"дорогу отдали федералам,а хули толку от них!",1
"вы суки шевелите,я вчера видела как у девушки отлетело нахуй колесо,и что?",1
и потом вставить его этот конец в жопу нашим мэрам!,1
"вы просрали своё счастье господа...а сейчас зная что пиздец вам обоим,начинаете на своих сука землях делать пидерастические постройки!",1
"ты сам пидор тухлый в месте с путенным и его командой,а народ оснавная масса против этой власти.",1
ты пидар даже сам боишься собой назваться!,1
прям так и передала....пиздоболы...,1
"...если ты - свидомый педик, прадед твой - фашистский гад, в доме гитлера портретик – это русский виноват !",1
"если ты не дружишь с мозгом, любишь грязный бандерштадт, и привык к поляцким розгам – это русский виноват !",1
"если в киевской квартире вдруг протёк водопровод виновата тут россия- так ведь думаешь, урод?",1
"навернулся харей в лужу, наступил в говно котят – даже думать тут не нужно: это русский виноват!",1
на хер посылают дети - тоже русские в ответе!,1
"ты хотел примкнуть к европе - жрать халявный мармелад, а страна в итоге – в жопе.угадай - кто виноват?#u822d887d79s#",1
"караулов- это политическая проститутка, неплохо чувствующий конъюнктурный спрос в обществе и вовремя подстраивающийся под него.",1
"гореть вам в аду до седьмого колена,пидоры конченые!!!!",1
"яб сказал:хорошо что ты водила маршрутки,блядь!",1
этого вечно недовольного пидора потерявшего всякую совесть давно следовало бы посадить на место.,1
сначала пидора задержать надо чтобы знал свое место.,1
от вас долбоебов устал уже весь мир,1
стыдно таким пидарасам которые на этом лайки клянчат!!!,1
вот вам сучарам стыдно должно быть!!!,1
заебали вы все равно нн даете хули травишь мразь,1
гандон конечно я буду помнить это всю жизнь и ху# я тебе это когда прощю сволочь зажравшаяся,1
"#u9b079a3836s# #u9b079a3836s# #u9b079a3836s# бля пучисты херовы, ходите туда сюда с плакатами, под видом акции накорми голубей.",1
"вся рашка молчит, все срутся пи виде мента.",1
"через неделю разойдетесь, терпилы чей крым блять ?",1
"барыга на барыге, нет чтоб построить спорт комплекс или больницу, дет сад.",1
"барановичские начальники, вы - клоуны из цирка шапито!",1
слышь проститутка фашистская - ротяку закрой свою..иди стиркой займись отмороженая на голову курва..родной флаг - зелено- красной видите не фонтан.......падла,1
публика ждет ))) ты в хуеве живешь??,1
"как вы заебали лайкеры хуевы, по костюм ходите это не хорошо!!",1
кто это выложил это далбаеб он это не проходил.,1
одваката в очку сука пидор тварь,1
"не хрен мразь жалеть ,он думал что ему всё можно, что он пуп земли какой он артист мразь таких давить надо .",1
"дураком прикинулся,тут помню , тут не помню козёл.",1
"блять, уровень цинизма ничем не ограничен.",1
"долбоеб, каких свет видывал, и почему он тогда насовсем не потерялся🤦‍♀️",1
и что эту тварь не закрыли?,1
"семенченко, в жопу раненый, тоже готовился...",1
потому что жизнь долбоёбов ничему не учит,1
и почему пидр уася так слезно выпрашивает?,1
"в тюрьму его, мразь, убил человека и считает себя не виновным.",1
"дура ты мария,а может и дурак ,кто вас троллей разберет",1
"курица тупая, сиди яица неси, куда ты суешь свой клюв",1
пидор вонючий.гандон.штопаный.к виску себе направь урод,1
"итог под*хуели, очередной спам для безмозговых.., горбатого магила исправит🤫",1
тебя кто просил пасть вонючую разевать?,1
"я живу в россии и я русская,а вот ты видно пизданутая.",1
"жертва, уже не первый троль пишет смс и рассказывает какой батька гад.это его в ад отправляют, так что лукашенко еще даст пиздюлей ждемсссссс.",1
когда блять у них идеи закончатся!!!!,1
"пидорас фомин,купи себе паяльник и запаяй вонючий свой ебальник-мразь",1
"у этих воров дети молодцы с пелёнок умеют зарабатывать, вундеркинды блять",1
"и ты из той же фашистской компании, которые придумали корзину для народа !",1
"и выворачивать твою жизнь тебе никто не предлагал, полуёбок ты задроченный !",1
"раньше мне пидорки всякие писали - проплаченный троль... проплаченные то такие как ты, которым платит эта продажная власть !",1
так что засунь свой поганый язычок себе в задницу поглубже и дыши ровней.,1
вы уже заебали этими открытками может хватит?,1
а кто-то за токих далбаебов жизни отдовал,1
"завали ебло и сдерни с темы,прихвостень",1
все уёбки и пробляди покедова вам,1
"тогда может и задумаются эти сволочи, как бросать ребёнка!!!!",1
"ещё мне папа об*яснял что нормальным человеком быть гораздо лучше, чем дебилом с поджигой, и для закрепления материала давал стрелять из макарова, чтоб разницу почувствовать, он в милиции работал",1
пошел нахуй отсюда охуевшее чмо чтоб ты ослеп пидорас,1
планирует пригласить к тебе опытного мужчину😂😂😂 писари хуевы,1
"о,как красиво сказал,блеск!а на поверку получается соврал!какой пиздюк!",1
это твари до сих пор живы,1
низкий поклон!а этой сраной власти пидаров гореть в аду,1
гнилой жид...завистливый....как он реагировал на чужие выступления..,1
что наху.... за бред вы постите.,1
"нехуй было курортный сизон открывать.а теперь цифры пишут,дебилы",1
а почему не три дня?пиздаболы.,1
"вот это дигродированая могла такую хуйню выкинуть, и это давным давно вам вафлям тупым смешно какая то бесячья хуйня в вас сидит извращенцы ебаные",1
это долбоебка россии а не мисс.,1
"от суки ивановой читаю,будешь много пи......ь тебя точно загребут",1
"зато потом тышь за двести то и больше живёшь и в хуй не дуешь целый месяц, а тут получил гребаных 15 тысяч за месяц идёшь домой и аж стыдно.",1
да это пидор сука позорный послушайте черта чубайса и все поймете,1
и ты ещё сучка с хойницкой трассы сюда лезешь ?,1
"закрой своё влагалище хуями прет , изо рта и асфальт виден",1
"поздравляет он луку, обоих вздёрнуть на суку!",1
"ну ,вчерашний день это и показал)) тихо было))) в день вдв все пидарасы по домам)))#u9b079a3836s# #u9b079a3836s# #u9b079a3836s#",1
тупой ба вор глхит маз елнер инч клнер,1
одна гадина за весь народ а ты спросил свой народ можно ли ссориться с соседом с братом !,1
значит ты шалава раз я те написал 🤣🤣🤣👍,1
ей сучке драной денег не хватает.,1
а за язык её надо отправлять шить телогрейки.,1
ну ты пидер - да и сиди тихо .уехал в германию - так это же страна пидеров .залез на эльбрус - поднял флаг пидеров - зачем ?,1
а конкурс пидар года им надо ещё провести,1
"я могу личку скинуть как ты пидар затух , даже ничего не проблеял 😂 😂 😂 😂 😂 😂 😂 😂 😂",1
"молодец, иначе это жирно грязью бы поливала, а сама валялась на кровати, это дура неблагодарная,",1
интересно как же будут переобуваться лукошенкинские жополизы?,1
долбоеб только такой гагты может нестш такую хуйню,1
"называйте вещи своими именами ,два пидора на лужайке",1
"ты их возьми в ручонки,дрочер и сфоткай.и при этом рот открой,посмотрим на твои зубы#u6efbd8e967s#",1
похоже эти старые пердуны собираются управлять миром вечно?,1
"с утра и до ночи, и круглые сутки завистливым тварям неведомы шутки, намечена жертва - её атакуют и твари в восторге - они критикуют!",1
такие вот твари живут в интернете...,1
урод его паморди в унетаз мразь,1
"целуют в попку и бегут разносить эту блевотину по своим подругам, добавляя ещё от себя горяченького.",1
"ну да, вы только обоссатся можете",1
а пошеки скинули памятник и голову отпилили - по адольфу суки соскучились,1
такие же пиздаболы как и они,1
е...анутое пьяное быдло надо жёстко ставить на место.,1
таких дебилов надо от общества изолировать,1
"тоже считаю, что если мужик сказал-то должен сделать, ибо нех пистеть, так и говорю если шо, пистабол!!!",1
"он ебать вообще от жыру охуел!, какой миллион?",1
у народа и так денег нет нихера.,1
вообщем пора их хуярить причём жилательно чтоб признаков жызни не подорвали эти едропидоры все ебучие.,1
"вышли сарасята, поросята под влиянием навального, ходорковского( этой суки воровской) .",1
пиздюка соловьёва надо обязательно привезти в хабаровск на митинги ...,1
"пидор очкастый, так что сосалицс бросил тебя?",1
б об верховный суд сша июня года однополые браки легализовал теперь можно прямо сказать сша страна пидорасов,1
"всю блядоту саботажную, загрузить в вагоны для скота и на рудники, пожизненно отрабатывать награбленное...^o) 👎👎👎",1
да вы еба ну л и с. ь 🤷‍♂️🤷‍♂️🤷‍♂️🤷‍♂️🤷‍♂️,1
"фигура безобразная, её скрывать надо, а не выставлять на показ.",1
"этих тварей, которые так поступают, родила не женщина-мать, а волчица...",1
"ему ссы в глаза, все божья роса.",1
"о да привет ходорковскому он же педераст, с его слов!!!",1
вот скажи мне пуньгинский защеканец то что ты когда лижешь жопу буржуям жизнь народа улучшилась ?,1
нет ....а правда в том что когда ты лижешь жопу буржуям жизнь ухудшилась ...и в чем сила то?,1
лучше быт пидором на жопу чем мозгом и языком!!!!,1
"да кому он нужен придурок, вот ваш и дешёвый приём.........",1
"сергей и, твоя фамилия идиот?и ты её стесняешься?",1
"но это нормально, есть ещё фамилии пидоренко!!!",1
кроме отвращения и мерзости пидоры не вызывают других эмоций.,1
пидарас ебливый чмо ебаное здоровья тебе хуйло,1
ебала закрой шлюха и помой пизду,1
"жидко срете - группа мы славяне , да и какие вы славяне ?",1
и папка с пидежом у вас маленькая .,1
какие же вы дебилы да вы такиеже в 15 были теперь пиздите черти,1
попы совсем страх потеряли...урод....,1
"придурок власть любить, они ж ей не конкуренты.",1
"придурки, завидуйте молча, а то пишете всякую гадость.",1
"иди нахуй туебень хуйню несёшь тут,конча засохшая верблюда",1
чмо это ты.если за единую россию.,1
"долбоёб, его бы так и об дерево",1
"..это, не девчонка виновата, а блядская политика нашего правительства!",1
не дай бог иметь такого ублюдка в мужьях и зятьях!,1
это что за высер придурка обиженного🤪,1
"нассал всё-таки в воду илюха... от же ж сука, ни стыда, ни совести... и куда администрация смотрит?!.",1
ты походу в армейки ниже плинтуса загнался .,1
"и мне не пиши не отвечу , ты мерзость",1
"ебать, эти сидят на шконках и ржут, сука когда же люди мозги включат уже???????????????",1
"ну, зато, за демонстрации голой сраки, стыдно не бывает.",1
да есть видео как хуйло хвалил эту книгу,1
"ещё 10 лет после короны , долбоёбы будут ходить в масках",1
ты гнида здесь паласкаешься в пустую об умершем замечательном актёре!!!,1
чтоб ты горел в аду мразота!!!,1
пускай это всё блядская правительство во главе ебанутого козла президента протестировать сначала сукина своих детей н**** чтоб они подохли блять потом на себе б**** а мы вакцину сами себе придумываем,1
"весь мир - бардак, а все люди бляди, в том числе и я !",1
вот педрила сам начал тему про пидарасов теперь съезжает.,1
"так танцуй,это тебе не у жанны жопу лизать",1
"до подполковника этот пидар дослужился при этой власти и , судя по всему, она его полностью устраивала!",1
"ты уж до кучи и соседку прикопай, что бы, не кискала.",1
пипец одни сиськи письки на сцене купальники подмахивания голоса ноль одни шептуны и прям певица и уже заслуженые блядь противно а кто действительно талант затерли и не высовывайся,1
вы совсем ебнулись про американской поддержке получили от них деньги и закройте хавальники или точно получите российских добровольцев,1
"тебе до него ,как до китая раком.",1
да такой же урод и выдал.,1
"а вы знаете её и сукой назвать нельзя - потому что сука за своих щенят может порвать обидчика, ну а ванечке хочу пожелать всех благ.",1
да ну его нахуй гражданство ёбанусь,1
"да,блядь,правильно,но серебряков с этим афоризмом уже заебал!",1
"или рассуждаешь по дебильным вычказыванием путлера, солжееицына?",1
"сосунок иди преклонись фашистам, как коля, или у вас мозги от игр в компах растаяли.",1
как вы дебилы надоели своей глупастью и тупастью.,1
это сейчас все черти рассказывают кто с кем трахается.,1
"амушка,вот тут тебе нужно было бы процитировать своего любимого пидория,,ты же организируешь на его высказывания,хаха..",1
суки вы что делаете сволочи вы что гражданскую хотите подонки вдумайтесь что вы творите,1
к своей башке представил бы пидор.,1
курящие не интерисуют её пощла тогда на хуй,1
пидорасы наше правительство издеваються над пенсионерами,1
"что пидарок, наваляли тебе десантура когда-то, до сих пор срака болит что-ли?",1
не доигрывает но просит дохуя денег,1
эээ тип..из какой палаты...?брысь насекомое...еблом женщин своего рода ложи...долбоеб клавиатурный...,1
вся россия хочет этого упыря в отставку,1
"мразота,больше ни хуя делать не умеют,кроме как обижать слабых и беззащитных",1
"очередной вброс, урод это тот кто живет не по кону вне рода своего, вне культуры своей, вне традиций, тот который не знает родословной своей.",1
"и можно сказать что большинство и есть уроды которые не знают своих прабабушек и прадедушек, не говоря уже о каких-либо глубоких поколениях,как к примеру арабы.",1
пидоры игру всю на бабки посадили...хорошо хоть столько осталось..,1
"лучше победи своих фашистов, тебя убивающих, усраина",1
"слышишь,ты глупое сосздане,уже пробили твой адрес,оскорбляешь не за что,тебя мой муж научит умау разуму!дурачек херово!",1
"кто её вернет, если те кто их создает сами пидоры и политические проститутки!",1
говорю займись своими внуками и отьебись от меня.,1
шавки пупкинские умеют воевать только с безоружными,1
"согласен , какой-то дебил от скуки записал бред или он с бодуна",1
"слышь чума тупая от догхантеров домашние гибнут,мой лабрик такой же член семьи,так что рот закрой нахер свой",1
кноченые пидорасы куда смотрим мы тоесть народ,1
вот сука богатая даже не понимает от чего мы стали бедными если ты вернёшь мои деньги зароботанные то ты тварюга будешь бедная,1
я б не смог пройти.сидеть за пидара тож не охота.,1
"знаешь есть такие мухи и пчелы, вот мухи везде говно видят а пчелы везде мёд и цветочки!",1
"так вот ты походу муха, вот и живи в говне и нечего других туда втягивать!￼",1
верните суки страну что ту поднимала целину что в первой космос поднялась и к мразь ставила стенке всю,1
"уроды, как можно таких красавцев просто бросить на улице.",1
"если жены, бывают себя так ведут, что тоже сразу в морду?",1
если дура или совсем неуправляемая с психикой...так разведись и рук не поднимай!,1
"сам ты ублюдок лечись тогда в кащенко,гаденышь",1
"я уже общался с таким еблан обоевым,ты видать из их семейства",1
"ето придумали богатые люди которые сидят у власти чтобы у простых людей роботяг сдирать карманы,которые честным трудом зарабатывают а те хрюшки свини их отбирают.",1
"тюрьма по тебе плачет, а ты советы даешь мразь",1
желаю vтгр счастливого чето суч бить в в утебя е ебатьты сту в с днем нак рождения тебе нев бля,1
на хуй нада посылать пунских халуёв,1
"козлы они, 600 000 погибло бойцов красной армии за освобождение польши, мой отец там контузию получил поляки все времена предателями были, гореть этим не людям в аду",1
"примолкли все, кто батькой восхищался!поняли теперь, что это за гнида!",1
пиздабол..он всех купит и продаст..и чужим и нашим и поёт и пляшет..едроссовский шут,1
"ещё одна залупа престарелая вылезла из под плинтуса 🤣ты, вонючее старое тело, иди правнукам блины пеки, сидишь тут, про политику.",1
"фууу, б... 🤮🤮🤮🤮🤮у вас, маразматики, вообще паспорта надо перед выборами отбирать либо официально запретить вам, с вашей деменцией голосовать!",1
"поляки- прихвостни сша,жопу подставить готовы",1
вас самих нужно за это поставить раком быдло,1
"пидор ваня дурачок, уйх повесил на крючок!",1
":-d﻿:-d﻿:-d﻿:-d﻿:-d﻿он как выжатый лимон, ваня пидор и гандон!",1
ви чом тогыда пабит минэ вапрос простэ хочытса кавонибут самы чычна говари сука говары лучшы чечня самая лучшая страна,1
"кто к нам с мечом придёт,тот долбаёб честное слово😂",1
с такими пиздунами как ты общаться не можно,1
не я его прасушил но он сука тормазит тут два путя либо пьяный либа выебувается планшет(fr)﻿(fr)﻿,1
доебались к босёру у нас вова тупее факт !,1
"он поступил , как самая настоящая гадина.артист хороший , но человек - говно !",1
"...с голой жопою зимой,с замерзшею пиздой,на саночки сажусь эх блять я прокачусь...",1
это ты неваляшка пидоряшка за базаром следи еблан ты тухлый,1
"пусть все знают, ты же этого добивался педераст лизун ирэн толстая жопа))))))",1
федоров мне больше напоминает политическую проститутку и провокатора...,1
мозги были резал мразь на глозах дитей.,1
"если эту чупиздру били десять омоновцев - либо омоновцы - пидарасы , и били ладошками по попке ,приговаривая противная!",1
либо эта пизда в пудру пёрнула!,1
"господи какая же она уебищная, фу блядь мразота",1
"какой, нахуй, пушкин 🤦‍♂️🤦‍♂️🤦‍♂️🤦‍♂️🤦‍♂️сначала узнайте, а потом выкидывайте!!!!",1
хоть бы раз суки показали по телевизору правду,1
сертификат долбоеба настоящим подтверждается что ты безоговорочно являешься натураьным стопроцентным подлинным долбоебом подпись врачи с,1
"то шимпанзе ебут,то бабы усатые им сердца разбивают, дикарисс...",1
"перик дашшахян ,хачкар свой засунь себе в одно место.",1
не хуй работой заниматься.будете и вы в дум....ке,1
а кто сказал что у меня жена узбечка тупая пизда,1
а моголоиды хуйла чьих будете фашистское племя,1
"ушак, ишак ну как тебя ещё земля носит , придурок на всю больную голову",1
"старый пердун, который исчерпал свой запас, как трюковс тасканием женщин за волосы, обливанием водой из стаканчиков, так и своего словесного поноса.",1
"тьфу блядь сопля, иди работай чмо!",1
"пидерасты,глумление над народом,тяжелее ручки в руках не держали,всё воздасто сполна,как не крути и это будет",1
петухи в тюрьме ждут не дождутся своего брата,1
пошёл ты на хуй олень проститутка ты тупая ссср выебал фашистов в большей мере!,1
шлыш ты я уёбище лесное... хуй изо рта выплюнь ..когда базлаеш...,1
медведково часто называют миньетково... а с таким предложением.. все ослоебы москвы сбегуться...,1
вот и открылась ваша фашистская сучность.,1
"маразм крепчает-идиоты...смерть есть, а эти люди готовы плясать на костях...алкаша и норкушу защищают",1
ебанутые точно работадатель :d :d :d :d,1
даже не воровская...а крысиные бега...блядский цирк!,1
пидор горбатый пасть закрой и не брызжи здесть слюной гадюки👊 👊 👊 👊 👊 👊 👊 👊 👊,1
"а поступить простому пацану в военное училище взятку просят пидоры, а тут пиздой генерала у аленевода получила",1
нах нужно я йца кончать кузнечик блин,1
козлы кто это сделал самих этих уродов так бросить.,1
долбоёб нацисткий ничего у вас мужиков не выйдет сволочи бендеровские пазлы.. в войнушку поиграть захотелось.,1
"что за очередная хрень😂пускай в африку еще напишут послание,дебилы помешаные,бля,какк будто больше делать не хрен в этлй жизни😁",1
кто смотрит этого наливкина от одного его вида воротит..ублюдок херню несёт какую то,1
"зае.али,держали когда нибудь щуку хотя бы на пятерку?,или он из шаолиня,пиздаболы.",1
на хуя матерей все время трогаешь!,1
не в китай блядь не в китай а тут переплавлятся,1
пидр вы северная асетя ани наши братя а вы грузини у вас аллах нету,1
и с каждым разом мне приходит одна и та же мысль - ты совсем ебанутая или немножко у тебя мозгов не хватает ?,1
"?я еще раз тебе говорю дура, что смельчук умер три года назад в белорусии, это тебе понятно ?",1
а не пошла бы она на... й овца дырявая,1
в бравл старс играиут толика пидары,1
вот и мы посмотрим на твою ёбаную рожу😂😂😂,1
"а если икра хуй знает откуда , то делать надо и на содержание разноко типа ядовитых ферментов и просто ядов!",1
"потому ка неизвестно - срали, сцали в нее или в нее 100 видов яу добавили!",1
"пристрелили проститутку-в любом смысле-политическую,по жизни,зарабатывала как могла-где тут женщина и чем восхищаться...",1
"ну и дурак,заработал себе срок!и кому от этого поступка стало хуже?",1
"замучаешься ждать, у вас пид...сня,а у нас закон новый-всех пид...ов вон из россии 😄😄😄",1
"вот русский алкаш сука , позор выезде показывает фуууу тупой",1
"запихать ему это все , пусть жрет !",1
"в кастрюли постучите жополизы,совсем народ оуел,не ведают,что творят",1
да пошел этот хуесос нахуй.кто этот пидор вообще такой??,1
"пидарасы не имеют права называться ни как иначе как пидарасы,надо называть вещи своими именами.",1
"хуйня делов 5минут переделать, а если головная боль то в ней они опилки.",1
"мерзкая пидарша, чтоб ей пусто было, у моей матери в миллион раз меньше, пусть еë дети так живут, тварь.",1
дебилы и терпилы те кто своё мнение и позицию засунул себе в задницу,1
"но если несется дебил с куском плитки в руке, это нормально, а то , что делает милиционер претуступление.",1
"другого слова для таких бездушных,безмозглых двуногих не подберу!",1
в рф... но какого в берлине долбаёбам протесты делать???,1
"какой долбоеб поставил маникен, за такие шуточки- уголовное дело.",1
клон лижит уже в больнице нету его все не на играица что бы в втюрмуца не содица пидор,1
все бы думали как бабуля но есть у нас долбаебы их к сожалению много,1
"лучше бы чужих людей осчастливила и помогла больным и голодным,дура недалекая🙈🙈🙈",1
ты 🐷 все у тебя про жопу ты что пидар?,1
может всех баранов да тебе в зад!,1
у ее ебало залито или ждет когда дадут.конкретная доярка.,1
"ты уже провалил всё, даже называя россию врагом, уже твои движение как у шлюх!!",1
и ни хуя больше нет.. и у вас тоже!!!,1
"всех протестантов, али проститунтов в литосрань на помосчь своей чувырле, а то чо?",1
она там бедненькая одна за всех отдувается перед гейроповской жопой ?...,1
"непорядок... а на заводе им делать не хер, там работать надо, а не митинговать !...ё",1
"чапай думает, куда уединиться инкогнито с очередной жрицей любви, потаскухой по - простому, - начертано на лице?",1
гнеда одамнинг охирги чириган сорти тфуу блять,1
"как надоело слушать одно бла, бла, сука иди ты уже на заслуженный отдых.",1
"я желаю тебе.,если бы было возможно прожить блядь на прожиточный минимум!!!!",1
"мы, здесь про котов, смотрим, или херню дырявого пидороса, читаем?",1
"твари трахучии , вот пкинская дочка сделала прививку теперь пусть он ее сделает и здохнет.",1
"да, это не наши русские бабы, иначе он бы х... й проскакал бы.",1
пьяный шакал за рулем четырнадцатый полицаи вообще не работают??,1
"а вот когда хули перестанем говорить , тогда и у нас будет 2%.",1
чтоб ты сдох жирная свинья и не было бы у тебя детей от говна говно родится,1
соловей вова ты мерзавец и врун .,1
"а так реагировать на простое фото это пиздец, по моему фляга у тебя свистит пиздец как",1
"девушка на первом фото , могла бы и ебало попроще сделать",1
я б не поверил ни единому слову.... пиздун он сказочный.,1
...вот и отправте эту блядюгу к диким арнаутам!!,1
достаточно одной жанны агузаровой а тут еще одна ебанутая на всю голову появилась психушка на гастролях на доме 2,1
"волкова балушкин и зело ишаки ебанутые,как еще прямо??",1
"лев, как любая кошка,пизданеш... и сидит молчит, чё дальше будет...",1
мне похуй что ты там будешь делать хоть уколись!,1
"а то, что ты среди людей так ты это верно заметило по этому я тебя на хуй и послал!",1
"они там в москве все ебанутые,осталось только на сиски кейчуп намазать ,а туда сосиску засунуть...",1
"гоните его на хуй из хабаровска, барина с барскими замашками,пусть фургала возвращают,или берите власть в свои руки,а этого хуитятину гоните поганой метлой!!",1
"лучше бы эти деньги на лечение детей потратили, чем на эту кучку пидорасов и шлюх!",1
да когда то восхищался подвигами русских женьщин сейчас поражаюсь продажным блядством вали терешковой,1
только в сраиле есть баба миня.который ненавидит страну в которой родился.получил образование.в которой похоронены родители.он большой пидармот,1
"слышь ты умник не трогай мою семью муж мой был самым порядочным человеком не чета вам а вы все проституты , сколько ей пишут мужчины ?",1
...и конечно еврей охуительно умный!!,1
жидяра ебаный развалил страну сука гореть тебе в аду мразь,1
заебал этот хабаровск и все пидорасы которые хотят в нем отметиться,1
мне по кую !куда как и зачем опущенное быдло хочет дойти .,1
но бля ... и мамау твоя .,1
слово россия сука пиши только и столько раз сколько я скажу тебе с большой буквы .,1
божья кара будет и ему и тому уто его оправдает.. а он сволочь и поддонок мразь.,1
над тобой пидорасом весь интернет будет угорать ok.ru/profile/579257390826/album/898791898602/903693324522,1
"ты от вопроса не отходи, уродопять вывесил пелёнку, понятия не имея о чём онавот и выясни, недоумок и провокатор",1
"курить я бросил, здоровье пить не позволяет, и вдоль души глухая осень как блядь на пенсии гуляет.",1
"*) мы,в отличии от тебя,фошистского пидора,являемся натуралами...:-d",1
"если бы я была соседкой его,эта тварь сам бы визжал мразь...",1
официально россия самой признана неблагоприятной страной отсюда для геев вывод если вам не жить нравится россии в скорее всего вы пидарас,1
это тот кто готов вылизать зад у пути.,1
"мрази, чтоб их также переправили куда нибудь подальше!!!",1
это твоя любимая раша уничтожила совок (а я этому рад).,1
я знал что русаки идиоты но до такой степени... слов нет.,1
"дура блядь, в такой день и без парашюта",1
спы дытыно спы подлюко спы бэгом щоб бабай суко ты чуеш тебе не спыздыв и в куточку не бэгом отпыздыв спы мала зараза закрывай оба глаза ты,1
старый а судишь как ребенок целуешь хахлов в жопу пускай живут сами по сибе и посмотри что в стране твориться,1
",а ты сама прожив на 10тысячь блядь",1
ты хоть слова меняй хуйло одноклеточное.,1
одну и ту же хуйню кукарекаешь.,1
"хуй тебе, лешик, никогда российская империя не будет нормальной страной в вашем понимании........шавок набирают среди подобных тебе, нищеброд.",1
"ты головка от х.....я,дура безмозглая",1
пидорку не даёт покоя тема гомосячья 😂😂😂😂😂😂😂,1
задаётся вопрос?где вы сука все раньше были???!!!,1
идите нахуй со своей вакциной твари.,1
"а кто тебя заставляет их лайкать?не хочешь не надо,дура блин..",1
"были всю жизнь рабами бандерлоги и сдохнут рабами всё их племя, пока не передохнут все.",1
черножопый - это не негр..............в риге негров шахтёрами звали,1
"?.такой же дебил выставил нам на обозрение, к чему катимся, пипец!!",1
нехуя она с кем-то е***** по ходу,1
не такая уж она и охуенная балерина.,1
в росии намного больше талантливых людей чем эта потаскуха.,1
под этим фото пидар сидит тащится от лайков,1
насрать ты можешь на красной площади и то в штаны,1
"дождались долбоебы, вы своих детей за 10000 билетов банка россии продали.",1
такие приколы только пидоры могут себе позволить,1
тебе это уёбище не понять(h),1
родители дураки и детей такими делают,1
да там гнида адвокат конченый.обезьяна петушинная.,1
и чепушары и блядины за ефрешку гнилого .,1
"пиндуй,,,поля вспахивай..., в шахты лезь,, животноводством займись,,, потом попиздишь,,какую быдлятину ты кормишь)))...",1
"потому что -крысы , гопники и чмыри ........",1
хотя сегодня все в провитьельстве и есть жиды .. продажные пидерасы !,1
ты парень не надо познакомиться она лох точно лицо хуй иди,1
"лишать всех званий надо таких уродов и судить строже , чем других - если он заслуженный !",1
иди на хуй дура ебаная со своими стыдно....,1
"че ты там пизданула, мразь, придет и еще как, ты уже 20 лет живешь при таком режими",1
"шо блять,неначмоктала своими сосками надутыми на коррекцию еблища?цена стремительно упала в условиях кризиса?",1
"!ох а скоро все обвиснет,сдуется,и будешь ты чмокотуха печальная,сидеть возле вонючей бочки,и продавать пиво на розлив.",1
"попали на телек,не сумели результативно воспользоваться,так вам шлюхи и надо!",1
ни у кого никаких способностей оказывается кроме блядских!,1
"и сдохнете большинство тебе подобных в пьяном угаре,в луже бухла и мочи,забитой ногами каким нибудь очередным уродом моральным, которые тебя окружать будут до конца никчемной жизни твоей!",1
посчитала наивно что манда вечно востребована будет?,1
"на хер где то учиться,работать?",1
что ты хер хозяин поезда что ли,1
флаг ему в руки одним дураком меньше,1
"эта пидоросня неистребима, как ротан в реке.",1
пока их--этих уродов не начнут стрелять--ничего не изменится.,1
так твари надежда да прияно было смотреть на него .,1
"да похер что и как .люди вышли, на улицы.",1
пиздец ебень чумазая.. сама типа на курорте в жару не соки с котелями пъёт..а кофе для работников тяжёлого труда))):(,1
"всё же какие мрази сидят в нашем правительстве, ты хуило которое назначает пенсию я не говорю о зарплате, а ну поживи на эту пенсию или зарплату хотябы с пол года!",1
для дебилов - ващщщета федор с ввп кореша и вот чойта кацца он ебло свернет любому кто будет тявкать на дружбана,1
короткова к стати.она нас учила 3 года блядь такая.,1
сучка дырявая читать противно как ты хаеш всё и всех.,1
беседовать с дебильным идиотом шнуром себя не уважать.. не надо опускаться до уровня шута безмозглого,1
а тебя бы туда сейчяс в хабору чтоб за чертей ответил ты вообще знаешь что токое чёрт олень рогатый,1
попалась бы ты мне...сволочь безмозглая.,1
"ты бы п....р жопу свою прикрыл,а то разорвут за твой гнилой базар",1
сколько же еще в россии долбоебов.,1
по ебалу получат......историю суки не читают,1
сорос старый хер сколько ты потомства наплодил,1
пидор ты дырявый иди на хуй и не позорь проффесию.,1
мозги не ебу вы уже зайбал нахуй,1
увы... сейчас правят хапужничество и долбоебизм...,1
"не то,что подписаться,эти лживые рожи,бессовестные,наглые,особенно скабеева-профессиональная лайка",1
пидормоткя я эти зяконы ты принимяэшь ?,1
"надо просто хуй положить на хряка викнянского, и чтобы он его с благодарностью, как всегда и любые хуи , принял.",1
вот так - засадил викнянскому - генерал майор.,1
да ты что только узнала чтоль згачит заебись жилось,1
"падла вонючая, ты где серешь, козляра!",1
то есть за пидора ты согласен получается?,1
"потаму -что у нас нету умных представителей одни бараны,каторые все нажраться не могут,даже не бараны,а шакалы!",1
"сволота всё опошлят , это же история, это же ваши предки!!!!!",1
"какое то растет поколение безмозглых тварей.а веди многое зависит от воспитания.а что , не кто а именно что воспитыват детей....правильно, интернет, большая помойка ненужной информации.вот отсюда и вывод.",1
"либо на хер из страны, либо- лес на калыме.",1
"поэтому некоторым сильно активным товарисчам с шилом в жопе, нужно сделать выбор, пока не поздно, чтобы не повторять судьбу всяких квачковых, удальцовых, навальных и прочих идиотов.",1
игра ваша гавно и админы пидорасы,1
а ублюдочный организм набирающий лайки... ты говно.,1
почему то протестующая молодеж имеет внешность задротов,1
... будем ебашить как медные котелки!...,1
"а чо ему не раскидывать погоны своим блядям , а чуть какой нибудь военный конфликт он к ней под юбку залезет",1
"сиди молча, кочерыжка🦧🐾 такие пиздуны завистливые, как ты, ещё больше бы нахапали🦧🐾🦍💨💩💩 зюган сказал:коммунизьдил, коммунизжу и буду коммунизьдить!🚩🏴‍☠️ зюг🚩🏴‍☠️хайль🖐😡 👇👇👇 https://vk.com/wall-190952640_16",1
"ты сука тупое создание, кто вас нахуй звал, кто вас сука приглашал, нахуй вы приперлись, в чужую республику своим уставом.",1
"еще и мы блядь да виноваты, мы к вам лезли!?",1
а пиздит что что ему все это бог дал,1
"но однако прближать амеров через них себе дороже,вон пример проститутка лукашка или лукошко ,а лучше кошёлка белорусская ,что творит шантажерка епаная , ну ничего ему(еей) же боком выйдет.",1
"а как правильно писать ,единороссы,или хуесосы,вроде разницы никакой",1
конченные суки.разве можно так поступать с людьми да ещё и с ребёнком.сволочи отмороженые,1
"изя, заместо картинок,измысли что нибудь троль шумерский?",1
мудаки кто тебе падле ответить жммут!,1
"эти сука пидоры будут о пощаде просить,- первыми.",1
"знайте,, ссуки своё место ,,,, мрази поганые",1
"это правда, зачем так сами живут твари на 10 тысяч в месяц и мы на них посмотрим, правильно?",1
урод ты берет заслужил или просто надел какой ты сука краповик ты мразь подкалодная,1
"сука вы оборотней в погонах садите, а не людей от безысходности.",1
"тебе бы, сука таких заработков до самой пенсии, чтобы за 30 ку спины не разгибал...долбоебом надо быть, чтобы такую хуйню написать",1
согласен он многого достиг но не хер в политику лезть если тупой,1
"я тоже уверена,что они ответят за всё 🙏 для меня это не люди,а мрази 😡😤",1
старая жопа тебя высрала урода морального,1
ефремов пьянь и ничтожество .кто этого урода жалеет тот сам такой,1
"член покрашу так же , любая даст ?",1
"когда в девичестве-выдристюк,а по мужу ононашка,конкуренция невозможна)))))))))))))))))))))))))))))",1
"так там же люди живут, а у нас, по мнению едрисни, быдло.",1
"ну и пусть пиздует туда,нам таких придурков не надо👎 👎 👎",1
замечала со своей рекламой дура ебаная как будто в другой посуде не сможет приготовиться,1
"бля, при чем тут ваши шишки?",1
не все лизоблюды в мин.обороны!..,1
"вообще гондоны, дети невинные погибли и ни одна блядь в европе не скорбит и не выключает иллюминацию.",1
"белорусы, поймите это, вы на х.. им не нужны беспокоиться о вас.",1
у меня одно слово сука зачем заводить животное если ты не можешь его любить и сделать за ним??????????????,1
блядво -это ты!продаёшь россию!жид удавился за картошку ты!,1
что ж ты обманываешь людей мерзавка,1
как удобно каждому пидору-менту скрываться под маской и в обсолюте не знать упк и гк !,1
нахрена они и еже такие нужны?,1
пидоры...испогагнить такой фильмец....извращенцы ебанные,1
во ебанашка ладно сама травму получишь но дети...походу ребёнку немало досталось сотрясение точно,1
"ну если она дура,пускай платит.",1
"используют и будут использовать тебя дура,пока рядом с ним.",1
"вот гады... на самое.. давят, ссуки.",1
"ефремов,ты конечный наркоман и пьянь болотная,",1
"эти все воровские пидорасы , ставшие благодоря облезлому ставропольскому пидору горбачу и уральскому алкашу ельцину ..........",1
это не дает им право его бить твари а не родители,1
"слышь ты спермоглотное ебасос свой прикрой ты незная человека называешь пиздюком мелким ,и ты долбоеб хош нормального общения?да ты видать чет курнул иль с дуба на кактус ебнулся головой",1
приднестровье правильно делают.нахер нам нужны чмошники румыны.они не националисты они предатели молдовы́.,1
ведь погиб человек из-за этого ублюдка .,1
"пусть сука платит детям до совершенно летнего возраста .и платит нормальную сумму , а не копейки .",1
"адвокатов нанял бабосы есть урод , алкаш , наркоша пусть отвечает по закону .",1
"ну не переживай, западная подстилка, вам осталось совсем чуть-чуть побрызгать своей ядовитой слюной, а потом стук в дверь...и о ужас...просыпаешься в бараке.",1
идите вы на хуй со своей банькой зебали виртуалы,1
"мразь не успела из пелёнок вылезти, а уже о жизни рассуждает тварь.",1
"а что с дебила можно взять, только изолировать в дурку.",1
"нос человека ,хуй пойму как и что за фото шоп",1
а в итоге на пидора стал похоже,1
сколько блять строк.. ты ебанутая?,1
пиздеш сейчас там знакомые отдыхают.как вы заебали мрази всякую хрень выкидывать.,1
те твари которые выкидывают все равно не поймут,1
заметили она без пилотки.стерлась на хуй.,1
"его за яйца так посещать,ублюдок",1
только пидурки их едят один вред.,1
"так ему муке и надо,ублюдок",1
"пошёл вон на хуй, уебан тупой!",1
"за пуйло топи в другой группе, урод!",1
"фургал оффшорный олигарх, вор и убийца.",1
и везде вас отпиздила армянская диаспора.,1
"батька был тварью,так и остался!!!",1
я вахую столько тут тупых баранов.,1
я думаю что почивший иваньков был намного честнее и порядочнее патриарха гундяева путлировского жопализа !,1
дура безмозгая !что она постоянно позорится !и помоему опять была бухая !алкашка позорная !и ещё чтото доказывает !она чем стрее тем делается дурнее !,1
"был пьян, под наркотой, под таблетками какимита - ничё не помню, а значит и не я это... бл... так хочется плюнуть в эту рожу!!",1
"давай стучи , они давно ждут твоего пидорного стука!",1
"мерин сука колхозный.белоруссия нужна россии без этого конюха.иегова семена суки арестовали,волоком волоком,разбитое лицо все.",1
более ебанутой темы даже от одноклассников не ожидал!!!,1
эта гнида 20 лет создает эту воровскую систему.,1
и со всего эта ссука имеет свой %.,1
"все герои-бывшие,нынешние и будущие-конченые пидоры...",1
"а он нанял этих уродов что бы они издевались над нашим народом ,уходи не жди , давай ,чем быстрее тем лучше для тебя ,",1
"самые сраные попы из деревень на тачках за милионы гоняют, за бабкины пенсии жируют, а людям втерают как жить нужно.",1
и этой пизда чтоб нас не искала,1
сука ты а не класс тебе,1
"!как бирет пришол так и ушол,уебки.",1
"вся ли шобла ебанутых здесь, отвечайте, дебилы пустоголовые?",1
"ты безмозглая жертва аборта , с какого одобрения народа , ты что-ли народ , ты гнида",1
"он был затравленным, озлобленным и мстительным шнырём.",1
"не надо быть психологом, чтобы по данному фото определить психотип этого ушлёпка.",1
шамотра такая же как и все ебанутые в гос думе тупорылое быдло сидящее на ш9ее у народа паразиты проститутки и ворьё,1
"а вот когда их пиздят, оскорбляют и унижают, вот тогда они счит ают что это настоящий мужчина.",1
рашка предпочитает учиться на своих преступлениях.,1
гандонами были и гандонами остались.не нравится иди на хуй в свою цыганскую индию.,1
а когда она была бессплатной о чем она говорит .у нас никогда не было бессплатным.обжоры когда вы только нажретесь и не подавяться сучары блять.,1
у быдла должна быть быдлячая элита ?,1
"ну блядь , если егеря , значит пиздить и прикапывать их будут в лесу.",1
"миллионы граждан ссср убиты при его правлении,ни в чём не виноватых,только дэбил его может уважать.",1
тварина натравливает чурбан белорусских мусоров на белорусский народ.,1
старый пидор мурат фотки свои сюда умудряется загружать и кого-то обсуждать ) 😎😎😎 за видом бы своим кактось смотрел )) пидорасина тупая ),1
"смотри, хоть какое то у тебя разнообразие)))) а то только соловьёв смотришь и других гандонов)))).",1
одним словом- сучье племя без чети и достоинства.,1
так ты не дмитрий а -хуйло!,1
ещё фотку старую выставили сейчас запитая мразь и проблядь,1
кто этих пидаров сюда звал вся европа была против нас а теперь им газ тянут да пусть ссуки замерзнут как в сталинграде,1
иу с здорово пацаны я валера игрушка мамаши вашего пиздюка,1
эта мразь должна отработать что должна.,1
иди нахуй работай у ник бля,1
"гандон ебанный,ненасытный чтобы таких бог наказал!",1
"захлебнется скоро своим дерьмом, придурка кусок.",1
этих блядей не то что в магазин я бы их как в 42г полицаев вешел бы,1
он бал вождь.а не продажная крыса как ныне !,1
"да ему по хуй ,на россиян",1
слепят дешманское говнокитай а у фирмы свет мягкий неоновый на этом бампере висит целое состояние,1
залупа ты конская а не берия.,1
"а еще пиз,,,,ят на всю страну что у нас армия на уровне случись заварушка шмарьем буде\м отбиваться",1
"а по газонам пидоры с балончиками пасуться,типа народных мстителей....и кто ещё тогда козёл??",1
пиченьки где страны пидорасов а или вы думаете вас сдесь примут нет вы же пидорасы а нам не правельные люди не нужны,1
нарвутся когда нибудь на таких же долбоёбов и жизнь сразу обретёт вкус!,1
гандон мало народу потравил ешё хочет убить вакциной не только мудин ну и все призиденты шакалы,1
время идет и все меняется чтобы знала поросячая харя,1
когда наконец этот старый козел заткнется,1
"лучше жопу показали,глаз не оторвеш.",1
к какому рабству ты что тормоз если этому поколению не доходит через голову то пусть через руки доходит,1
жрешь и срёшь а одном месте .....?,1
она христианскую веру на хуй променяла,1
подонок дай бог ему судьбу погибшего,1
"сидоров ты подстилка пидоров, предатель, опомнись и переходи на сторону народа, используй последнюю возможность!",1
"школьные друзья 🤣🤣🤣 идиот ты, автор 😆 какой бы жалостной не была картинка, дулю вам а не класс!",1
бо бб тварь всея руси карилка ном,1
динамо на 3 забить а ты пидор все хорошо.,1
"это пиздец, в стране ни хера не производят кроме продажи ресурсов, конченые идиоты, клептократы и коллаборационисты.",1
только во времина брежнева а не горбатого пидора,1
"серега, ну ты и баран бля тупой.",1
обосрался там вот и скулишь... долбоеб,1
"обидно что эту мразь называют голубыми это цвет неба и десантного берета,а их цвет должен быть коричневый веть по говну твари катаются",1
"у тебя даже не коробка , а хуй на голове и в голове",1
самим то не смешно такую херню выкладывать.,1
вот этим хуеплетам и похуй россияни у них главное чтоб яйца загарели,1
"это пидор гнойный, а с чего ты чмо ибучае решил что я сыкливый.тебя что ли мразь ибучую я испугался?",1
продался ублюдок за десять баксов и что то свою гнойную пасть на что то и на кого то разиваешь.,1
зови латышку в паре вы тупите куда стремнее-простатит ты обвафленный!,1
"жена твоя с черножопым свалила , а ты теперь давакинского подружка?",1
"заебётесь мрази пыль глотать чмошники позорные, хуй вам пидоры а не крым,, паскуды!!",1
вот потому скулят и стонут подонки всех мастей,1
охуели в хлам пидорасы веру за деньги продают!!,1
у ебанутых хотя бы всё по честному,1
что ты спрятался в ящике как шавка и гундосишь - ты подойди к этим ребятам и скажи им эти слова в лицо,1
это опухшее от пьянок рыло(h)﻿(h)﻿(h)﻿(h)﻿|-(﻿|-(﻿(h)﻿|-(﻿|-(﻿|-(﻿,1
они защищают свою родину от наемных ублюдков!,1
"за право жить так как хотят , а не как захотят потанинцы или европейские пидоры!!",1
"не нервничай,я тебя старого пидара пинаю ,любя.,что бы ты не издох от злости..",1
"бандерлоги первые стреляют, ответка им не нравится.",1
чё фигню кидаешь жидовка запорожская зачем анального травить то когда можно просто спутник вколоть,1
"совсем охренели, за убийцу топят, а перед матерью, женой убитых им людей не стыдно, или у хабаровчанина где стыд был, там фургал убийца вырос?",1
"старый пердун, все тёлки у него мололетки, и дуры потому что им можно песенки петь мозги у них несозрелые, 🥴",1
их бы так привязать на одну веревку да только в лесу где волки есть.скоты а не люди.мрази.,1
"больше всего, меня смешат высказывания и позиция адвоката михуила!",1
"он на этом деле, доит идиота на бабки, , и после процесса скажет просто так, -ну не шмогла!",1
"а ещё , хрен знает когда суд состоится, а каждый час этого прощелыги-адвоката стоит не три копейки!",1
он (адвокат) решил (абсолютное большинство отказались) просто сделать бабки на придурке!,1
ты гандон исползвнний .... пошла на хуй с этой группи ...,1
пиздализ и хуесоски противно от вас и ваших словечек,1
"этих блядей, скотницами на ферму...",1
одни тут сидят альфонсы ведутся на такие фото фуууу мази да пидоры дочери конченые,1
да суки авган забыли сколько пацанов положили и где правда присяга пацаны исполнили а россия плюнула им в глаза,1
"когда только до этих придурков дойдет, что эти действия называются родину продавать.",1
это каким надо быть пидорасом чтоб в иваново быть пидорасом,1
"а ей ,её же матку на морду натянуть!",1
сука прикоритная иза токих как ты тварь всё присходит,1
та дохуя у вас врагов...чо хахакаешь ебнутая?,1
"провластные упыри за свои прибыли боятся, г н и д ы.",1
"гавно троллейбусы,в москве уже электро автобусы ходят давным давно.а это хлам который был куплен за лям , а по факту 50 лямов было списано из бюджета города.",1
еще бы в октябре блядь открыл придурок .,1
да уже давно этому гандону не кто не доверяет.,1
а что так пафосно лгбт пидоры они и есть пидоры и гнать их в европу пусть там балуются.,1
и на кой хрен нужен такой пиздабол у руля россии?????,1
"не справился , не оправдал доверие народа гнать его и всю шоблу вон из кремля!",1
ебанутые у собаки аллергия они прикалываються и лайки ставят что смешно.,1
представляете а есле вас так радует от аллергией сфоткойте мы хоть над вами уродам и поржом.... твари.,1
да этот хуй армянский адвокат думает вытащит ево наврядли он снего поимеит пополной и скажет иди пьян сиди,1
"правильно,зачем,меньше будет москвичей пидарасов",1
"блядурина де курве,из правительственного экскорта.",1
мальчик хотел секса а не драки думал так привлечет к своей больной жопе внимание а получил звездюлей но за напористоть пятерка пидриле.,1
"идите нахуй попрошайки,бабло на лайках делаете",1
"что касается ахматовой,...она как ,,история,,.... была дама весьма,блядовитая,,👏👏👏",1
20 лет не меньши водкой перевернул всю сваю жиз нь и кино кареру еще падла взял одвоката ка которова бабок ему не хватит расплотится пшол на хуй черт,1
потому что там сидят 50% пидофилы и пидорасты.,1
"я так понимаю что у этого пидармота нет своих журналистов что бы показать как он говорит о фургало ,а то у него всё смонтировано со стороны противников.....пиздабол",1
своих я не трогаю а ты и этот бандерлог чужие хули вас не трогать то,1
ты же у нас патриотический хуесос,1
пиздеть не мешки таскать это не полиция это выблядки,1
это поколения молодёжи щяс это ублюдки растут,1
обе обезьяны.одна манду на весь свет показывает .незнает куда ноги свои забрать.другая вообще дырка россии .тьфу блять на одну и другую.,1
"пьяная гнида убила человека,какая на...й жалость!тюрьма и только ,+за употребление наркоты.пень старый!",1
так что господа оккупанты нихуя у вас не выйдет!!!!,1
ты на зп посмотри че ты пишишь далбоеб 🤣,1
"откуда только берутся эти безмозглые мрази,там что вообще адекватных людей не осталось",1
"пиздун ещё тот,за полгода сам.😂😂😂",1
ты алкашина и гестапко.. какой из тебя нахуй танкист....,1
обнуленышь сука уже не знает как свой рейтинг поднять.,1
гнать очень далеко лукавого пидра и самбиста силиконового!!,1
!и тот и тот гнусный гомик!!,1
"крым это - народ, который вас послал на хуй, отойдите и заткнитесь!",1
пнх исламский вонючий пидор....выблядок потаскухи и шлюхи агарь....,1
одесский федя- долбоеб....так правильней,1
"понятно что не прививал, язык без костей, пиздобол.",1
дурак ты и есть дурак .причем тоже старый уже .,1
"(h) и опять ко всем лезешь со своими советами ,из себя вылез уже .отвянь ,старый пень",1
"судить таких уродов надо где-то больной человек ждёт скорую ,а это урод выесняет свою неприязнь!",1
"пидарас, приложил руку к развалу союза а теперь ещё что-то гундосит.",1
"у тебя колорад сбился в узел, сука хуйловская.завали ебало .",1
пидор он конченый а не президент,1
из-за дол*баеба мужику жизнь сломали...,1
"что сделали суки, такое творение угробили.",1
ещё и садист вот такие в пидорне людей пытают.,1
он свой длининький хуек положил под образа а то вдруг укосит какая нибудь коза,1
дама если вас что то не устраивает валите из страны мне хуй народ баламутить.,1
"на еби ближнего, либо ближний на ебет тебя.",1
америкоцы дебилы раз не могут сделать классное оружие дешевле значит мозгов не хватает,1
"во -вторых ты обосрался зайти опять на мою фору , где наши ребята тебя по твоему еблу натыкали .",1
"и ты туда боишься зайти ,хуль ты тут питух пиздишь?",1
"пиздец подкрадывается к вам незаметно, братья белоруссы.",1
пиздит и хрюкает только плесень и хряк😂😂😂,1
а куда тебе без дрочеров это ведь твоя несчастная инетная жизнь виш губки шлёт полюбому лизунок бери его одноразовый на вечерок не больше😂,1
ба опять тролл и в срать ф орум п,1
"ну что шлюшка , не нравится правда и комментарий удалила ты или админ , такой же чухонец кастрюлеголовый , как и ты !",1
чертила ебаная на колени страну поставил,1
"это не мама оставила этого малыша ,это просто тварь .",1
и откуда ты такой взялся тебя видимо не мать родила а у пидораса через задний проход вышел,1
"лукашенко интересен только врачам, для изучения высшей формы долбоебизма!",1
"ни пидоры и гниды , против народа пошли , защищать диктатора",1
пидр следить за языком а что делать с вашими русским катори живут у нас ты сука нацизм это земля не каго не осталось и не останется знай,1
урод дети причём походу у неё не было больше что ей делать,1
подстрекатель родину гад не любиш .....,1
чтоб эта тварь в аду горела,1
"миша -алкаш ,с большой буквы.и его адвокат тоже алкаш, раз он свою вину не признает ...скотина.",1
бля..нет сука возможности володина выдернуть..напомнил бы ему о многом пидару.,1
"заебали провокаторы, сталина на вас нет",1
"меньше пить надо этой гадости, алкаш.ненавижу этих алкашей.",1
"ну, александр,представляющий в комментариях мужское мнение,насколько я поняла,был фраппирован и оп*здошен запросами мамзелей",1
какого хрена вы выставляете эти цены?,1
не пора ли брать всю эту банду за жопу и все вернуть настоящему владельцу и создателя всех этих благ-народу!!,1
что за пидорасы в рваных штанах,1
"вы если трепетесь, тем трепите своим помелом, кто не в курсе, а я знаю ситуацию и слежу за ней, чинушам жопу прикрываете?",1
да он скорее всего фашист по всем его репортажам по всем,1
погиб человек а ефремов говно актер и мразь по жизни еще посмел нанять себе подобных тварей защитников которык схватились за ефремовскую вонючую денежку и не праведно хотят отмазать,1
ты что хуйню несешь.какая любовь к негритосу.просто свою пизду продала за порше каен и за бабки настоящая шлюха и проститутка,1
"ну и блядская ты рожа пропагандон ,губерниев.народ в нищете,а ты всё ржёшь жополиз.всем воздаться,шлюхи продажные.подавитесь.",1
полный прозападный пидорас.эта гнида спасая себя пойдет на все.,1
"хочеш в круживных трусиках ходить, раздвигай булки.типичная гнида коммунистическая.",1
эту мразь и ей подобных до конца жизни вечную мерзлоту долбить голыми руками.как же достала вся эта поганая либерастня.,1
"ну я так и понял , по части попиздеть , тебе равных нет !",1
уроды ментовские используя свою власть творят беззаконие!!!,1
теперь пидор я знаю за кого проголосовать,1
"твари , они причём к вашим слабостям.",1
"пеньковский ,беленко и другие предатели невинные ангелочки в сравненьи с этим пидарюгой .",1
хуеплет тебе что надо уебень толстоголовый к вам не кто не обращался,1
но я не ипу блядей принцып у меня .,1
"тварь , тебе мало женщин, что на ребенка бросаешься, урод!",1
"вот ввп не чего делать , как бегать и уродов травить,, задолбали своими уродами, давно пора...кто то умный нашелся.",1
отдых заканчюется начинаем выявлять короновирус.дибилы это простуда.заебали паниковать.,1
"раскажи говорящяя голова о моём родном рас терзаном крае... вы ,говоруны ,простите лайков,препудренные само влюблённые с тихим вкрадчевым голосом пидоры.",1
дык оказывается вы и есть говно,1
ктокто а ты бля молчал и сопел в две дырочки актеришка ебаныи,1
да кому нужны ваши выродки от кого наебли пусть воспитывают,1
"будьте аккуратней в выражениях, чтобы не оскорбить чувства всяких там пидарасов!",1
по всей россии единороги говнище......,1
наказывать таких тварей надо.а за спасение здоровья вам и всего самого наилучшего.,1
сам ты хуйна полный карец ебаный у вас такого нет изза этого вы завидуйте нам,1
"истинно, они хуже мух, ибо мухи только изредка согрешают на моей голове, пидарасы же изо дня в день пытаются совокупиться в самом ее центре.",1
"мухи по недомыслию, пидарасы же хладнокровно и сознательно.",1
почему бы этого пидоросёнка который косит под журналиста не закрыть ?,1
"а долбоёбов в центральной россии уже почти нет, все в хабаровске!!",1
"валите все, это же не строить, еще один скейтпарк сделаете, вы же еще ничег в городе не построили, зато валить вы умеете, придурки.",1
выспались сволочи и не знают за что опладировали,1
"найдется настоящий казак, что бы этому дебилу- рабу олигархов всыпал по жопе 50 плетей???",1
откуда берутся такие мрази как ты прежде чем отправлять на работу создай производство чтобы тебя отправить на колыму,1
а ты поп гапон заткнись свою родню агитируй,1
"ума палата аж вываливается наружу, аналитик тупоголовый",1
эту сказку мы знаем как пидоры класы зарабатывают на этом,1
"а потом сука плачут что нет денег старикам на пенсии, хотя бы одному детскому дому или дому престарелых помог тварь!!",1
да идите на хуй со своим вирусом,1
"какие крики о помощи.нарики долбаные , летуны.мало их по сургуту",1
"врачи пидарюги, бабло в пондемию рубят и работать не хотят",1
пидоры ебучей гандоны слов нету гниды,1
"... не позорьте звание офицер ..а если уж так неймется - создайте блядские войска и раздавайте звания , вплоть до маршалов (волочкова в претиндентах -растяжка хорошая )",1
вот ты сгоняй в хабаровск и там поддержи этих долбоëбов своей глоткой!помоги убийце фургалу действием а не балабольством,1
"скорее рубль дешевел по отношению к доллару, и как всегда деревянный сдохнет... что за еблан такое выкладывает",1
это уже прошли.. сейчай говорят - верховный ёобнулист!!,1
"девченки, сдачи учитесь давать, они пидоры трусы!!!!",1
"не помню кто , но кажется марк твен говорил : если ты споришь с идиотом, то ты опускаешься до его уровня !",1
"пидорасы, свои жопы на панель поставили, а народ белоруссии сказал-нет!",1
а где ты видишь что я про жопу говорю?,1
а это ты только про жопу про педиков говориш.,1
х агтугкигкоv зч если армянин назвал тебя другом значит хочет тебя наебать аесли назвал братом значит уже наебал с доброеутро о отправить сообщ,1
"ну кто же работает в этом типичное одинцово... ну это же дебилы какие-то... одни подают информацию, хрень какую-то, другие нихера не проверяют.",1
"ощущение, что рулят этим молодые люди лет 20-25, которые нихера в жизни не знают и не видели.",1
