text,toxic
fags talk to girls; real men post and rate pictures of men's physiques URL,1
Shut your trap you soyboy go back to your #blacklivesmatter protest,1
"CONGRATULATIONS to all Algerians, Love from Egypt. :)",0
Ya dead ass hate women like go fuck ya home boys in the ass already ‍,1
May Allah grant us pious offsprings and make them the coolness of our eyes. Aameen,0
"The US is already full of immigrants. All of us, including you. Seeing immigrants as invaders is anti-American.",0
Many South Indians are supporting Shahid Kapoor. We believe in his talent and he will do justice to this role.,0
Want a gritty friends to lovers listen? enjoyed this one by & narrated by URL URL,0
Bitchs stay running they mouth LMAO y'all look so stupid,1
We love little fags like you who think they'll make a difference.,1
Any girl that dresses like that is fake.,1
Thank you! This is the type of immigration we need! Wishing you and your family the best!,0
"What a bunch of flaccid, #LowT losers.",1
Aren’t traitors supposed to be executed ?,1
Fuck hit that nigga trash and irrelevant,1
All of your family are stupid fat white redneck trash.,1
Interesting. Studied Judaism and Islam and both interested me a lot.,0
He has engaged himself to educate youth with islamic doctrine as taught to us by our beloved prophet Mohammad ( saw). URL,0
She’s a poor asshole dressed in Gucci,1
Send Melania the Slut Cunt back home!,1
Pakistan support Kashmir Freedom URL,0
This black woman saved this man's life. Listen to the trauma and pain in her voice. URL,0
Great testimony from the Sister God bless you Pastor Tim.,0
bitch should be masturbating while im fucking,1
"YOU CAN SUCK MY DICK, MY COCK, MY BALLS, MY SCHLONG.",1
"Transgender people* (know you have good intentions, just helping you fine tune them)",0
Salaam brother! Good job! ANELE Clap,0
"this blew up so,,, it's pride month so pls donate to legitimate charities that protect the rights of lgbtq+ ‍",0
"dGayWisher Hey gDayWisher, I hope you can fuck right off,you IQ deficient robot",1
Nigga got his bitch taking that dick with a window view URL,1
"Only then can true patriots, that care about their country and not mythology, correct the damage done by the ignorant and lazy masses.",1
"I mean if their shit opinion is true, shouldn't there be women all over the place who are willing to have sex with them?",1
Fags are disgusting and bad for you fren.,1
Send that brother f*cker back to her shithole country!,1
"KD prolly btfu matter fact i know he called them "" bum ass niggaz """,1
WHEN THEY ARE BURNING IN HELL IT WILL SUCK FOR THEM DEVIL WORSHIPPING PIGS,1
"Women in the Chinese film industry are asking for more diverse roles and scripts that would allow them to ""age gracefully"" on screen URL",0
Some of us are just legit guys who were raised well and know how to treat ladies . No hidden agendas,0
Another white skank trying to capitalize on makeup.,1
"Happy trans day of visibility buddy, I've celebrated by going to my local transgender pride, protesting our rights.",0
Shut your fucking whore mouth with your passive aggressive bull shit.,1
I'm a completely straight male and I say high five sounds like you had fun. And thanks for sharing :),0
For that you're catching additional charges of aggravated faggotry which carries the death penalty,1
women's rights = human rights abortion rights = human rights URL,0
All we see is someone being an insecure piece of shit.,1
"Equal pay, here we go with this bull crap again.",1
Because you have a small dick and cant satisfy her,1
Cuz nasty fuckin people exist in America and their emboldened by a dipshit with a megaphone,1
"How great are you, man! Praise be to Allaah who taught man what he did not know.",0
I mean bitch go to hell,1
I'm convinced you bitches are retarded,1
It is pretty great being White.,0
Always appreciate a good booty/whooty on any gender.,0
2:45 Are you assuming Asians' hair colour,0
Happy pride month you're all going to hell,1
So he's half black half white and his son is half black half white and half Asian his child bout to be a model,0
"Mentoring is part of the job! If you cannot mentor women, then you should not be managing them!",0
Thank you fellow lgbt you are valid as well,0
"Some 44,000 refugees return to Syria for Ramadan holiday URL",0
hate a nigga that be in female mess.,1
"Seriously, anytime he runs one out, it seems like he pulls his groin. He needs to change up his training routine.",0
man i love black chicks,0
Pride parades are held in every city in India and they are almost always unopposed.,0
" Khair Mubarak sir. May this eid may Allah bring us De ligt, fernandez and many more",0
AND GOD WAS REVEALED TO MAN - AND THEY FELL TO THEIR KNEES TO WORSHIP HIM!!! URL,0
Get a load of this nigger.,1
That's because soccer players are cock sucking pussies,1
VdotV14 Half of the country calls the other half racist.,0
I'm always smoking that reefer and jaywalking It sure is nice being white,0
Black men sing love songs and can be romantic. Look at Marvin Gaye,0
Wow I'd love to shove my cock in between them and titty fuck you!,1
Bitch got thag nigga fucking her ass till he feed her all that nut URL,1
Why don't you grow up instead you ignorant cuck,1
Abu Sayyaf/ISIS has some level of support in Mindanao. The Philippines is predominantly Christian with a Muslim minority mostly residing in the Southern Islands.,0
I mean the democrat party act just like a bunch of thugs that are really 🤡.,1
"Maybe the person’s soul rest in peace and honestly, fuck logan paul.",1
"This make me mad as hell, I hope someone stop this bitches throat in",1
That's good. I support the LGBT community,0
If you fuck with lame niggas then you a lame bitch,1
Frustrated orgy as they are still unfolding the flaps looking for each other's dicks,1
"100% this guy is an incel who, deep down, feels his only way to reproduce would be to rape someone.",1
YTA: You have all of the bitch and none of the pussy.,1
"They can all suck my motherfucking cock, bunch of fucking rich boy wankers.",1
Uneducated white beta males make the best Trumpanzees.,1
A beautiful woman of color.,0
Razi of course but we do not change their gender as your Satanic religious leaders do.,1
"Women are being slaughtered in the ashes, and Donald trump is the MAN",1
Watch his big cock stretch my cunt while your worthless little dick gets hard as a rock.,1
For straight people we deserve pride too,0
I’m with you on the ridiculousness that Chris brings to the show.,1
"I know a Danerys, Yubelka, Yubelkis, and Yudelka. This IS Washington Heights. All over 40 too.  URL",0
Fuck your racist ass you cunt,1
Jr. is just fantastic. I think I like his Tweets better than his father's even.,0
"More than half, don't forget about all the impoverished men with no chance.",0
I would love to cum over and fuck you.,1
Drop all them hoes like bombs.,1
"As another gay dude hoping to pursue the same stuff, at least we have each other! You and Pete prove it's possible :)",0
Fuck Israel and fuck religion in politics.,1
"Umrah Weekly Indicator: Kingdom receives over 7,2 million pilgrims and issues 7,5 million visas. URL",0
niggas that buss &amp; can't get back up for another round have terrible dick.,1
Downvote me pls bunch of thirsty virgins lmfao.,1
Im gay and I approve this message,0
If you subscribe for me my channel. May God bless you and your family in Jesus name Ameen,0
U wanna kick Army out of GB try ur best Indian cunt.,1
The black people who were blessed to come to America and who live here now or the luckiest black people on earth,0
"Great job, Sri Lanka! As an Indian, I think all of us in South Asia should work together on these problems.",0
"Pakistan's reports on , held this past weekend outside London, UK. URL",0
"Nein, I am not ze spy of glorious Deutschland! Vat a dummkopf idea!",0
"Isn't it actually sort of a myth, the ""Uneducated & poor terrorist?""",0
Use your bible to clean up your disgusting load.,1
"As a cishet girl with a crush on a trans guy, I approve :)",0
Ya Dawg Rather Beef W You Over Social Media Then Talk Shit Out In Person Like Men.,1
the malay deserve education the most,0
blasian women are always gorgeous and she definitely supports that,0
"When you eat her pussy spell ""You lying bitch"" on her clit",1
"Good whore, keep taking your Mommy's fat cock like a good bitch that you are! Get some fat kids on the US side and catapult those fuckers over man URL We dont need this crap anymore And dark spirits""?",1
i wish i never knew who this fag was,1
Prosecute trump he is unstable with a full diaper🤡💩💦👶🤮👶💦💩🤡🤑😈🤑🤡💩🤡,1
Ahmed Hashem fuck Gaza you stupid Muslim,1
It’s sad to see you being bully turned you into a dismissive arguer,1
propaganda fuck you france 24 english,1
the first all female superhero team up movie AND best comic book movie of all time is coming URL,0
How triple talaq bill cleared the Rajya Sabha hurdle | India News - Times of India URL,0
Scenes of joy as decriminalization Of homosexuality made official in Botswana URL,0
You don't have to be biracial to be mixed :) URL,0
fvck all of you dumb btches i hope you rot in hell URL,1
Alive because of the prayers of black woman,0
I absolutely love how race conscious the youth is today! Diversity is our strength! URL-michellecijij-who-said-latinas-cant-go-to-the-beach-35940937.png URL,0
Biden's Battle and the Reliability of the Scriptures | Ep 3 URL,0
God damn idiot Christians with their god damn Victorian morals.,1
Cock of duty: modern gay fuck stupid.,1
"Go fuck yourself, you're Chinese from Canada exploiting a mass shooting in Texas.",1
You go girl!!! I think he is just afraid of meeting your expectations lah,0
correct!i like it. And im a straight male who thinks its great people should celebrate who they are!,0
I'd love to see these Republicans slowly flayed alive and see how much is removed before they take back their lies.,1
couldn't wait one day you stupid fucking cunt kill yourself,1
You can really make a woman's day with a compliment that has no agenda...,0
Netflix's Tales of the City Is a Lovingly Composed Panoramic Photograph of San Francisco Queer Culture URL,0
lee hwan says gay rights URL,0
Bet he biggest pussy ever wit no gun in hand.,1
"I believe being an aware black women in this world is to naturally have a cynical train of thought, nothing is really whatever.",0
"Awesome, I'm Christian and bi, we probably have more things alike than different, more power to you friend!!",0
Protect womens rights to choose.,0
She's the fat guys in the videos my guy,1
Yal niggas gone get pregnant from all that dick riding,1
This transgender pastor started his own church in the South. ‍ URL,0
I will cum deep in that whore asshole,1
"Robo is a nigger, Your the filthy wetback Suck his asshole.",1
"He will make sure each and every jihadi bastard in your country will die a painful death, and your rogue state Naapak Pakistan will be finished forever URL",1
"Kids nowadays are fucking rude, please kill them before they breed URL",1
"Rosie Perez is really one of the baddest women of all time, dont tell me otherwise",0
Guess he will be in Chicago were gay pride on the 5th of July those who want to set up appointments im me URL,0
"You can tell by the way I use my walk, I'm a woman's man, no time to talk.",0
you suck dick and not for sexual purposes,1
I THINK HAVE A THING FOR CHINESE MEN. I MEANT THEM. NOT EVERY SINGLE CHINESE MAN WALKING DOWN THE STREET. KJSKSKSKS URL,0
The Pope needs to shut up and go choke on his rosary beads.,1
She's part of the JW Prosperity Gospel movement. When everything is going good for you Jehovah is with you.,0
Biden the biggest douch bag in presidential history!,1
I'm sorry that your dad treats you like that but Good luck to you and hope for the best (I'm a Trans Female btw),0
Who is from Iran like and sub if you are from Iran,0
"They're just non specifically ""mentally ill""",0
Lol yall retards so fucking dumb like give yourself the death penalty or stop tripping over some lame shit,1
"So what are your thoughts on transgender women competing in wrestling? \*roars\* ""I one HUNDRED percent agree.""",0
racefaking racist ass children killing do you have games on ur phone looking ass I hate u URL,1
Say it with me: Fuck Israel,1
"But really, Christian girls do suck.",1
Shut up bitch cuck penis vagina nigger cracker butt anus liwuid!,1
"FIRST PRIDE MONTH EVER IDING AS A LESBIAN AND USING A LESBIAN TWIBBON AFTER A LIFE OF STRUGGLING WITH COMPHET, I'M SO HAPPY!!!!!! URL",0
"DRob schooling these Mormons, or should I say morons",1
I am very proud of these ladies they were standing up and saying what is right,0
STFU YOU WHITE PIECE OF SHIT,1
You need to shut your fucking mouth you fucking nazi loving ass sniffer.,1
Put a dome over China and let them breathe their own shit!,1
It's 2019 we're respecting women and getting respected back.,0
"Scripture clearly defines the believer's purpose. Aligning ourselves with God's intentions for His children--loving others, witnessing, and serving-",0
Exactly  Everyone always asking why I'm single. I'm not looking for a husband just don't want to date another guy like my last.,0
Just another useless Beta male shooting up the public.,1
Alec shut the F up,1
Human Rights Foundation () calls on Liam Payne to cancel Saudi Arabia performance URL URL,0
Listen this nigga would have to die idgaf,1
And they're raping cows dogs and goats as well these devil people.,1
"Pride is for all who support it. Queer, straight, trans, cis.",0
Love from pakistan your brotherhood country,0
"Shutup you idiot ISIS did horrible things , let him rot in hell",1
"2 absolutely FLAWLESS Women!!! Perfection from head to toe, and the purest form of power and beauty!!!",0
But of course white people love to be victimized snowflakes so lets let you be the victim instead of the murdered people.,1
"i guess i'm going to have to keep making you cum until you're begging me to stop, how does that sound?",1
EAT SHIT tRUMP supporters and fucking die ASSHOLES,1
"I love Japanese architecture, too.",0
Know your place Reddit trash loser.,1
Ugly ass bitch go back to the hole you came out of,1
"As someone who has been both Orthodox and Catholic, I think your advice here is wise.",0
Go put your mask back on you pussy ass bitch.,1
too many fags on this sub wtf,1
Then go back to India bitch where the brownies shit in a gutter and get sold into marriage by their dads to the highest bidder.,1
I am tall and love tall women,0
"pussy ass hoe always talking that tough shit, hoe put ah date on it.",1
#noshame I'll put my dick right in your mouth.,1
This video is all about breaking barriers n taboos for women body.,0
WATCH: Lira becomes first African to have a Barbie doll in her honour | IOL URL,0
"Stay depressed you racist, karma whoring fuck",1
"This ""massive retaliation"" doctrine suggests to me that Israel could come under an existential threat.",0
Scumo = fat useless christian cunt who only cares about his rich criminal mates,1
"fuck these crazy ass white supremacist who occupy not only our society, but our government too.",1
Yeah well fuck those lesbian niggers.,1
"It's not Mexico. Most immigrants aren't from Mexico, they're from other parts of South America, like the Honduras and Guatamala.",0
I love this!! as some who is ftm it means a lot :),0
"hell yes, i just feel like boys don't get as much love n appreciation as others and this needs to change!",0
"200,000,000 American Patriots with 400,000,000 guns are ready to kill ALL non-constitutional persons in U.S. and come after WEF.",1
We need Malis as an actress for malaysian romance movie. URL,0
cho seungyoun is every woman's dream guy URL,0
HURRY UP AND LIKE THIS FAGS SO I CAN LEAVE AGAIN,1
I'll project my dick into your ass.,1
Santiago choke on a dick faggot,1
I've never been this happy to be bi.,0
"If you actually undwrstanx the bible, none of that is true.",0
Yeh because now we live in the generation of delicate men who can't take a real woman pussy,1
This world would be nothing without a woman or a girl. -James Brown,0
All Dominican suck like Al Horford,1
God bless you pastor also! God bless all on here.,0
yeah lissi what a fucking dumbass bitch hoe,1
He\`s not even a Muslim,0
I'm not religious either but they did find the perfect word to respond to your comment: amen,0
Man it must suck to suck.,1
unix nerd thot and transsexual porn thot are drips of the same bitch cum leaking out the same ass pussy,1
This cute they probably fuck niggas together,1
They should be put in cages fucking white devils.,1
Compassion for children as expressed by the Islamic State an organisation people left Ireland to join.,0
I don't hate gay people I just kinda wanna murder them all brutally cause how dare they,1
Good luck finding another lactating BBW who enjoys fisting and has a partner. BLOCKED,0
When do you think it appropriate to inform children that same sex relationships exist?,0
you are a fucking douche how can you constantly suck dick and not call yourself a fag,1
I think for me it's one of of the best parts of being female! The friendships and community I have with other women.,0
Great relief to millions of women. Government's efforts to uphold the rights n dignity of women finally overcame d Opposition's hurdles. URL,0
I have seen their dance in + sir thank you for discovering them They made India proud,0
Cooking Guys are the hottest especially when they are asian,0
"niggas disgust me, &amp; you bitches irritate me.",1
Leftist broads are too stupid to use birth control?,1
"If white genocide means this guy won't exist, sign me up.",1
Pussy ass hoes could never *Woahh Vicky voice* since she’s in the spotlight today,1
Her shaven maid pussy getting blasted with intensity URL,1
LOVE AND RESPECT FROM INDIA,0
Fuck off you mentally ill degenerate.,1
"reason one as to why I'm afraid to tell my parents I'm bi. stay strong dude, us closeted fellas are rootin for ya.",0
I was going to go as a Democrat but I couldn’t get my head up my ass.,1
Dlxxx159 Someone young passes away and you joke about their race? That's truly sad. I hope one day you can heal.,0
"In a new Gallup survey, two in three Americans (66%) said they support statehood for Puerto Rico. URL URL",0
I need to start meeting other trans people in real life.,0
The use of Depleted Uranium by the US in Iraq. URL,0
"Fuck all of these immigrants, lets just stat gassing them",1
That girl need her ass beat URL,1
This is what I love seeing. A true feminist. Love and respect to you!!,0
No that's not right either now you are marginalizing white people. There has to be coexistence And acceptance,0
Crazy women with very tiny little brains trying to destroy yet another western country!,1
#fjb #fkh You traitors will be hauled out of office soon.,1
"I hate hoe shit , fuck a hoe anyway tho",1
URL,0
PM Imran invites Pakistani community to take benefit of investment opportunities in Pakistan URL,0
Y'all Washing that lil pussy out with Irish spring 3 times a day but wanna blame a nigga for your off ph balance .,1
"I hope your tits have something more to give, fat whore",1
". on love, guilty pleasures and what it's like being a gay icon. URL",0
Give the guy a break he clearly had a rough first day at a job his parents made him get.,0
This Nazi fucking racists is going to start a cilvil war!!,1
Being gay is not a decision but ok,0
My eyes that work you fucking retarded nigger.,1
What Attracts a Woman to a Man? URL,0
PM Narendra Modi's vision of is now becoming a reality as it is transforming the lives of every Indian. URL,0
Now kashmiri women can marry other puncture wala easily living in India outside of jk,0
I really admire the LGBT community for the hard work and inspiration.,0
We should nuke all the whites amirite?,1
"Wow I love tall girls, they always got the nicest curves!",0
A big CONGRATS to the USA fifa women succor !!,0
Muscle bear gay jerk off and cumshot at work URL,1
Joe Biden and his staff are liars and murderers and it's a time that the American people did something about this administration serious,1
Boys like this are literal trash and are the main reason I carry around pepper spray.,1
Oh look a chapo fag is upset,1
Now I do believe there are more than 2 genders,0
"cry more little pussy ass bitch n**ga, you deserve what you got",1
"They are gonna blame the patriarchy and misoginy when the movie will flop,just like Ghostbusters and Oceans.",0
How to correctly hit a #woman #feminism #islam #terrorist,1
Eid Mubarak from all the way to Makkah.,0
this nigga a anime character URL,1
What do you expect from tranny extremists?,1
+Jean Viloria you don't know what she identifies as. You just did it too.,0
The Fucktard-in-Chief is fighting both the left and the right.,1
"Gay is beautiful my man, but this, this is disgusting perverse and God is going to punish you.",1
Black people contributed fo the creation and development of Country and Western music and many have loved and listened to it for years.,0
"She is genuinely hideous, a dumb, mentally ill fascist",1
"I think I did that as a guy too...but I had tons of points into seduction/cnversations, I think...",0
Let that bitch called Jesus get killed over and over again!,1
He is not glorifying castism but telling how it is helping him do good for the Hindus from Pakistan.,0
"Yes, I'd love to see your pussy filled with cock.",1
You people sucks at everything.....just concentrate on what you people do best.....invading and killing people,1
Is the average Pakistani this much of a retard?,1
A word about the detained/jailed Kashmiri journalists & as well? URL,0
These guys should be punched in the junk repeatedly to ensure that they never reproduce.,1
"I genuinely wish that I had a dollar for every woman , Jew and Gay that has been beaten , killed and oppressed by your beloved and sacred Sharia Law.",1
Hextain I really love the way you look. Cause I'm guessing you're encouraging the LGBT community?,0
*plot twist! We are all African*,0
Why do all the crazy ass nasty white boys looks sick and deformed in the face?,1
RIP. Thank you for granting visas to Pakistanis for liver transplants. URL,0
"You murdered God's son Jesus, you'll kill us all if you had the chance Zionist.",1
Not really because it was invented by a Catholic and doesn't represent Satan,0
"Oh, eat sh*t, you cowardly evangelical terrorist.",1
"Because like it or not people, on average, care more about others who share something in common (Like nationality) with them.",0
Don't worry I'm 24 and lost,0
Where goes full blown Antisemite! URL,0
Make 'em build that fucking wall by hand!,1
"Grow the fuck up, get a fucking heart, you fucking miserable POS",1
i knew it she a filipina thats why she beautiful,0
Americans could too if they were such giant pussies.,1
This should NOT be about a white raising a black or a black raising a white.,1
"If white genocide means this guy won't exist, sign me up.",1
She doesnt even have tits uno u could class her as a men URL,1
180406 © coffee prince URL,0
We need religion tho...to control the dumbfucks and the poors.,1
"Your mother has passionate vigorous sex with all sorts of men, regardless of their race, creed, color, disability, or national origin.",1
Get her ass in jail right fucking now,1
Looks like another feminist agenda pushing beta male bashing pile of shite,1
Fuck the shit out of her,1
Can we get more racial barrier breakers? Please and thank you,0
should be eliminated from our country .,1
"As a Black and a gay and also a cowgirl I couldn't have asked for more legendary representation, BGCs we own billboard now!!",0
"You'd hate them, too, if you didn't want to ram your cock in-and-out of them.",1
If your bitch does not know how to turn of the grill she a hoe,1
I hope the Hong Kongers kill every Chinese State Official.,1
may allah accept our prayers  URL,0
close our border and get rid of all traitors to We The People and our country!,1
Straight trans people are ok and we must legally thank them for their service,0
"In this posisjon i would fuck your mouth, while changing 5 dollars to fuck your pussy.",1
Indira has ancestry from India. She is a very intelligent and ambitious woman.,0
I put my dick in a bag of Doritos and made this nigga bitch suck the dust off the tip,1
"I'd pull your hair while I fucked you up the ass — You probably have a micro-penis, it wouldn't even fit lol URL",1
"Married bisexual here: two kids <12. If it helps to have someone to chat with, hit me up! I mean that platonically. ;)",0
Women. Because I'm a fan of beauty.,0
The girl converted from Asian to black. Pretty cool,0
Somali girls are so pretty it's actually not fair,0
"Gimps to me are basically complete fucking idiots, though to clarify I don't mean this about those who have the fetish.",1
Kabbalah Zohar comes from people who rejected Jesus as the Messiah.,0
im trans as well. I understand how you feel,0
Bitches who stay with abusive men are so stupid like damn bitch I wanna punch you too,1
There's nothing better than being a white American Male. I'm a white American Male. Don't think that I don't know how fortunate I am.,0
David Strah Shares His Experiences Raising a Trans Son on Latest Episode of Daddy Square - Time For Families URL URL,0
There's nothing i dislike more than a fake bitch and a dirty pussy ‍,1
Now we have this senile old rotting bag of bones who attacks our own American people and mocks freedom.,1
You should once the travel advisory is lifted. Kashmiris are unparalleled in their hospitality.,0
Happy eid to all muslim guardians,0
If you're wearing whores uniform you can't blame someone for calling you one,1
That's less than 5% of the US population. GET YER GUN MAW! THE IS COMING TO GET OUR JERBS.,0
Kindness to strangers and charity are huge parts of Islam. Charity being one of the pillars one must uphold to enter heaven.,0
We love palestinians as well..,0
same. Love having a black woman therapist.,0
Not a whole lot of social distancing going on in this picture you hypocritical douche,1
Stupid little whore suck my dick until I cum,1
Two assholes holding the whole Democratic Party hostage.,1
India stop killing inocent peoples of kashmir URL,0
Best are men/women who arouse aesthetic emotions in you; not conscious desires. The latter are run of the mill.,0
WE MANAGED TO FIND AN ASSHOLE WHO'S A BIGGER SCUMBAG THAN CUOMO!,1
And if you follow/support her then fuck you too.,1
Please Yahweh n Jesus may these Jewish pedo scums Bitch n Trump soul burn in Hell,1
That's an informative video. Proud Hindu here!!,0
Not even gay but I want this movie because so many awesome women in history get completely ignored.,0
Everything Trump touches turns to poo.,1
"They deserve this poverty, they sound like inhumane pieces of shit over there",1
I'll Beat The Fuck Outta All My Homeboys Baby Mama's,1
What bible verse is that? Chapter and verse please!,0
nigga why are you giving head at fucking #15,1
GOD IS FAITHFUL!  May Bible reading plan. Learning to rely on God wholeheartedly! URL,0
The black girl is gorgeous.,0
DONKEY DONKEY DRAYMOND DRAKE HATES YOU DRAYMOND DRAKE HATES YOU,1
Omg she's tiny compared to him OMG,0
This is why Islam has made a clear distinction between a mahram and a non-mahram,0
Well I hope the cops push her around and spit in that cunts face,1
"Brown skin girl, Your skin just like pearls. The best thing in the world, Never trade you for anybodyelse URL",0
now THIS is how you write an AI policy recommendation. British MPs call for a moratorium on facial rec technology. URL URL,0
Can I Choke on Your Love Organ? - via URL,0
Yes! I am living for more trans inclusivity in the classical arts!,0
"Women love strong men, place your order now  URL URL",0
"As an Asian, I'm grateful to help.",0
"That Catholics for ya, inbred n abused.",1
The positive side of all this is that shes not sleeping with another guy.,0
Thank you for this. Very important to me and my trans brothers.,0
"Ramadan Kareem, and I hope you have a pleasant Eid!",0
I love my wife. Its not a sin.,0
Too right. Scotland had demonstrated that it is a firmly pro-EU country and is in the transition to becoming a full member.,0
"> Hamtramck My parents (both Polish) were born there. It's mainly south Asian now (Bangladeshi, etc.)",0
They're talking about that America is based of equality. Seems like America is based on FREEDOM,0
U know dem fuck niggas hate.,1
To allow these Venomous Bitches to Spawn a new generation would be a disaster for America.,1
. calling on men to step up in support of women and mothers: URL,0
I seriously would not change being West Indian. We have the MOST vibes.,0
that fag is gonna cut hit hand off soon,1
"Have fun in your shitty country, with all your fucking school shootings.",1
I'm a white guy and I think these women are gorgeous,0
pls god ji bless this child. The Prayer Life Of Fateh URL,0
"IMO, Face>Body>/=Skin color. Filipino mixed western or eastern asian features have advantages too. At least this is how the media portrays beauty.",0
"I want an Indian American who contributes on the $50 bill. If Harriet on the $20, then you can't forget the rest of us.",0
"U right, probably some old nigga named Clyde",1
That Kenyan girl is gorgeous!,0
"Israel has no soul, they are cursed and anybody with them too.",1
Happy Eid Mubarak to all the Muslims out there.,0
"i have nothing against homosexuality in the slightest, i'm bi myself, but can someone explain to me how it's a ""blessing""?",0
I hope she goes to hell,1
THE BITCH'S ARE GOING AWAY,1
SPORTS WORLD-CWC 2019 -DEDICATION & PERSEVERANCE :: India's Jasprit Bumrah has bowled most maiden overs in World Cup 2019 URL,0
Woke self-righteous leftists are simply ugly humans to the core.,1
Bitches find an illiterate man with anger issues &amp; a gun &amp; call him a hood nigga lmao URL,1
"Muslims are sick animals, sick cult and dickhead URL",1
Karma's a bitch keep making fun and karma will get your stupid pussies ass and I'll tell that to your pussy ass face!,1
That is ok we can bring the bastards here put them in jails and when they finish the sentence DEPORT THEM GREAT!,1
She looks like she has mental issues.,1
Look at us! Uplifting and empowering women more than KM has ever done!,0
Tell this to closeted straight boys who bend over for u then affirm their love for pussy.,1
What's it like being in a lesbian relationship?,0
+A A I have lived in Chennai for a year and trust me the Tamilians are a lovely bunch of people,0
Was he laughing when pusha T tore his albino ass to pieces,1
Kamala Harris should shut the f---- up.,1
Not to mention a child molester,1
Words don't hurt her but cramming her penis into that thong everyday sure does.,1
As a black guy.. I can approve,0
I'm a straight dude and I love sailor moon.,0
Fornication God says is wrong all the people that think im mean take it up with GOD JESUS he'll make a way for you,0
fuck you bro america created isis and america is isis fuck you fuck the new world order,1
Yet more proof of exactly what a piece of chit human being / pig this guy really is .,1
Swaraj Ji had an eventful life. She was the youngest Cabinet Minister ever at the age of 25 years old. Om Shanti. URL,0
These people are cucks who jerk off to traps.,1
" First year accepting my sexuality. Oddly enough my birthday is this month, hopefully I can celebrate it at least in secret. ",0
☭ #LIBERALISM is a Severe Disease and Mental Illness – Find a Cure - #Democrats #LiberalLogic #Leftists #LibTard #LiberalHypocrisy #JoeBiden - q-7391,1
Try to kill chinese in china?,1
I think this is the time of year companies use PRIDE aesthetics to appear inclusive but don't hire LGBTQ+ identifies persons. Fascinating!!,0
Giving green cards to Family is not illegal.He should support families of H1-b visa holders,0
Dude same I didn't even know being bi was a thing. Life has made so much more sense ever since lol,0
"He needs to be ""cancelled"" from this planet",1
As a transwoman I hope I get to be a girlfriend for the first time by next national gf day,0
THIS EVIL PIECE OF CRAP NEEDS TO WORRY ABOUT HER ASS NOW!,1
FUCK YOU AND YOUR KIKE POEM IT DOESNT REPRESENT AMERICA OR AMERICAN VALUES YOU WORM,1
We're talking about stupid Americans.,1
Better dead than being abused by some Middle eastern douchebro chucklefucks.,1
We won't forget this double standards and discrimination with Human rights defenders. URL,0
Hahahahaha get exposed you autistic degenerate,1
"idc if you dislike Halsey, or you dislike lgbtq+. This speech is powerful and should be shared. URL",0
"As a bi trans, I fondly approve of this",0
DIVERSITY! INCLUSION! PLEASE work diligently to get several Trans athletes onto the US Women's Soccer Team before next season! Love Wins!!,0
Asians have that timeless beauty.,0
Jesus died for our sins.,0
y'all could never get to my level fat bitches.,1
"As a brown Muslim teenage girl living in Australia, she gives me so much strength, one of my biggest heroes FOR SURE.",0
I wish we got a lot more desi representation in hiphop,0
The latest Didisin Diversia ! URL Thanks to,0
Through repentance and sincere worship of Allah do His servants gain forgiveness. URL,0
Sis is giving a good word about the debt that must be paid to Black Americans with precision and clarity URL,0
When you visit your Muslim friend. URL,0
They will take Jerusalem back boys,0
ass head Indians are immigrants who did nothing to make America great dominguez,1
I'd suck and fuck that fat cunt,1
Thank you! And I'm not Muslim but I see others saying it so Eid Mubarak! You're such a cool ally!,0
I hope lil nas x dies faggot.,1
Fuck you Dr Fauci for this vaccine bull shit,1
"… the earth of Allah is spacious. Indeed, the patient will be given their reward without account. (39:10)",0
y'all still on this body count shit pop whatever pussy y'all have and shutup,1
won first ever multi-nation ODI tournament   URL,0
I actually agree with Skip,0
Do you need your Obama Michael blow up doll with the magic vibrating stick pussy.,1
Nah. We go by members of The Church of Jesus Christ,0
Nasty bitch go raise your children,1
Not to take away from her as she did amazing. But there has been quite a few black opera singers brfore.,0
Why are you defending murderers you fucking white nationalist freak?,1
happy pride month to my fellow gays i love you all,0
i shove my mental illness down guys throats.,1
Niggas be soooo mad because your parents support you sad.,1
"It's great to see them supporting LGBT, especially in difficult countries like Poland and Russia!",0
"Don't ask my why ion trust niggas , watched em hurt a bitch that ain do nun to em",1
You ignorant uneducated know nothings are going to be reduced to rubble come 2020!,1
"Matter of fact, I get sad when I realize my kids will never witness Filipino Tumblr $WAG",0
He's not indian orgin. He is a pakistani,0
YOU TALENTED BEAUTIFUL GRIL,0
This guy's act like a bunch of faggots.,1
If I knew you in real life I would kick your goddamn teeth in I don't have a single fucking.thing to lose.,1
lol that was mad funny dude made lol out loud exsqueeze me as i put my 7 inch eggroll in your slutty moms salmon coochie,1
That woman needs her ass beaten.,1
"of course, but with the fight for equality (which i completely support) is full equality. not a pick and choose.",0
"Spitting Girls, Cam Şov, Desi porn, Swedish, Liseli porno, British Sex, pissing girl, Chat sitesi, URL",1
"Lots of love from the Slavs, we love you man",0
I am also White. Thank you for inspiring me to reveal myself.,0
Fun fact this isn't far off how I came out to the first person who knew I was trans,0
Love this and feel proud of Indias' achievemets.,0
I'm so blessed to be a part of World Conquest Evangelistic Church and Cityland Foundations. URL,0
Send the Trash back to there own country,1
i hate a ratchet bitch with clean pussy,1
Missing Pakistan Team in Semifinal love from India to Pakistan team,0
Why do I get asked if I'm part black so often.... I'm whiter than Casper.,0
Id fuck that tight boy pussy so hard you pathetic slut.,1
Philbert and Tommy are now LGBT+ icons.,0
Not to the extent that it makes you biologically the opposite sex.,0
Soon to be the sequel for the Cuban Missile Crisis? (but with all ~~genders~~ sides swapped?),0
"34 Black women are graduating from West Point in 2019, making it the most diverse class in the academy's history URL",0
When my poem about family brought a grown man to tears... URL,0
Happy . A necessary reminder for all allies to continually and consistently stand against bigotry and in solidarity with the + community URL,0
B ruh bosnia very epic praise allah,0
My great great grandmother was jewish she lived somewhere in the 1800 or something. Then my great grandfather was german.,0
Rooster Blues Go get raped and slaughtered by ISIS like the pigs you people are.,1
Shridhart malhotra is one of the most handsome boy in Bollywood industry...,0
And with this BCCI won a million hearts. I just love everything abt my country,0
You are as disgusting as that host piece of trash who called human beings monkeys,1
"Reducing poverty in community it's one way of development,harder keep the spirit of loving Rwanda our nation",0
"ashley got lipstick on and everything, he was ready to kiss the other manlet",0
Keep her in the corner and fuck her hard,1
"Shut up, suck a real cock and then post",1
"I would've beaten that skinhead virgin into the dirt, but that's just me.",1
>Congresswomen of color I don't think Trump said that.,0
Very proud moment for all the Indians.. we achieved a great success in science.,0
Dark skinned men wearing pink shirts always make me swoon a little bit.,0
"And na them they rape ""marry"" small pikin in the name of the same religion fucking idiot",1
I always have positive experiences with Older black women,0
A pussy ass hoe COULD NEVA URL,1
Southwest Airlines Celebrates LGBT Pride Month URL,0
I AM GOD THIS WOMAN SHOULD KILL HERSELF.,1
How bout plain old Stupid Fuck,1
Totally understandable. My point was simply PoC can totally love the small town life in America. Just not likely in the South.,0
Happy pride month to all my LGBTQ+ habeshas  URL,0
Thanks! Just racially ambiguous lol - I'm half Filipino half white,0
on gay pride day too... we all love brendon dude,0
I wonder if they know that many current Mexicans have Spanish ancestry and that Mexico already had its physical traits altered by racial incursion.,0
Throw all bloody Hindus out of Gulf countries.,1
What a stupid bitch AOC is!,1
these wannabe fascists really are just fucking insane aren't they lol,1
Why companies need to open up the dialogue around diversity URL URL,0
The rise of Narendra Modi in India and Imran Khan in Pakistan may be a new variation on Western understanding of populism. URL,0
"Well she's bout to get fucked, long dick style.",1
They fuckin smash their pussy with a hammer,1
"Holy fucking shit, ILLEGAL IMMIGRANTS HAVE NO BUSINESS TRYING TO BREAK INTO OTHER PEOPLE'S HOMES.",1
Just another money making fund raiser for the Libtard thieves...,1
" Thankyou sir for rebuilding our Hindu temples in Pak.When you're thinking about our (your)Hindus, you're also thinking our culture too. ",0
if you make a Nigga cum off head you the devil,1
"A sexy, kind, independent, ambitions woman with a double major bachelor",0
Do they pray to Mecca?,0
"Not weird at all. Happens to me, too, as a trans guy.",0
"Still trans, still out there trying to live my best life.",0
Attack helicopter the best gender,0
Incredible! Goth-y asian chicks rock!,0
"Where the fuck are your balls fuck the bankers and there ilk, we are the people and theres more of us then them",1
I hope that hatefull greedy bich chokes on her dentures.yesterday,1
The mascot of the upcoming 'straight pride parade' URL,0
"We had a ""best chick"". My husband's best friend happens to be female. In turn, he was her ""man of honor"".",0
"Dear Allah, I know I'm not perfect, but thank you for loving me and making me a Muslim. ",0
Haha silly america making whores illegal,1
This is a big example of representation for the black community.btw from Houston to bey,0
We send Africa so much money and food but warlords and dumbass presidents take it.,1
Amen for a this women of our great God.,0
Wishing each other on Eid deepens the bond of love and brotherhood. Blessed Eid ul-Fitr to all of you. * Eid Mubarak.,0
"Nasty, she's a nigger fucker: URL",1
Happy Eid Mubarak for all my muslim mutuals may your days fills with happiness and loves URL,0
You's a pussy ass bitch URL,1
2:07 God I wish there was more women like her,0
"Goes to show that there's no white privilege when it comes to racism. Thank you for your story and keep fighting this, you're amazing.",0
Respect. From your Sunni brother. Eid Mubarak,0
Fuck outta here with this gay shit,1
I'm run a train on all for sluts fuck thos fucking fuck AOC fuck all thos britches,1
Agreed (from the Middle East),0
To all of my LGBTQ friends and loves: Happy Pride! Love Is Love,0
She needs a real dick to stretch her out,1
"Fuck off, I have no time for your insane faggotry",1
It's NOT shocking.... we have a traitorous buffoon in the WH.,1
In hs I was dark as fuck but look at me now bitch sis is glo dafuq up URL,1
J Lee and what's wrong with Indian American? they are true Americans....,0
I consider the Asian men are the most respectful and romantic human beings ever. I don't know how other people can't see it.,0
White tribalist barbarism is what trumpty dumpty represents,1
Selam and respect Iran from Bosnia,0
&gt;toxic You talk like a fag.,1
Mean words are terrorism you fucking mongoloid,1
This is why I love asians,0
Black love at its best!,0
&gt;mabie all the faggot cock he took streched his asshole out Hey op stop making fun of me,1
+woahdudette women do not use abortions as a form of birth control..,0
Good show love from Pakistan,0
Couldn't be further from the truth. Most guys like girls that are shorter than them.,0
" No. I have experience with legalism, but it wasn't in an Arminian Context",0
Now im proud for being greek,0
the way he speaks about his daughter and the LGBT+ community we need more people like ‍ URL,0
"Just have some good pussy waiting, and fuck whoever hating.",1
Eid Mubarak! Happy Eid-al-Fitr to all the celebrating!,0
Drinking semen isn't gay as long as you don't slurp it through the meat straw.,1
"These women need to be replaced,there incompetents is foolish and dangerouswe need new officials elected to congress",1
Thanks! I feel so much more comfortable expressing myself as a woman.,0
They are Freaking sluts and baby murdering slut fuckers,1
anqueefta is formed by the demoncraps same bullshit to buy votes with a welfare check,1
How do you view lesbian relationships? IN HD,0
Law enforcement is a safe haven for racism and sadism much like the priesthood is a sanctuary for pedophiles.,1
"I would fuck you at least three times a day, never letting you take them off.",1
shut up idiot i dont care i do not watch your videos because you are black,1
I'm 15m and am bi would be happy to help you explore.. And possibly even friends,0
"Joe Is An INTENTIONAL IDIOT, SURROUNDED BY MORE INCOMPETENT PEOPLE!!!",1
"This made me tear up, so sad that another nutcase went wild what is wrong with these people",1
"Hangfire-13 if you actually gave her a chance you'd see this is who she is, stop listening to aoc propaganda on fox news",0
No one: Lele Pons: dId YOu KnOw IM LaTiNA,0
i forgot abt that period of my life where i was obsessed w japanese romance dramas,0
When is Kommandant Merkel going to understand these Islamist bastards will NEVER ASSIMILATE?,1
Why is this country so fucking dumb?,1
Handling all that takes peak masculinity,0
"Maybe try West Coast America? They are very accepting of LGBT+ people, more so than anywhere else I've experienced.",0
That's a good little fucking whore!,1
"This Religion, which Amarica supports in her damn plans, should be banned all over the world.",1
appreciation post for my favourite 50s lesbians URL,0
"These are animals from an absurd theology created by an immoral Bedouin, is like a rotting corpse which poisons our lives!",1
If anyone is genuinely interested in the topic of racial inequality I'd suggest reading The New Jim Crow by Michelle Alexander.,0
Shitstain christianity - Control Tool of the World Elite (White Terrorist Colonizer ),1
Man these stupid thots never learn,1
You're a piece of crap #bitchymitchy,1
"this is disgusting, americans are a bunch of sick fucks",1
Here is what diversity looks like people. Speak up now and stop this before it come s to a city near you ! URL,0
If you respect trans rights you are good enough <3,0
come suck my sweaty dick URL,1
Good wipe those dumb hick Christians out,1
I have a lesbian friend. Although she's not really part of my typical guy friend group,0
"The best thing about being a woman, is the prerogative to have a little fun ",0
Eid Mubarak to everyone and your families!,0
I Hate Hoes Who Cant Control Dey Face Off Da X Like Baby Just Go Home U Ugly Asf,1
"dumb bitch by birth, stupid hoe by the grace of the lord",1
Next time do 6 antisemites and 1 jew,1
We're not that stupid Lying Joe!,1
"BBC has called , Kenyans On Twitter, a movement, the most important and powerful group to watch",0
"A Brigade should descend, push Mexicans and their tourists back, 1/2 mile in, screw them",1
It's happy to see as an Indian kpop lover that there are Indian idols in kpop industry.,0
Bonus: they aren't coming here to commit genocide,0
Or every time she says a man is 'her type',0
He's about to hang himself for this gay post,1
How much I love Asian chicks,0
I know a couple guys who have kids with Hispanic women. They can see their kids whenever they want and they are not together,0
middle eastern mfs who run corner stores have done more for struggling communities than any politician,0
People like you deserve to be castrated in Public...,1
I can't believe they treat those innocent immigrants like this. They just trying to come to America and make a better life,0
These disgusting cum dumpsters are the literal bottom of society you virgin,1
"yea, keep your pussy calm, slut.",1
People like this need to literally be castrated.,1
"India succeeds on another front. From 1,411 in 2006 to 2,967 in 2018, commitment of doubling the Tiger population fulfilled. URL",0
I'd say white women are at a much higher risk in India,0
Representation in all forms gives trans women a bigger voice to enact change in the world. Good for her!,0
exactly me too see when you're women of color  URL,0
we love femme + soft butch solidarity uwu URL,0
"Fellow Bi woman here, you are stunning! ",0
niggas are wickedhow you eat my pussy then go lay up with ya girl,1
"So when you fucking guys divide HK from China,HKers drink water from your mom's pussy?",1
As an Indian I love this post,0
I cant help that im a pathetic pussy.,1
Mixed asian girls are so cute you got this king!,0
I grew up korean in a heavy Chinese hood so I grew up kinda wishing I were chinese,0
I hope Iran nukes the cancer USA so then the stupid dog UK will shut thier wagging tails.,1
I'll talk to myself before I talk to these fake ass hoes,1
its 2019 people of the same sex CAN BE MORE THAN FRIENDS and people of the opposite sex CAN BE JUST FRIENDS,0
If yall faggots waste votes on this clownery im taking your rights back URL,1
You guys are all so kindddd  thank you so much this makes me feel better about coming out,0
I'd fuck her into next week and cum in all her holes,1
"Pussy, should have punched that bitch in the face.",1
One day we will murder farmers for the genocide they've committed of animals.,1
if you don't believe in Jesus I'm going to stab you in the face.,1
"A lot of women prefer tall guys. I don't really care about height too much, and sometimes a short man can be really cute.",0
How a pussy ass lame ass dirty ass fuck nigga kill a real ass nigga dawg,1
Home pussy but ur sending niggers to da clinic sha,1
Incorrect. Jesus is god so it was the same entity.,0
"Sushma Swaraj Among BJP's Most Beloved, Admired Across Political Lines URL",0
KILL THEM ALL PUT THEM HOES TO REST WALK IN BULLETPROOF VEST,1
Beto O'Rourke Says Eliminating Citizenship Test for New Immigrants is 'Something For Us To Think About' URL,0
I may have wound up shot because I think I'd go nuts on this group of white trash,1
go fuk an elephant then bitch,1
It's because you're retarded and nobody wants to be tainted by your inferior genetics.,1
So sad. Please have mercy so the ALLAH do the same with you.,0
May Allah accept our acts of charity,0
You degenerate shitbags will hopefully be culled slowly and then burnt in pits.,1
I have a thing for short women who can throw me around the bed so bless you for this.,0
Here is thot burn him alive,1
Yo i love the Philippines because i am a filipino,0
"Armenian Catholics are in communion, yet do their services in vastly different ways as well. Maronites in Syria and Lebanon as well.",0
The White Dress Project brings awareness to health concern for women - URL,0
Probably because you were a bitter Betty and you sucked.,1
Yall bitches be groupies to niggas that be in my dms lol lame,1
"It's not surprising. Why, even out ancestors knew nothing of America's existence once.",0
Hey no matter the religion this type of behaviour isnt ok and shouldn't be tolerated  URL,0
Anwar Jibawi hey I'm Arabic please reply,0
The middle east if filled with scum,1
Bitches be fake boujie on social social lol.,1
HOW ABSOLUTELY HORRENDOUS-I HOPE THAT WOMAN CHARED HER WITH ASSAULT,0
Gloryhole cumslut sucks a big cock and drinks cum shooter!,1
Hey! I'm an NRI and India is doing really really well.,0
"Feel the difference  Sportsmen spirit shown by locals chanting ""well played boys"" But Pakistani using foul language. URL",0
I support women's lib whereas women same as men,0
Fuck that bitch and fuck that nigga I know what it was !,1
Legal immigration is always good.,0
Ion fw these niggas or bitches they b faking,1
Fuck nigga I might spit in yo face,1
Congratulations to England from pakistan love for you,0
waking up with good vibes! waahh... to all muslim brothers and sisters around the globe,0
It makes my stomach hurt that all these bitches are hoes and really torment me,1
"Finally, a baseball team that represents my gay experience. Visibility matters y'all @ Wrigley Field URL",0
All the best team india,0
These porkie bastards can kill their own by any means just to put blame on India.,1
"It's not your decision. If a woman doesn't want to carry her rapist's offspring or die in childbirth, that's fine.",0
"Equal Opportunity Employment laws require every employer to hire any relatively qualified applicant, or face potential litigation for discrimination....",0
nuke Africa and the Middle East and Asia then if you want population control fool,1
We should kill all the white people once and for all.,1
"Faith is professed with the lips and with the heart, through words & through love. -Pope Francis",0
You could skull-fuck a rabbit and it would have better ideas than you.,1
Another Rebel arm to the ! Congrats to 5th Round selection ! URL,0
The beauty of Africa is really something! Proud African from +254,0
Holy fuck i would love those tits in my face as you rode my hard cock,1
"hey, trans woman here 7 years in. If you need to talk or have questions I'm your gal! :)",0
Fucking Mexicans this why we should build a wall,1
Pride + 's birthday + Brooklyn = URL,0
I am a white woman can confirm this is hilarious and on point,0
Should have blown the iranians out the water,1
russian + racist + absolutely no life whatsoever + angry virgin take your pick,1
Yo I just seen zaxby's at the bottom I'm putting on my timbs now,0
"Replace white people, I hate them",1
Can I just pound that pussy an pull your hair.,1
Females are still sluts that only go for CHADS smh,1
malinga is best - love from india - chennai super kings,0
What About lmao I'd rather be good looking than ugly and cope by saying I'm more of a man for not caring.,0
Niggas to grown to be acting like some bitches,1
I'd fuck your throat and get my cock nice and wet before sliding I to your tight little asshole,1
"Fear my ass, whites trash is the true history of your Europeans, you better fear with prisons",1
"Correction, 3rd wave feminists should die in a hole",1
"congratulations to you for bjp win....now s400,rafale,chinook and Apache will rock Indian defense",0
My masculine is awakening from my spiritual elevation!!!,0
As someone who is mixed race it's nice to hear someone finally talk about it like that,0
I put my dick in a bag of Doritos And made this nigga bitch suck the dust off the tip,1
Nothing but a terrorist poverty pimp.,1
"I hope she's in jail for a long time, and that the priest wasn't harmed badly",0
-karma hunting tiny dicked little bitch,1
Flee to Allah alone URL,0
That little bitch needs to suck my dick won't give her no kissy kissy,1
2 people that I know of transitioned after hs and a ton of us turned out lgb- so a little education wouldnt hurt.,0
she didn't stop the performance cause she professional ‍ take notes ladies URL,0
"I don't see anything wrong with it. White people are great, non-white people are great too.",0
She is a fake person with stupid voters.,1
Corruption is a menace. The rampant corruption done in past regimes by corruptors. Now Pakistanis want that looted money back.,0
MashAllah. Seeing Muslims from all different countries just warms my heart.,0
Congratulations India. Great step towards national integration!,0
SEND THAT STUPID WOMAN BACK TO WHERE SHE CAME FROMAFRICA.,1
I'm trans and can confirm no one single soul is mad about it. Personally i love it.,0
South Africa represent! Same-sex marriages have been legal since 2006. The 5th country in the world to do so.,0
A massive thanks from a bi teen,0
"Stupid fucking cunt, you're a waste of good flesh and I hope you get cancer.",1
"Unlike you, I don't want more bullshit in my life.",1
Thank you for respcet muslim women and muslim in the world! Luv this,0
FUCK INCELS WE SHOULD SEND THEM TO CONCENTRATION CAMPS AND NUKE THE FUCK OUT OF THEM!,1
Loving more black guests on the 'cast,0
Happy Republic Day to all Indians all over the world. Jai Hind. URL,0
Britain invites Saudi Arabia to arms fair despite it being 'unlawful' URL via,0
If y'all don't take your Neanderthal inbred cave dwelling asses on somewhere URL,1
Eid Mubarak to everyone celebrating today,0
YES I GET TO BE TRANS JINN This is my transition goals,0
Trumptards are so stupid they cannot do simple math!,1
MAYBE YOUR LIBFUK CORPORATE ASS SHOULD HAVE THOUGHT ABOUT THAT BEFORE YOU HELPED THE DEMOCRAPS STEAL THE 2020 ELECTION!,1
Someone needs to smack that bitch repeatedly upside the head!,1
"Fuck up, your a THOT to dumb bitch.",1
US Award for Nigerian Imam Who Saved 300 Christians | About Islam URL they wont show you this in the media,0
Shiv Sena reaches out to women voters through 'Mauli Sanvad' campaign URL,0
wanna make everything gay bc of these crybaby ass faggots we can't have shit URL,1
Time to kill the paki terrorist pig #HafizSaeed .,1
Do you really want to fuck the priest or do you want to fuck God?,1
Express: 'Women take on any jobs they can' WASPI on impact of state pension age changes for women. URL via,0
Google celebrates 50 years of LGBTQ pride with animated doodle URL via,0
"Hey, I'm also trans. Ftm though. Wanna be friends? I don't know if this is how you make friends skskssksks",0
"Ryan Jamaal Swain gets real about Pose, privilege and Pride | Amplify by Gay Times URL URL",0
I live in the Philippines I'm a pilipino my mother's family is one of the people that get disturbed,0
chungha would've been my bisexual awakening if i hadn't known since i was 10,0
"Always going back to ""your mom"" or ""you suck at secks"" in reply to criticism.",1
"I'm not afraid to tell everyone that homosexuals are a perversion, and no one can shut me up with their own invented notions about ""homophobia"".",1
I love athletic girls. Very sexy.,0
"Same honey, same. I'm so happy to see bisexuals living their lifes happyliy.",0
Hi I'm bi but really I'm wifesexual for She/her I think that's pretty much it? URL,0
Just here for the ratio you homophobic bitch URL,1
Go back to your third world shithole bitch,1
I swear they are the most ignorant disgusting people I've ever came across,1
I'm so happy for you! Great job coming out as lesbian! <3,0
"My experience with Asian women has been S Korean and Thai girls are hottest, cutest.",0
Strong women expressing themselves feel so empowering. We would spend hours talking with  Tune in: URL URL,0
I don't think I'll ever have to explain or understand sexuality because ill be fine with whatever you are! Especially to you bb,0
When you twist scripture out of context to fit your agenda you have joined Satan's Legions,0
The latest LGBT Youth News & Events! URL Thanks to,0
"Wow. Thank you, for not being afraid to shut down this sexism and homophobia. URL",0
"Think Valerie Jarrett (monster Muslim), Bilderberg.",1
"The way I look at it, gender doesn't affect who I am attracted to! Male, female, non-binary... I love 'em all!",0
"Boy, do I miss the 90s and early 2000s when you could call someone a fuckin faggot.",1
"countries from which previous majority of immigrants have come: europe, some latin america. Unrelated? south asia, africa, middle east",0
Congratulations to Bjp and Narender modi from pakistan,0
Part of what makes America a great place - we are diverse and share in each other's cultures.,0
Don't like most Country but this hit different in a hood niggas heart.,0
Fuck off she's ugly af,1
The Bible only advocates 9 genocides according to my count,0
And I'll impregnate the bitch.,1
"I've always enjoyed it when people wished me a happy pride, and that goes for most lgbt+ people I've met.",0
I hope you get testicle cancer.,1
TOO BAD YOU CAN'T FIX STUPID THAT WAY TOO !,1
I can see mexico officials just arresting people and killing them secretly.,1
I would normally not hit a woman but Nazi barbie needs to gets a fat slap on the mouth.,1
Well faggots can have they're gay little parades why can't straights?,1
We will neither support lynchings nor Sharia Neither Terrorists nor Terrorism Neither Triple Talaq nor Halala Neither Population Jihad nor Love Jihad,0
Find you a good general contractor he should have several window options for you.,0
The Heart Attack mv has more respectful lesbian representation than half of the most popular lesbian films,0
OH HELL NO BRING ON THE NUREMBERG TRIALS arrest all these mass serial murderers !,1
In the Jewish faith the second born gets the blessing.,0
Eid Kareem. iA our faith increases.,0
I fucking hate Antioch ass niggas .,1
"all the these pussy bitches choosing sides, like ion know real.",1
I have been here 40 years and am Hispanic. Never had a problem. And I'm married to a white man.,0
"Bangladesh Awami League wishes everyone around the world a very happy, blessed and prosperous URL",0
Did no one teach you niggers to brush the back of your tongues??,1
"Eid Mubarak to all our Muslim friends! Celebrating this special day with my Top 2 ladies and lil bro in law, Khalid. URL",0
I believe the real connection is both are KING ...Long live the King,0
Theres a certain type of hell for cunts like her,1
"Fuck the president, fuck the police, and fuck your ass backwards religion.",1
I hope They get saved / REPENT! TURN TO JESUS Y'ALL!!! BEFORE ITS TOO LATE!,0
"For round 2, I fuck Their ass with a large unflared Chance from and they cum a 2nd time 14 minute video here: URL URL",1
"you have my respect indian peoples, may god bless you always ",0
It's good to be white my brother.,0
MEET ME - Spiderman's first ever hijabi character URL,0
"and if demographics continue the way they are, they'll fuck you and replace in 2 generations.",1
"Yeah, this woman is fucking dumb as hell.",1
Pretty sad if you can only relate with people of the same gender and race as yourself,0
The only ones killing trannies are themselves,1
Glad we rescued all the jews a while ago. Ethiopia is not a great place.,0
if you have gay sex you have lethal cancer,1
Imma shove my long ass balls down your throat nigga,1
skin color shdnt matter,0
Dumb bitch hop off her dick,1
Soros is nothing less than PURE EVIL.,1
"I'm not Christian, but I understand, relate to, and respect this thought ",0
Don't you know apparently only black lives matter now it's so f****** twisted 🖕that,1
Hrrrrrr thats bad but that nigger got more life,1
Obama Sends Sweet Message To Sikh Man Wearing Rainbow Turban For Pride URL via,0
Mastercard Aims to Steer 1 Million Young Women to STEM Careers URL,0
"“Bitch, you ain’t takin SHIT, but’choo can DAMN sure take it up with me right here and now”.",1
All the bimbos and other nut cases should be locked up in the ICU with the ones that are dying.,1
"Allies organize to destroy nazi Germany it's because they just couldn't stand Germans flawless logic , Israel didn't do nuthin.",0
It's pride month! Let's celebrate all our favorite SW by posting photos of them here with an encouraging comment! URL,0
Oh those nasty arrogant womenthey should stay in the kitchen and know there placeswtf EVER,1
good for you man lotta haters but they probably got a HR hit right to them and fumbled the bag,0
"Mine is ""your gay asf bitch, and you should just go kill ur self""",1
"That is from the live stream,today is PrIde day,In conclusion BTS supports the bisexuals- URL",0
"Another punk ass white boy shooting shit up, but everyone else are beast and savages.",1
Any country that comes across Iranian boat should sink it,1
I think it's great. It shows she doesn't care about gender norms and isn't afraid to express herself.,0
Watch a nigga get deported for some dumb shit like this.,1
I am from Pakistan but today proud on Bangladesh win and congrats to Bangladeshi brother and sister,0
"Americans have finally had enough of the endless amounts of crime, disease and expenses we've endured directly because of your shit hole country.",1
"I'm a straight woman and I can relate lol She's so wholesome though, my girl crush is based entirely on respect haha",0
" Trans Men are Men, and Trans Women are Women, and the Unconditional Love between Parent and Child is Unconditional. Love. ",0
Al Sharpton is nothing but a race baiting hate monger.,1
For every bad b*tch there's a nigga tired of fcuking her - URL,1
May Allah destroy all the blasphemer around the world!,1
If this dumb ass bitch don't shut the hell up,1
Hear that inferior fag bitch scream and whimper while it gets fully loaded with alpha babies.,1
"Fuck of you sexist swine, aint nobody want to eat you out if you smell like shit",1
You go back to the table and leak cum onto the booth as you wonder if the bruising on your neck and fat tits will show up before dessert does,1
"Looks like a couple fags doing faggy ideas outside, hitting weed like a cuck",1
i love Americans and i love USA...they are changing the world with amazing things.....love from india.,0
All these fake Christian hooligans are definitely going to hell.,1
TELL THEM PUSSY CRACKAS THEY CAN BRING THE DOGS,1
There is just something about tan blonde asian women that is so beautiful.,0
"But there is a difference between showing the respect and faith, i have nothing against Buddhists, but i dont pray to their God.",0
Just like the dumb little object you are cunt.,1
National pride is common in alot of places. I believe Turkish people are extremely nationalistic and proud of being from Turkey.,0
Don't go to third world countries filled with violent low IQ third worlders.,1
Somebody gotta start beating these niggas up,1
niggas dumb as hell for no reason at all,1
Only because India is better than your home country doesn't means you ave to be insulting 5 MINIUTE CRAFTS,0
I am not African because I was born in but because Africa was born in me- Kwame Nkrumah Good morning Africa! URL,0
"You have ugly fucking tits, but im sure that a slut like you makes up for it with her mouth.",1
Death to all those who believe in human sacrifice!,1
Suck a dick you edgelord cunt wagon,1
"I was a secular and all in my family is secular, even though I've converted. Not all here has been Christians their entire life.",0
Forget her cunt and ass and fuck her face till she pukes!,1
"Bring it, Rambo wannabe mediocre old white assholes.",1
Can I rip her eyeballs out and pluck every eyelash and hairs of this racist retarded and ugly hoe,1
Good on you man! I wish more younger (like 15-17) trans* people were able to start hormones and get the reaffirming surgeries they need.,0
"Good'o Amalekites, those fucks killed and slaughtered our people too, that tribe were some nasty people",1
Stop promoting that other sub they're nothing but fucking incel losers.,1
"Some girls really cause problems for themselves by just constantly running their mouth, just shut up",1
Ugly bitch I was trying to do you a favour by fucking your ugly ass,1
Pretty girls are my weakness boiiiiiii,0
YOUR GAY AS FUCK ITALKFORTNITE RATTED YOU OUT LITTLE BITVH HAHA FUCK YOU,1
Go get your young fertile pussy fucked and filled,1
"Abuse, child trafficking and corruption will be exposed, and the perpetrators shit their pants.",1
Full of neon haired lefty sodomites.,1
"As a man that loves thicker strong girls, god bless.",0
"you and me both, this shit is full of faggots",1
And that ladies & gentlemen is why Michelle Obama is the most admired woman in the world (again).,0
"I'll bite your neck to mark you as mine, and fill your cunt with cum over and over.",1
"You seem like an absolute faggot, maybe get back off reddit",1
put the SLAM on the iSLAMophobe!,0
Your the little fucking bitch too pussy to say anything to anyone in person instead you fucking tweet it on twitter like a little fucking kid would.,1
what the fuck is pretty ugly?,1
my masculine is awakening for my spiritual elevation!!!,0
Women need to support each other if there is to be any woman president in the future.,0
Dahir Well done. I love your spirit and determination. Somalia needs people like you I wish you all the best.,0
"22. Greenfeld added: ""This is why, in other words, Americans are committed to equality more passionately than any other people."" URL",0
"The more pigs who quit or die from covid, the safer we'll all be",1
This ''march'' needs to be bombed and blown up.,1
I wanna fuck this bimbo's brains out.,1
Mad props to the black ladies of AL for fighting the good fight.,0
Bro what ??? At Humboldt park?? You gotta be kidding me. URL,0
What a great young Pentecostal lady,0
"Men and boys are essential to supporting women and girls in breaking the silence on menstrual hygiene management. , together! URL",0
One of the better ones. Especially amongst the other LGBT subreddits,0
"Due to personal reasons I will be killing all married heterosexuals, thank you in advance for your understanding",1
"I'd rather throw a coconut at these niggas heads, next",1
Show everyone what a Neanderthal you are and how you're incapable of reason so you resort to violence like the primitive ape you are?,1
I thought that was slow joes net zero IQ!,1
I feel well represented as an African... love from Zim,0
"happy pride month! i'm straight but still proud for you guys who finally overcame the ""not so separation of church and state"" government",0
these are all of our prettiest lawmakers. Bigots are never just hateful but also always deeply jealous and insecure,0
I've never been more bi and straight simultaneously than during this video,0
"She's all about those guns, God, and hymens and I can respect that.",0
stop normalizing putting women through hell just to prove her worth. URL,0
Nothing more than vile racist supremacists.,1
Fuck shit pussy ass mother fucking damn bitch,1
Us Egyptians love the Syrian people,0
That we love American girls and boys.,0
For my friends in the Catholic Church: God loves you. URL,0
Islamic pedophiles molest young boys on your tax dollars.,1
Congrats to she has made history ! The first African woman to have her own Barbie doll. URL,0
One love Africa People power our power,0
I'm Filipino too that's cool,0
Kicked her so hard in the tits they stayed sowllen,1
It is so sad that she had to go through all of that for something that should not even matter at all (race).,0
"Interracial friendship? I agree. Let's talk, brother.",0
imagine sucking my dick and feeling my cum shoot down your throat you piece of garbage,1
Keep those black low lifes out our country.,1
This is what we need more of! She easily bests 80%+ of the women posted here.,0
Bitch looks like prince Zuko from Avatar the last airbender.,1
Its a belief and has nothing to do with our culture.,0
This bitch is just a complete bimbo probably gets gangbanged by elites backstage,1
"Meanwhile in Malaysia, inviting someone to Islam is disrespectful. ‍",0
Wait... actually I can because Maher is an idiot.,1
I hope your gf finds out &amp; chops your dick off.,1
You’re so full of shit…..and food.,1
"Speaking of Boston, when does the next season of Ray Donovan start?",0
You are a dirty nigger with no business being on the internet.,1
What a pathetic waste of human flesh you are.,1
Young lawyers overcoming obstacles with all-female firm URL URL,0
ुखदुआ_समाज Volunteers has Taken Pledge to Respect Transgenders Equally by the Inspiration of िन्नर_उद्धार URL,0
Here's a song for you… Lightskin Lil Wayne by Tyga URL,0
"WHERE'S YOUR MASKS, YOU LIBFUK CUNTS?",1
Send the Candian trash in the Phillipines to them!,1
Young ethiopian kid for me,0
It would be beyond gratifying to have the factual words of 4 minority women lead to the demise of occupant # 45. Appropriate.,0
"Smh I thought women, children, women with children, and pregnant women were off limits. The streets just don't give af no more URL",0
"Different cultures have different beliefs, knowledge, celebrations etc.",0
Racism against anyone will **not be tolerated** on r/HoldThatFeedingTube. Bet you can't beat that,0
It's all good I'm Asian and I think it's ok.,0
SEND IT HOME AMERICA absolutely HATES islam !,1
YOUR MOM WAS A DUMB WHORE WITH A FAT ASS,1
"Women aren't capable of these things? Ffs if a human wants to fight for freedom, let them.",0
"Finger it out and feed it to your pathetic, black cock worshipping cuck of a husband URL",1
Juicy pussy needs to be fucked,1
Don’t no body care that lizzo fat she look disgusting and ion care what nobody say,1
Pidi rides back seat. Rahul Gandhi must be credited at least for following best practices while driving. And Pidi for having faith. URL,0
Bitch don't ever come for me can't stand a disrespectful ass mf URL,1
Fuck that nigga that you love so bad URL,1
"The keyword Hoes Mad is not a good keyword, and heres why",0
18 and no its one of the best I've had,0
"Pft, no worries dude, it is nice to know straight people in the crowd are bothered by it too!",0
To the bum ass nigga from earlier I hope god punish you,1
"Thats it!! Im gonna get a waffle cooker right now Kids get in the car, im making waffles!",0
REALLY? How about the treatment is our AMERICAN CHILDREN FIRST!!,0
Strong women need to rule our nation,0
The problem is that Americans are a bunch of soyboys.,1
"Nitwit Biden and AOC, dumb and dummer, are trying to give $450,000 of our taxdollars to each and every illegal immigrant.",1
That incompetent clown has been bussing covid positive illegals all over our country for the last 10 months and blaming outbreaks on Americans,1
Stand up UK citizens and take your fucking country back!,1
Your whole business model is literally making money off of the exploitation of women URL,0
A Muslim is a brother of a Muslim.,0
"This is truly a very beautiful testimony from GOD'S GRACE, The girls are strong and healthy. Nice.",0
2 gays 1 child and 1 normal human Wtf?,1
The women who replied to you should hopefully restore your faith in them. They're not all like that bro,0
Start facefucking you as I prep to repeat the process until your nothing but a cum-soaked pile of goo,1
Betrayed women for money,0
"Fuck Area 51, Go raid them streets and clean up some trash niggas",1
you only destroy and kill and the world will always be shit as long as you have any control over it.,1
"Deport 'em all, and build the wall.",1
and also the jewish people behind the scenes :),0
Pack of 4 Maxi Light Lightening and Purifying Beauty Soap 4.2 Oz URL,0
"Trump's, he's a racist sexist homophobic cretin",1
The only violence this faggot ass generation will have to endure is when they will be throwing their fucking smart phones at each others face !,1
When nation celebrate the big achievement what makes me proud is MY HERO MS DHONI also serving country now URL,0
Yo this nigga then put me in some fucked some situations fr fuck this nigga fr,1
Also engagements. Usually the girl gets asked. Well girls are more 'independent' now so why not let them ask a man's hand in marriage?,0
"Please don't lower your standards, ladies.",0
Goddamn the dick stankoh Jesus I think I blacked out from the dick stank again.,1
Me sending death threats - DIE BITCH DIE,1
They're trouble makers with a warped paranoid fear of a non existent white superiority.,1
Beat her tits and fuck her mouth.,1
Join my onlyfans to see how I play with my pussy,1
let these bitches come near me I will end up in jail for fucking them up,1
Do your homework and your mom will leave you alone so you can watch your blessed animè,0
Indian women are really cute imo,0
Long live the solidarity of the Cuban and Palestinian Peoples 1989 URL,0
"Germany May Simplify Visa Requirements For Russians Under 25 In Fierce Attempt To Deal With Own Social, Demographic Problems URL",0
i need new lgbt+ mutuals... if you want rt this please so I can find new ones?,0
I have a beautiful Colombian wife too!,0
Nigerians come and Cedis URL,0
Luxembourg's prime minister is the first EU leader to get married to a same-sex partner,0
Hardin is a phucking racist pussy.,1
"My prayer's from indonesia, God bless Hillsong and always support, and now I have peace from Jesus Christ.",0
Shot out too all the active woman during sex y'all starfish ass hoes boring,1
#MEEEEEEETOOOO what fat faggot we talking about joey right?,1
Praying in Jesus Name that Father sends Holy Spirit to all those deceived by works salvation to the truth spoken of here,0
All you hoes do is drink and smoke on the daily lmao worthless,1
"Well done, welcome to the Bi club...we have cookies!",0
Look at all of them worshipping that one giant dick!,1
The racists are back soon they will try to linch people in the street,1
Technology started with Africans and will probably end with Africans.,0
And they aren't TA for trying to force people to be religious,0
The ILLEGITIMATE CORRUPT CLOWN BUMBLING biden and his clown squad administration are a JOKE !,1
"Can we all acknowledge that for some inexplicable reason ""Same Love"" by Mackmore was a huge step in the battle for gay rights",0
I thought it was white/Hispanic that falsely accuse black men of rape?,1
My dad is a immigrant from Thailand.,0
I do know crowder talks a big game but turns into a little bitch the second things don’t go his way.,1
Now stop doing stupid boot shit like this.,1
Heartiest Eid Greetings to all the Muslims around the World,0
Thank God for you Prophetess Bola. you have been a blessing,0
"Maybe thats why you got Trump's dick down your throat, he grabs em by the pussy just like you wanna do I bet.",1
"Personally, I believe he was severely sexually abused by the crud he called mommy and daddy.",1
Americans have to be the dumbest form of life on this planet,1
Donkey dick and horse farts Gettin bitches wet since Moses,1
let's all smoke with him that'll be a fun time,0
When can we expect Jews for Jesus to invade Congress?,0
edgy thot dumb ass bitch and depressed bitch,1
Please support these orgs that are trying to help disabled migrants in the concentration camps. URL,0
Why does someone's sexuality got to do with how well they do their job?,0
This happens every fucking time qith you whites.,1
"Nothing can be done about being retarded, rather be a retard than a bitch.",1
"Eid is a Islamic celebration that we celebrate after the fasting month, Ramadhan month~",0
Title completely true! I'm one of those black Women.,0
Yous both are fat as shit and get no bitches shutup URL,1
Deadline extended! Apply to the All Raise female founder program at Disrupt SF 2019 URL URL,0
fuck you dumb ass ugly ass bitch,1
Can I trade in my white privilege for the privilege Don lemon has. I like his better.,0
"1. Love your God within, the Truth in Heaven 2. Love and protect your neighbor as yourself URL",0
"If only Germany won the war, guys like this would be chemically castrated at 15.",1
: Officials have waived work permit requirements for non-citizen children of Jordanian mothers. Read more here: URL URL,0
Goddamn o zone falling apart and this damn global warming.,1
You slap his lil fagot ass around,1
In saudi they will throw it in dustbin,0
Trump Cheeto ass just needs to be assassinated already.,1
Emma Watson and Time's Up launch free hotline for women experiencing workplace harassment URL,0
They are honestly so transphobic. They need help.,0
Awesome! I wish more women would do this.,0
"Display that nigger cunt, so I can judge if you worth some white cock!",1
this man is literally mentally r*tarded,1
"No more innocence or sweetness, just a white slut to be used",1
WHY IN THE HELL,1
"I mean yall r okay w gay celebrity couples but not w a real life gay couples, so what u tryna say again?",0
you're right you're not a fag you're a smelly pig,1
" FFS WHITE IS A COLOR, I AM OF COLOR",0
"Americans are fucking stupid, arrogant cunts every event one eu team (g2 or empire) does well, and the other team has their asses handed to them, like lestream did here",1
And fag butts are all over the streets.,1
I am not ashamed and Indians don't have to speak Hindi i speak malayalam,0
Your Allah is none other than the devil himself!,1
I bet a ear like you raped almost every girl he layed his hands on even 12weeks old.,1
"slim waist, pretty face, and she don't fw hoes. URL",0
MooHamMad was a rapist pedophile hitler of Arabia,1
it isn't. Being eastern European in heritage and upbringing i greet my close friends with a cheek kiss.,0
Get ur faggot ass off my shit,1
niggas ain't meant to be fucked wit nd bitches ain't meant to be trusted,1
Please submit yourself for 20 lashes and/or a beheading.,1
"0:45 if race/ethnicity doesnt matter, why does it matter that there were white people at the rally?",0
I love curvy Asian! ;D,0
How did human civilization progress all these years without men acting like the little bitches they are today.,1
"Happy pride month, remember that trans women of color were at the forefront of the struggle and they still are",0
" Ashraf 3, appears in 3D the 120-year war of the Iranian people for freedom and democracy URL",0
"Haha good luck with the daily school shootings, pfft an army would stomp your white little sensitive bitch asses",1
שיר-לי bat Abraham mi shevet Ephraimyou dumb bitch !,1
Bro Your fine Armenians love learning about other cultures and you'll fit in perfectly fine.,0
"Man shut the fuck up you stupid bitch, I bet you don't get any pussy period URL",1
Girls do you wish more black guys would handcuff you before they fucked you,1
"u niggas are fuckin nuts, put the guns down &amp; get a job.",1
Allah told me to tell you to go out and get yaself a strong muscley man to retain semen for on ramadan while eating top ramen fam,1
"Vile garbage, a joke, orange imbecile, white trash.",1
bitches suck more dick than a prostitute.,1
"I cant stand that ""girl"" with the dyed hair ,selfish attention seeking cunt",1
Fuck you you stupid mentally I'll bitch.,1
fuck my face FUCK IT ugly ass stupid whore with bad face,1
don't you know that some of the most influential scientists were in fact Catholic?,0
TYT: we need to hold the mainstream media accountable Also TYT: trans women have the right to choose! it's body it's choice,0
"Awesome, you are mixed race! Embrace both and hold your head up! GOD made us all! ",0
Singer looks stunning  & her divine voice  simple magical !! Hyderabad people had a fantastic evening. URL,0
Fuck you fake ass bitch I wish you get bullied at school and people don't give you money,1
Stop fucking niggas that got hot cheeto dust and blunt residue under their finger nails,1
God bless you Pastor Owens and God bless your ministry. You are a great role model.,0
You look like a trashy ghetto whore,1
Actually China is sort of the world's bitch.,1
Almost like women have preferences and different taste when it comes to their partners.,0
"Eid Mubarak to all the Muslim ARMYs celebrating, myself included! Wishing you all a blessed day!",0
Iranians are cool imo. Persians? Awesome people.,0
India A. Lol! I love you for that! Yes Queen! Blessings,0
I just came out to my irl friends and I'm so happy  URL,0
I wanna choke your wife with my cock whilst you watch #efdp #findom #transexual #paypig #cuck,1
"Woop, woop! It's feels nice to open reddit and see a post about us Israeli Christians here! High-five for representing, my dude!",0
The would to Africa I am black and proud,0
I'm grateful that Allah (SWT) continues to bless me. I will forever bless others in his name.,0
The Indian women begin their campaign on a high note with a 4-0 victory against Malaysia  URL,0
I came out at 21 too! Check out [Am I a Lesbian?](URL It may help you figure out if you're a lesbian or bisexual.,0
Long live Israel! Greetings from the Netherlands.,0
"It depends on how he meant it. It could be racist, or it could be ableist.",0
I feel this collab is for LGBT community... Thanks for this Ed/justin,0
"Rose your not a Mother, your a Mother F -- er .",1
"Imagine wanting to live in a world with only 1 race and culture, what a bunch of mentally disturbed boring vapid empty soulless cretin dumb cunts.",1
Your scary sh…🤬You need to move to China!,1
"Grumbach: African Americans, Latinos, and Asians are very underrepresented in the donor class, even compared to members of congress.",0
What anti Semitic comment? She hasn't made any,0
Deuteronomy 10:20 You are to fear the LORD your God and serve Him.,0
Elton John Responds to 'Rocketman' Censorship in Russia Over 'Homosexual Propaganda' | Just Jared URL,0
Show your cock faggot the most depressing upload schedule ever.,1
Only difference is that he is fatter & whiter & inciting white supremacist terrorists.,1
Couple pussy niggas told they ain't my dawgs no mo,1
"Its always the the indian urgh not only they shit in public street, they also go scamming gullible people",1
Sick little girl throwing around that Pedo word at him in hope someone will hear it and attack him for her.,1
You make us bengalis proud  its in the blood my man!,0
"The LDS ""church"" is a racist cult that protects rapists and child molesters.",1
"She's not Gypsy, she's Aromanian / Vlach",0
Kicked her so hard in the tits they stayed sowllen,1
Post the texts and we'll thrash Joe's fag ass,1
Nobody gives a flyin fuck you fag.,1
jiyong said live matter. we gonn celebrate gay rights cuz rainbow lasts 4ever  URL,0
Go back Omar you piece of garbage From Vietnamese proud American .,1
"Why is it these Asian people are so stupid to overload their trucks and just invite tragedy ffs, dumb cunts you are.",1
Camila with the lgbt flag  URL,0
That's cool I know some Protestants accept the NAB which is a good gesture of ecumenism,0
Probably sucked a PILE of dong.,1
"Esth 10:7 And God was upon them, saith the LORD is good for us:",0
JR you deserve to be in HELL or Prison !,1
And they're working on his golf courses. Is that who he's talking about?,0
Independent woman does not mean she cannot buy him Abuja Senator trad and Mercedes Benz,0
How about you wash your butthole and then comment.,1
What a cunt bitch she took a low blow like that,1
Go the fuck to sleep faggot,1
Wow 6 European cups best in the North West hands down,0
Illegal immigrants have no rights lol deport them please get them outta here there criminals,1
Bitches piss me off thot ass hoes,1
The real infestation in America is dumb fragile men like these dipshits.,1
I am expressing my first amendment right to call you a #covididiot,1
"Wow, what a fucking disgusting cunt.",1
Asian love is best love.,0
I hope she got an abortion.,1
"I LITERALLY GOT MY FAVORITE WHITE MAN, ISSA YES BABY",0
Black hair chen nation Let's go winning team URL,0
Wtf is wrong with people these days And you fucking stupid people support this transgender fuck?,1
"SHOVE THAT ""META-VERSE"" UP YOUR ASS, YOU TRANSHUMANIST PIECE OF SHIT!",1
They couldn't give a shit about the math.,1
We Iranian people ask u to support us to change the terrorist regime of iran,0
Omg I have the same birthday!! Except I was born in 2008 but OMG happy Birthday,0
"Man, that dude really is awesome. As a member of the LGBTQ+ community, I applaud him!",0
"Eid Mubarak Everyone!!!  May Allah unite all Muslims, show us the right path, and bless us with good health.",0
Most annoying and unattractive woman ever.,1
happy pride month remember pansexuals exist and deserve just as much validity as the others,0
Must have been a pedophile convention,1
THEY ARE 100 PERCENT EVIL LIARS AND musat be replace by a western governemtn or else become EXTINCE complimens fo fullkty armed B52as!!!,1
I'm sure it will feel amazing for the cock hungry sextoy.,1
Make sure the hotter stripper tells your entitled bitch wife how hard the the hotter bitch makes you.,1
Hey im a filipino subsciber am i the only filipino?,0
Freedom is the only solution for Kashmiri people. URL,0
"Hey I'm a little! And I'm gay  I love making new friends, if you wanna message me feel free ",0
When you contry is so shitty that even refugees don't want come,1
They get guys to do all their shit and then have a sap that pays the bills.,1
Fuck religious zealots need to burn in their own fiery hell.,1
"Considering that she is Hispanic, I find myself cheering for Cortes.",0
Advocating for the medical care we need and deserve as women and overcoming the bias.,0
THIS IS SO WHOLESOME OMFG THE POWER OF WOMEN URL,0
Put all mexicans in prison wit him,1
"sam dont ever go on that fucking faggots shit again, makes u look like a bitch.",1
Yall sum fake ass niggas on god.,1
Mastromarino thats nice i guess and i am indian :),0
I hate his mom for having him.,1
Haha unintentionally yes. I'm bi & they're my fav,0
Would love sucking on them before I put my cock between them and fucked them,1
"He really does look good on this photo, and I don't mean it as a meme or joke",0
cant believe tfue died today rest in peace love brazil one prayer = one lootbox,0
I would bend u over shove my cock into ur ass and piss in u.,1
"PS: when he talks about changing the libel laws, he's talking about amending the 1st Fucking Amendment.",1
You're what happens when a midget fucks a badger.,1
"I appreciate having the woman of my dreams be loyal, supportive, beautiful, understanding, and independent.",0
Sounds like something someone with trash pussy would say,1
Had a crush on Kelley O'Hara (USWNT) until I saw she's a lesbian. Now it's just love.,0
Heroes the lot of them. GOD BLESS AMERICA AND PROTECT THOSE WHO PROTECT US. love from England,0
The refugees are learning slowly but surely. Give them a moment for pity's sake.,0
Dope that he had an epiphany about African culture,0
Arab fans love you so much.,0
Pakistan team leaving for prayer in Nottingham. URL,0
"Right, pray to an admitted mass murdering genocidal terrorist and war criminal to stop the killing.",1
I'm 63 and white. I could not agree with you more.,0
Much love Will From Saudi Arabia Keep sharing ur love man,0
"They have always been the white devils enslaving, killing, raping, and stealing native lands!!",1
The perfect thicc white girl,0
My BFF got 59% NA and she looks white. People ask her if she's Greek all the time. You just can't tell by looking.,0
Straight girls compliment each other. Gay/bi girls complement each other.,0
Would fuck her in the ass all night long!,1
Because you have a small dick and cant satisfy her,1
NYPD Apologizes for Stonewall Raids That Sparked Modern LGBTQ Movement URL,0
You'll be cursed with this fat insatiable cock!,1
"That's right, send them your ill-gotten gains, you grifting scum.",1
" I was speaking on children not teenagers or adults I'm not against transgender people i fully support them, like I support you.",0
I am Indian and I approve this.,0
"There is only one God and he is YOUR maker and he still sits on his throne, watching all of you disgusting fools!!!",1
"Back to your caves ignorant morons , take JESUS WITH YOU.",1
My brother/sister can I ask if you are a Muslim and if so why do you believe in allah,0
The trans women reading this tweet right now is beautiful,0
If ur a piece of shit to ppl I will lure u in and fuck u up and yes I’m good at it.,1
Me? I'm not sure I fit that label anymore. I do believe in equality for sure.,0
PSA: if you're bisexual in a hetro relationship you still get to celebrate pride and be proud of who you are,0
"When I ""coincidentally"" visit my muslim friend around 6pm-7pm and they say ""food is ready, would you care to join us?"" Me: URL",0
Ifff you're trans ands kind to me thrrrds a. 90% chances illl would date you I've got soo much love andsffection o give,0
"Thank you so much for all these positive messages and comments it really means a lot, and for anyone wondering im straight lmaoo",0
"These imbeciles at FUX news are so disgusting, idiotic and dangerous spreading untruths and now how many deaths, over 650,000?",1
I said we can be together on stuff like affirmative action,0
Disgusting zero benefit to society cunts,1
" Kya pagal aurat hai,the whole nation is celebrating.",0
Can't even spell those spells Thoes bitch you a nasty hating hoe,1
"For anyone reading this, I hope you fufill your dreams and overcome stereotypes just like Mulan did. Let's be strong guys!",0
Imma get my rape buds to hold your black slutty ass down so I can ass fuck you and breed you.,1
Independent investigation of truth.. That is what the Baha'i faith stands for.,0
"Come out when you feel comfortable, don't feel pressured to come out.",0
To find out more about the research URL URL,0
Met with this one bro. He was sharing his experience about his marriage. The struggle of PJJ. Allah bless u brother.,0
"Furthermore, I was approached by Gay Men/Pedophiles to make Gay/Pedophile Porn while still age 14, 15, 16 and 17.",1
"gay people are subhumans anyways, that's why we used to not give them rights and kill them because they like their own sex",1
Yeah and those fuckers better stay in that shit country and not come here,1
I would like to unban iona.,0
Stupid bitch is ugly inside as well as out,1
Thats porkistan you turd flinging monkey .,1
"The more the fruits of knowledge become accessible to men, the more widespread is the decline of religious belief.– ",0
I'm glad you guys split up that women is stupid,1
"Chandrayaan 2 launch: Akshay Kumar, Shah Rukh Khan lead Bollywood in congratulating ISRO's achievem... - Hindustan Times URL URL",0
true (i still want them to nuke india so all the robocallers and scammers die),1
"Acceptence and pride go hand in hand in this case, it's also to help people be proud to be gay, ya know?",0
the WTA has a transgender participation policy URL,0
Sometimes I wish I was an androgynous Korean pop singer,0
And get off my dick with that Christian shit.,1
I agree with the decision. Because interracial couples are never a bad thing.,0
Morons like you are why there are warning labels on plastic bags.,1
Latinas on their way to school URL,0
"Due to personal reasons I will be killing all married heterosexuals, thank you in advance for your understanding",1
"These are fucking Indian , these are mother Fuckers",1
"Oh wow, thanks for this. I'm Pakistani but was born in America. I had no idea that was a problem back home.",0
Join my onlyfans to see how I play with my pussy,1
A great servant of Indian cricket.,0
I need to marry a man w this mentality URL,0
"No you fucking idiot, beat the shit out of her lol",1
kinda sucks that we didn't burn that shithole to the ground and populate it with progressive northerners.,1
>kill me cow Right now you're only killing English lmao Kill two cows mate and pray to Allah may he give you variety or content in your comments lol,1
i can't believe that jihyo isn't a lesbian like the fanfics had me convinced URL,0
This is amazing!! Those women worked hard and deserve equal pay!!!! Congrats girls!,0
"WE WILL ""GET THE ATTENTION"" OF YOUR FELLOW LIBFUK DEMOCRAPS WHEN WE TAKE YOU OUT SCHIFF, YOU BUG-EYED PEDOPHILE!",1
"a lot of the teens say,"" sksksksksksksksksksk"" when something is ""funny""",0
"Masha'Allah, Happy Birthday brother... May Allah bless you and the Family  URL",0
"Wow so nice to see positive comments, imagine the rewards this family earned with their dawah masha'Allah",0
"Well done that man, woman, gender neutral, transsexual whatever. Mahalo.",0
Congregation Modi Ji. I am a Bangladeshi Citizen but i always like u.,0
I'm Indian and I'm so proud of them representing my culture with respect.,0
"You’re not a Governor, you’re a CAREER CRIMINAL",1
" Wahid I understand you may not agree with us, but you can at least show some respect. People love who they love",0
Ahahaha i can't believe they had the creepy porn lawyer on Maher.,1
As a slightly feminine top I appreciate all masc bottoms that enjoy a dude like me,0
My deepest condolences for all the USA as well.When will all these terrible shootings stop?,0
Every Indian happy except members URL,0
Me as a trans female emt and nobody else is LGBT.,0
AM GOD you stupid white people rape more than Hispanic,1
lock him up and castorate him,1
Yet very few fighting and killing the terrorists apparently very easy for them to kill people in the name of islam and get away with it.,1
"You little shits want to take out 'boo hoo, women won't fuck me cause I'm a hateful piece of garbage' on the real world.",1
Being gay is the best thing I have lived for,0
What is uglier than a Latina skank?,1
"Modji is probably the only Indian PM who operates at two levels, one as politician and other as social reformer ",0
If yall faggots waste votes on this clownery im taking your rights back URL,1
#ERROR!,1
"Femininity doesn't always have to be ""sexy"". Why do women need to be sexualized to be considered feminine?",0
that white boy look like JIM MORRISON! hell yeah nice song,0
What a fu#cking airhead this is!,1
You all sound like school yard bullies.,1
Must be that her personality sucks or she's too annoying to fuck because she's pretty hot.,1
Watch it or I'll enslave you and your mother and make her suck my balls while you watch.,1
Die already so we can get the nation moving!,1
Wake up young Africans one love,0
"Just so we're clear: if you're not cool with trans folks, including nb folks, we're not cool",0
How policewomen make communities safer URL,0
"American, and of Pakistani descent",0
disney's first main gay character is played by someone who is really lgbt i LOVE that,0
We should burn them all like witches or keep them in Church ghetto style area & go ahead with technology human enhancement for everyone else.,1
South asian but I feel you sis,0
Because theyre stupid fucking trailer trash.,1
Bitch u a dog and ur homegirl too,1
Your homeland is the land of cowards and cucks.,1
You are a filthy slut who dresses up to get attention and make mens' cocks hard.,1
LMAOOO we was old niggas playin this mas aggressively for money,0
Welcome to Islam sis,0
So by not wanting to allow genocide I'm using it politically? Hot take chapo,0
"every Republican is traitor scum, and our country will never be safe again until we EXTERMINATE all these terrorists.",1
She is refugee too from Kosovo,0
" *ring ring* hello it's the african american community here, good job we're so happy",0
I'm making a goal to go to my asexual friends and let them know that they're valid <3,0
I don't benefit financially from saying there are or aren't diversity issues.,0
Mexican girls too excited right now URL,0
"David is a dumb, ignorant, isolated redneck, He's not a grand wizard in the KKK or a neo Nazi crusader like Richard Spencer.",1
I was looking for an exmuslim group/ forum. Found one here.,0
This is what happens when Jews run your government.,1
Man these stupid thots never learn,1
Bitch put that needle dick away and go back to work,1
"I agree, let's send all the white trash back to Alabama or whatever dump state they came from",1
The Abrahamic religions and their filthy false god are a curse on humanity.,1
Hats off to our soldiers who are fighting terrorists and saving Pakistan from threats and terrorism! URL,0
Woo! I'm happy and half with coming out. Just like my attraction!!!,0
the only thing we have different opinions on is the sex workers topic bc i think it needs to stop no matter what,0
"Yes, fellow Christians. It is certainly us Christians who would benefit most from this...definitely",0
"lets not forget about lesbians this month,,,,or ever.....because that is the first letter in lgbt since a lot of people seem to forget",0
GIRLS. AND BOYS. CAN BE FRIENDS. WITHOUT BEING ATTRACTED TO ONE ANOTHER.,0
Bernie stands up for all minorities.,0
noisy scamtard indulging to fetishism and not working penis replacement duly blocked *click* URL,1
"post reply, or else i will shove my BBC up ur cracka ass yoyoyoy",1
" Don't worry mate, Our thoughts with genocided people by France in Algeria,Tunusia and Africa ",0
And any 40 year old man that fucks 16 year old girls deserves to be euthanized,1
This makes me want to gay bash myself.,1
Get the Muslims out of your country before it's too late,1
Both of these a**hats have been f*@king with us for a long time.,1
Go fuck yourself stupid white fuck.,1
"Pussy, should have punched that bitch in the face.",1
Lmaoooo you're going through this thread defending this shitty movie.,1
s deputy leader reaffirming the commitment to women's equality in every aspect of public life. URL,0
THIS GIRL IS MORE TOXIC THAN MAH DICK,1
Acting from Shahid In Haidar then in Udta Punjab Now Kabir Singh now it seems bollywood has something to show,0
Go continue jerking off in your mother's basement.,1
"DRob schooling these Mormons, or should I say morons",1
FUCK HER RIGHT IN DA PUSSY,1
"Fuck china, fuck the triads, fuck these police.",1
"Happy Pride month to all my LGBTQ+ guys, gals, and gender non specific pals! I love you ‍",0
What a massive piece of shit this bitch is URL,1
Great video:Are We Black People?VS Edward X Debate 2019((Every so-call Black People need to watch this video!!!),0
I love how my mum can be speaking fluent punjabi then hop back to english with her white woman voice so casually,0
You can always convert to Judaism and move to Israel,0
It could happen to anyone': Why thousands of women will march in Sydney this weekend URL,0
Freak parents trying to turn their poor children into freaks like them.,1
I have thought about getting a passport and traveling to different countries to meet foreign women,0
I love my family. Life is good. Allah is great.,0
You will go wa wa wa when allah punishes you for your impotence you deranged man pig,1
This bitch is just a complete bimbo probably gets gangbanged by elites backstage,1
Mind your business fucking niggers URL,1
"Mulan is what it means to be a strong female character, not that captain marvel debauchery.",0
She must be a hoe that's why she needs that much condoms,1
. Because there is not enough LGBTQ+ representation.,0
I wouldn't fuck her with Michele Obama's dick.,1
" I from America, but my ethnicity is Indian.",0
The only reason I stay on reddit is to piss off highschool kids like you by saying mean words.,1
I'm Indian and it made me laugh!,0
"Ex-Muslim here too. Yeah you are right, there are many good things that can be taken from Muhammad.",0
Fuck that nigga and his ugly ass gf,1
A true celebration of white.,0
Here are some of the best Memes we’ve seen regarding Alec Baldwin‘s hypocrisy.,1
Feminism Era <3 and Childhood is coming BACK,0
"At a concert in Moscow, challenged Russia's ""gay propaganda"" law when Paul Landers and Richard Kruspe kissed each other onstage: URL URL",0
#FUCK KEBAB #DEUS VULT THEM ALL TO HELL,1
Point is the LGBTQ community is very open with sexuality.,0
"Never get too attached, yeah, they all sluts",1
Bisexual and I don't drink coffee :') hot chocolate/cocoa is more my cup of tea,0
That ass would be bruised purple for the next few weeks.,1
You're a fucking faggot and you're essentially a waste of oxygen.,1
"They act like they don't make fun of her lisp, size, virginity etc when it's convenient",0
Put all those Mexicans in jail.,1
"And If Tax the Rich can help America, then Shag the Bitch can save America.",1
get bitch fake whore ass no*** out of my fuckign notifications shes fogging up the place,1
A movie directed by a trans person,0
Love being lgbtq that she stands for us more then anyone always been a great talanted person the best in my eyes love her,0
Happy Pride Month To All Friends And Followers I Have. Anyone Bothered By My Support For The LGBTQ Community Hit That Unfollow Button G.,0
He is like Trump the scum of humanity!,1
Girls are funnier than guys on this app,0
"I bet he bows to satan, another sodomised gentile.",1
100% on you Joe and the mindless libtards that voted your senile ass into office.,1
This is super interesting! Love quirky Lebanese people. You don't hear about them often! Most people the mainstream like sheep here.,0
Islam is a shit religion too.,1
That's why I'm amused when certain countries talk about women's rights etc Was it just a fluke?,0
AUNZ | — 'I do get messages from people in the LGBTI community about how my work has helped them come… URL,0
Thank you u/strong black female,0
My masculine is awakening from my spiritual elevation! Blessings,0
Drake needs to be making blackface video with his coonass,1
Video shows alleged white supremacist being forced to clean black man's truck after throwing bottle racist supporter %Capitalism URL,0
"god what self entitled piece of shit, I hate people like that.",1
I really really wish I could donate but my grandparents are homophobic so I'm not allowed to but sorry:/,0
Serious question for trans people. Does anyone know any international trans rights organisations who hold the position that trans women are not women?,0
Should have blown the Iranian thugs out of the water.,1
"y'all are anti-black, stupid and deranged.",1
Look at all these dumb degenerates actually believing the Pope is a sheep lol.,1
So what does being in a great man then be in a Hispanic has to do with anything.,0
Yeah modern kids especially brown kids would be under the jail pulling this shit.,1
For that you're catching additional charges of aggravated faggotry which carries the death penalty,1
"as a muslim, fuck jews and israel, may allah curse you and your famliy, yhaud cunt",1
The Trump Administration Is Ending An Immigration Benefit For Filipino Veterans And Haitians URL,0
"you can go die in a hole now, hateful slut URL",1
A known KKK member Mitch the bitch is also known a stuffed white racist pig n A pig turtle,1
You look like a dude and France is a country of cheese eating surrender monkeys and violent Muslim rapists.,1
Can we please try and pass a law where beating these fools is an acceptable part of my Monday’s.,1
Secular priests of the diocese meeting amongst themselves to celebrate TLM.,0
the only ones who can't see it are deliberate or unfortunate fools like yourself.,1
Interesting! I'm half Persian half Chinese Malaysian with Bugis & Japanese roots!,0
that's one reason i always suppot ISKCON.,0
your absolutely fucking dog shit go get some pussy lil nigga,1
not for Britain against real Jews love Jeremy and are against the smears,0
Vogue Japan loves White models and local fashion magazines love Hapa girls thats it,0
Video games are for smelly faggots so how bout I just block you chump boy,1
its a good day to love men,0
I am seriously concerned for the safety of all these women.,0
STOP GASSING THESE HOES UP FOR PUSSY LOL THESE BITCHES ACTUALLY THINK THEY BAD,1
anele makhubalo yeah he changed his name because he wants to inspire and bring youth all around the world,0
"WHEN DIMENTIATED DEMOCRAPS ARE RUNNING THE SHOW, SCUMFUKS LIKE ""ELGORE"" THINK IT'S SAFE TO SHOW THEMSELVES AND PEDDLE THEIR BULLSHIT!",1
" i came out to my mum, dad, uncle, auntie and nan",0
How dare Iran have a weapon and be able to to defend it's people.,0
"And you are a racist, so keep playing the race card.",1
Tsunaina is Mongolian I follow her instagram,0
I use both bisexual and pansexual to describe myself.,0
I love the diversity of women in this video!!,0
Navajo Census 2020 Complete Count Commission Starts Strategizing to Ensure Every Navajo Citizen is Counted URL URL,0
Bro She never fucking loved you in the first place.,1
I can't believe I used to be so averse to trans people. You are beautiful.,0
"NAH. You're allowed to come out to you who you want, when you want. Good luck to you",0
it's a real nigga party you cannot get in URL,1
Ill leave bruises on your throat ass tits and pussy you dirty slut,1
The fucking police won’t do shit unless your a black guy with your hands up !,1
Khawar Qureshi isn't even Pakistani. He was born and brought up in England.,0
"Not nonbinary, but I'm appreciative of the inclusiveness",0
honestly go fuck yourself piece of shit,1
Iran deserve to get invaded by the us and the uk,1
Feeling for him She would want him to pick up his boots and live life to the fullest,0
Have fun giving birth to a baby that someone impregnated you by raping you,1
Happy pride month!! If only my parents weren't homophobic and there was a pride parade near me;(,0
Arabs like to bomb crap and live in open sewage.,1
Send her back to prostitution URL,1
"Here on this sub, women are holes, girls are sluts, and your questions are stupid.",1
America was stolen & build by immigrants. Stop trying to forget where you came from.,0
we are equal we are Muslims URL,0
Love the diversity. And while camila was kind of a damsel in distress more women were portrayed as able badasses.,0
PUT YOUR PUSSY ON THE OHONE COWARD URL,1
Pride parade is for everyone. It's a celebration of who you are and what you like. That includes the straighto spaghettos,0
Ya Allah !! Bless our parents with healthy life,0
straight or not we deserve to be loved & respect.,0
Europe is trash and full of disgusting people,1
"Inbred, sister fucking low IQ murderous stains on humanity.",1
That's a lot of skanky whores.,1
"You murdered God's son Jesus, you'll kill us all if you had the chance Zionist.",1
im proud. i am lgbtq+ its hard but worth it,0
Stop the reposting you unfunny incel cunt,1
Hope he gets torture till he die a very slow and painful death,1
Domestic Abuse in LGBTQ relationships is a real epidemic and is under reported especially in Male to Male relationships. URL,0
" Hold on! You call a woman who calls lifelong anti-racists, racist a godess?!",0
Stupid ass white boy go back to school and shoot something,1
Id hold u done and fuck that bald lil pussy,1
I think it is fair to say you are orthodox Protestants.,0
Fuck you Noot Noot Harime fucking fashion cunt tailor cunt looking bug as eye looking no arm be having bitch,1
your absolutely fucking dog shit go get some pussy lil nigga,1
He is definitely a maggot...,1
This recent episode of is so powerful. So many black trans women are dying and we must do something about it.,0
joe rogan is a retard cause if a man is a feminist he must looowe pussy fuck working for a cause,1
I'm sick of these fine ass niggas being fucking fetuses,1
20million somalis smiling Love from somali to Turkey,0
All the handsome indian men you get to meet!,0
He’s pathetic and he can’t answer questions.,1
Straight but allied with everyone else. Glad to feel welcome,0
she doesn't have to pick a label she is the entire lgbt community.,0
Eid Mubarak to all celebrating the end of Ramadan. Especially the beautiful community in my Electorate  URL,0
"14 episodes and she won and Emmy for the show. Much more than ""cameos"".",0
So happy to see other muslims on the sub striving to be better! Eid Mubarak,0
"It's against women's rights,it promotes,beating women,it condones child rape and child slavery.",1
"Go Korryn Gaines yourself, you anchor babying bluegum bitch.",1
"JESUS CHRI.S.T. . . . . IS THE ONLY WAY THE ONLY TRUE, REPEN.T OF SIN AND CHANGE YOUR WAY OF LIVING",0
NOW you are raising your children to HATE !,1
"Polish ppl love you Shawn Edit : I'm not polish, but *KiSsEs FrOm PoLaNd",0
Bloody india will go to hell all these bastereds,1
These regional ministers...this is why our church is what it is. Thank you for abiding faithfully with us.,0
My masculine is Awakening from my spiritual elevation !,0
Have you tried telling the button to stop being a faggot and come out?,1
"Aww, congrats you beautiful bi babs!",0
Who else wants to smack that woman in the back - the head nodder?,1
" YAS QUEEN! Ladies, we could possibly eradicate 88% of self-doubt in 4 hours if organize with this ",0
Blacks are cocky and slow learners,1
"THE BITCH WHO CRIED TRUMP'S VICTORY OVER HER IN 2016 WAS ""ILLEGITIMATE"", CLAIMS WE WHO KNOW THE 2020 ELECTION WAS STOLEN ARE ""THE PROBLEM""!",1
Beautiful men. Men who take care of themselves. Men who smell good. Tall.Dark.Handsome men. URL,0
"Why attack a government that is the mortal enemy of the Taliban, al-Qaida and Islamic State? asks URL",0
Georgia Gal I hope Iran nukes the whole lot of you.,1
"Me: sees Night in the Woods in her computer. ""Ah, I see you're a woman of culture"".",0
No she needs to get deported demon bitch is fake,1
Mazel Tov! Burech Yida Halberstam had a girl. The Kiddush will be this Shabbos in Gribov 1601 48 St. Oif Simchas! Git Shabbos! URL,0
"Get yote you fucking pedo trash, hope you get locked up in the penitentiary opposite your choice",1
They should take that shit back to Africa,1
Yes because that one instance describes all men,0
Seeing former players at Women's World Cup 'rewarding' for Pitt's Waldrum -... URL URL,0
Attack only Chinese not other Asians,1
Great Raya message from Tun M. Need transcript.. URL,0
So be a good girl lay there and cry while you get gangraped,1
However she is killed by no stranger.this are internal quarrelling results,0
"Fuck India, what a piece of shit.",1
Actually love short girls ngl,0
"At Sunderland on a Tuesday night, the man has just signed for Real Madrid and has us on his mind ",0
yohan was so happy when seungwoo chose me after you!! that lil cute hug  URL,0
Muslims want to rape and destroy America.,1
As a black man I agree with your comment 100% I'm not surprised not one bit,0
That's such a great way to keep the kids interactive during the stay.,0
" Why is this an issue? Fernando Vargas, Mikey garcia claimed there Mexican heritage as well",0
yay  Some times I'm sad that people brush off my sexuality bc I'm dating a male. So this is nice thank you,0
"Imran Khan in hot water for 'insult' to King Salman bin Abdulaziz of Saudi Arabia, here's what happened URL",0
"Beta Cucks taking themselves out of the gene pool, one dipshit at a time",1
No civil war... We have proud Hispanic US citizens in America gordon,0
The photo with a black guy is so cool. Wałęsa I love,0
Anderson become the third world sweet heart,0
bitch fuck you and yo stupid ass nigga,1
I'm convinced he  our Hispanic culture and women,0
CSR awards to focus on women empowerment - The Hindu URL,0
"Enjoy your beta cuck existence championing for the rights of homicidal pieces of shit, darling.",1
Follow this fella. He's coming to the heterosexual parade in July.,0
History with show tDump is by far the most useless individual to walk the earth.,1
Indian people Help PM Shri Ji congratulations  people ealme Congress URL,0
Majority of girls talking to me after they find out I play for the same team URL,0
I think Sehun is really mixed. Isn't it obvious that he's a demigod? He's Aphrodite's son! URL,0
no this is: nigger hitler school shooting 9/11,1
Let them pasty white cunts with shit teeth call us convicts i know where i'd rather be,1
Life this if you are FILIPINO,0
no boys except jk plz,0
you got fine body. south? punjabi?,0
"ZUCKERBURG'S PLAN TO REPLACE HIS PENCILDICK WITH A ""VIRTUAL"" DICK EXPOSED!",1
"So then move there, see how welcoming they are to your pasty white faggot ass",1
That was about 8 years ago. I think he's dead.,0
"The most disgusting aliens ever to hit the Earth, they are responsible for 500 years of slavery, genocides, apartheid, dispossession, separation, racism, discrimination, global warming, and more.",1
I hate bitchy gays of any color.,1
That pussy hit different when its only for ME,1
"I appreciate you including agnostic my dude, were almost always lumped in with atheists",0
Go fuck yourself if you muslim you hypocrite.,1
are you a Christian now,0
Hard to below but this idiot believes this bs the Liberal Elite is trying to feed America and so do some Liberal Idiots that keep commenting on our posts.,1
being born a Sikh is such a blessing,0
Honestly I'm so tired of these ugly white men killing innocent people just because they're unhappy in their own pasty ugly white skin.,1
A historic moment as Convention delegates pass CUPE Ontario's first-ever Anti-Racism Organizational Action Plan. URL,0
Love the fire in our African brother in Christ. Sing it!!!,0
This is probably the happiest the blank says trans rights meme has made me,0
"can u guys rt this! potential costumers are everywhere, besides it's pride month!! support a black trans creative!! URL",0
Retweet if you are Proud fans of Lt. Col. MS Dhoni  URL,0
"Lol, fag has pretty much lost its gusto as a slur",1
Please come to Algeria and other Arab countries,0
too bad you stuck w a bitch rubber dicks can't make babies,1
I want you to be my little Indian slut slave.,1
"No, but it's a very important step to equality.",0
I don't want to see anymore bitches on my tl fucking and sucking on cucumbers,1
All of the Trumptards are talking their sh%t that our prez can't walk without falling or tripping as compared to their cult leader.,1
White skin girls is beautiful. Every type of skin girls is beautiful.  URL,0
Fuck them opp ass Playstation ass niggas,1
I don't want to get to know another nigga.,1
"Some real nasty women over here, the nastiest.",1
We are proud fans of yours sir You Simply Rock Hatsoff to the dedication & commitment,0
"Fuck yazidis , they desverers what Isis did on them , hope mother Russia gape u arse and Turkey deep throat",1
If you're this kids parent go and twat him and his fucking father aswell.,1
"Fck America and fck white people I'm so done, can y'all just leave",1
She said it was her bisexual dream come true. And I'm honored to be her dream come true!,0
Hey if blacks are so great go live in a majority black neighborhood.,1
Maybe you Jihadist fools should wake the hell up.,1
I love you beautiful black Queen. Bless all my beautiful black sistas around the world. YOU ARE WORTH IT!,0
"With pride arriving in just a couple days here, let this be your reminder. ACE PEOPLE ARE PART OF THE LGBTQ+ COMMUNITY. URL",0
The Chinese government are a bunch of fucking limp dicked cowards,1
"niggas be tryna make you mad with the ugliest bitches, boy fuck you and ur pet rat",1
Everyone who unliked this vid are gay asfuck,1
They are only one sex. Use sex and gender appropriately.,0
"Black is not Sad , black is Poetic # proudly African ",0
Yes deport all of that filth out of Europe that doesn't belong there,1
BTW IM A GIRL AND I LIKE GIRLS SO YOUR NOT ALOWN,0
Marvel confirms that Valkyrie is MCU's first openly LGBTQ superhero URL,0
What a bunch of repellent men in blue I hope these cops lose their jobs!,1
IT'S OK TO BE WHITE,0
She is true *GOD is Grace* Doctor did that with help and support of GOD,0
Funny how you're name is fire and brimstone cuz that's where you'll be going when you die you degenerate slime of the earth.,1
"We’re going to gather up ALL of your guns, melt them down and turn them into a gargantuan metal mountain emblazoned with the face of Hillary Clinton.",1
I recently met a woman from El Salvador and this woman is amazing!!! I will never date another western woman again!,0
Imagine we won a trophy on his last year,0
I'm bi. I never really thought about it too hard until the LGBT movement started gaining more steam,0
3rd world savages are imported to kill & rape in the crime wave sweeping the nation.,1
Send all illegal aliens back to their own planet.,1
"We, as black people, have to come together as ONE and stop the senseless killings and robbing of our own.",0
best interracial dating sites eharmony review dating a trans woman scorpio and gemini compatibility chat rooms singles URL,0
Today's Doctrinal Empowerment is a succcess! Praise God! URL,0
jacob batalon is filipino.... THIS MAKES ME FEEL BETTER! SHOUT OUT TO ALL MY FILIPINOS! MABUHAY PILIPINAS!,0
"I don't give a fuck about my life, I give a fuck about the other blacl people who you stupid fucks always try and hold down.",1
I love Ramy! A very real look at American Muslims and our struggles,0
So what type women does he prefer to rape?,1
"I was about to say, they're protesting in the only middle eastern country that wouldn't execute them on-sight for degeneracy.",0
Build The Wall Deport Them All.,1
Clean your shits in Cambodia you chinx motherfuckers,1
"Eat dicks with your ""Chiraq"" nonsense.",1
Flat tits looking as bitches bruh,1
Jamaican is great. I also think women with NY accents are hot as hell,0
When black folks don't get their lynch mob justice.,1
"satan the devil loves no one! Lord Jesus Christ is our true Savior Repent, believe in the Gospel",0
Mane you niggas are sick now these days trying to kill all the damn blacks,1
Take them titties out while you suck my dick,1
You said you sought diversity representation and I was letting you know that JC encompassed it solely!,0
"Femi-nazis should be put in a concentration camp, they are regressing the progression the world with their retarded ideals",1
Worst trip of my life over some niggas,1
Bunch of rotten nitwit$,1
Rowley is trans and lesbian and we love and accept her.,0
"Great video, so powerful, own your own feminism!",0
"Where Islam is, there is murder and terrorism.",1
Asian girls are always a win,0
Suck that fuckin' black dick bitch!,1
Oh my bad.. so Israel has never taken land away forcefully from anyone?,0
WAIT WHY ISN'T MULAN IRANIAN? WHERE'S THE REPRESENTATION?,0
"she protecc she attacc but most importantly.. LIL BROWN GURL, is BACC",0
I know other conservatives who agree with me that minorities shouldn't be burned.,0
Jaishankar is ethnically Tamil but born and brought up in Delhi iirc.,0
I hope he shares a cell with a big butch Tranny.,1
High-five bi brother. Indeed it does rule,0
Yeah faggots keep your big juicy pink cock and cute ball sack away from me u horny faggot,1
"niggas hate to see women win, a mental illness",1
A bitch dont have a mind like me to do so.,1
I'll rather cut her off cus niggas kill bout hoes,1
Suck some dick bitch head and shithead,1
"OMG.. Just realized. This is Purim in bible. Read book of Esther , to those interested. Love all.",0
"yo @ pick me ass niggas do me a solid, kys",1
My masculine is awakening due to my spiritual elevation!!,0
Well at least he didn't grab her pussy URL,1
It was spliced and compiled from a forty four minute video to show how much a fucking idiot your speaker is.,1
Filipinos are about family. Learn your limits as you're not just marrying a person. You're marrying a whole family.,0
*Real spiritual knowledge* Supreme God Kabir went to Satlok with his body from Maghar. Because Supreme God is Kabir URL,0
Getting closer and hope to attend my first Pride as an out gay man in 2020... maybe 2021,0
In their late seventies. Amazing.,0
"They don't know that ""homey"" been out since the 80s and men don't call other men, ""Boo,"" like this fool.",1
Call me your ugly wife person you're racist because you're white,1
Look at all the racist whites responding I bet half of yall are either KKK's or not registered to VOTE!,1
"The Danish only lost one Jew to the Holocaust, and only 33 were captured. Thanks for keeping em safe, IKEA land!",0
Wizkid brought his a-game again on Brown Skin Girl alongside Beyoncé. Nice delivery.,0
Happy Eid Mubarak in advance to all Muslims,0
im bi and u should stan bts URL,0
Maybe that's why you have to fuck so many guys because none of them would want to have a long term relationship with you.,1
Saudi is a Zionist puppets and no Muslim.the take Iran just on day destroys Saudi.,1
" There are about 25,000 Mexican workers in Québec. They've never been & aren't a problem: French & Latino cultures meld well together.",0
It's been an honor Obama (female),0
Japan Begins Experiment of Opening to Immigration URL,0
it's because after the initial interest women realise you're full of shit The man doesn't match the impression they get.,1
because you're being sexist you fucking dunce,1
women are better than the FBI  URL,0
Stupid ass men go with your dumbass hoe of a self,1
°• thread explaining aromanticism and why it deserves way more recognition from the lgbtq+ community •° URL,0
"Wow, god bless you man. Endless respect. Feels genuinely beautiful being a BI enthusiast!",0
All the salty little bitches in these comments make me laugh.,1
reddit really is the homo of the internet,1
Mashallah brother. So happy for you. Also join r/Ummah for other Pan-Islamic content,0
Of course all men are scum we know this,1
Crazy Tempo No he's not. And why does the skin colour matter to you?,0
eid mubbrakh to my all muslims brothers and sisters and all muslims in over the world,0
What a bitch you are you absolute scum of a human troll.,1
Really is hard to breathe in hell where your low life drug addicted criminal ass belongs.,1
Imran Khan should go all Mao on this retard.,1
Happy hari raya puasa (for those who celebrate it)! URL,0
Send Melania back to the shit hole country she's from.,1
Trump's Cult Of Suckers & Losers,1
"As a multi-culti hapa kid with a lot of feelings about identity and the effects of assimilation culture, this really hit home.",0
Eid Mubarak all of my Facebook friend !!!!,0
Equality is very important,0
More supportive of the LGBTQ+ community,0
No you're a dumbfuck incel about to go on a rampage.,1
You're right she IS pretty ugly.,1
as a gal who goes to tournaments. a lot of people don't care about my gender that often.,0
"based on older posts, it's islam. as a fellow muslim, I feel yA. stay strong u/orbit4eva ",0
remember always: only faggots defend other faggots.,1
"And jews for that matter, fuck them.",1
"A who's who of freaks, perverts, racists, and psychopaths.",1
I'm so into others girls but I'm really infatuated with myself,0
"God-given struggles don't come to stay, they come to pass. Just be patient. Wait while God works for you.",0
"Son of all your fucking mother, I hope you die stupid, chinga Your mother",1
These zoophiles are more brainless than some of the animals they wanna fuck,1
My heart breaks for your brother and every other LGBTQ raised in this cult. Love is love ‍,0
Shaykh Abdul Hakim Murad brilliantly and succinctly explains the definition of Sunni Orthodoxy/ Ahlul Sunnah Wal Jamah'. URL,0
I think it's important that Sinema is showing us even a bisexual woman in a colorful wig can be a money grubbing piece of garbage.,1
don't be a cunty bitch.,1
"Putin - Good boy, now get down on your hands and knees and suck me off pussy.",1
Put estrogen in his food in prison then put him with the biggest blackest gayest hung hogged lifer you can find,1
The gays DO deserve rights URL,0
Looks like a perfectly wholesome happy mixed race household to me. That was really heart warming. WMAF <3,0
The chilling inaction on domestic violence in Russia is endangering women's lives URL,0
"Break your heart and dick, and then burn your house down with your pet inside.",1
white Spaniards from Spain raped an squandered your land lol,1
He’s a lying racist pig.,1
Americunts first but the rest of the world can eat sh*t.,1
/r/bisexual is proud to have this woman as one of our famous bisexuals.,0
"Yeah, if she did I wouldn't have fucked your mother and you wouldn't have been born.",1
"uptown girl, but make it non-binary",0
"The Saujana Hotel Kuala Lumpur wishes all our Muslim friends ""Selamat Hari Raya Aidilfitri"" on this blessed month of Syawal...Safe travels everyone! URL",0
"She should be exterminated along with half the ""people"" in this video.",1
I agree wit ak! we're fighting for equality wit race we cant be biased,0
Till I cum on your tits.,1
South Africa is such an inspiration. Their love of diversity is unmatched and should be spread throughout NZ,0
"White Jews, we really need to do a better job of following the leadership of, listening to, empathizing with, learning from, Black Jews.",0
Just proof we need more darker skin girls! They look so pretty in everything.,0
Let’s Go Cho Xiden.. straight to the trash,1
bi sexy uau URL,0
"A whole bunch of WHITE HATEFUCK WHITE PPL, FUCK THE NBA, FUCK THE NFL.",1
I like White because all collors is white to massage for this channels please white,0
Yes THIS THANK YOU. We need more women.,0
May he rot in hell for all the elderly he shoved in Death homes.,1
"Good luck hun, from one bisexual to another ",0
"I'm not tired of seeing white people in superhero (or any other) movies, but i whole heartedly embrace more diversity too.",0
"He is mental, but his supporters are just plain sick!",1
"this reminds me of the gay coming out dance in ""it's always sunny..."" great job, all the feels :-D",0
I think it was randy orton I saw his twitter,0
Fuck muslins and that aoc bitch.,1
You're great in honor of a fasting Muslim,0
The amount of trannies thatd kill themselves would be glorious,1
This woman is the scum of the earth,1
Never thought i would be considered white asians... Very interesting though,0
We stand alongside our LGBTQIA family. We support and love you this and every month. URL,0
Saudi royals are nothing but cavemen with too much money.,1
Faith healers should be thrown in jail and left to rot.,1
I remember when i first watched jessie. He was my favorite one,0
Deport the homeless addicts and alcoholics.,1
"Fuck all three ladies, kill all 3 pussies with my hard cock, and everyone is merry.",1
This slut needs to get rid of that pussy hair,1
"I am from the United States of America and I really love this song by Shawn Mendes ""If I Can't Have You""",0
"Creepy, and insulting to the females here?",0
No im a trans girl who doesn't want my shoulders to broaden so i cna pass easier,0
"It's not the same guy, although the German that Upham let go does end up shooting Captain Miller, who dies minutes later.",0
"I'm a full on rapist... It’s people like you that make the hoax real for the rest of the morons absolutely appalling and disgusting shows the true pedophilia within Netflix and in big tech in general you people are evil and you will burn in hell. Biden’s such a p u s s y. I miss Trump. Look at theses pedophiles so happy these type of people are the devil Soros you antichrist demon you will have a special place in the lake of fire She is dangerous with her lies. But fox take in all loosers because even fox owner lied too much in England so they send the fool back to USA and he cant never come to England. Liberalism is truly a mental disorder He's a disgusting, repulsive old man. They're pro life pedophiles that need a constant fresh supply of children. She’s a hypocritical awful horrible disgusting excuse of a human being who slept her way to the “top” You sound like a representative of Satan. She is a Dead Beat Stoner Moron Cackling Idiot. The only time Joe Biden isn't the dumbest person in the room..... when Kamala is present. it’s not gonna do shit. WHATS FUN ABOUT GOING INTO A PLACE WHERE PEOPLE FUCKING TOOK THERE OWN LIVES. Lol fucking true  Get fucked Keem enjoy your faze money and hopefully you finally stfu. Plosi is a wrinkled puke corporate liar and the only transformative bill is for the Dems corporate money bribes Her parents are dumb for not aborting I love seeing American citizens so divided, your politics are truly a shitshow I have names for them too, Gold digging Bitch and Daddy's Squeeze. Hillary is a loser just like her husband and they need to be in jail where they both belong along with Obama, Biden and the rest of the democratic party. Stupid racist bish.Fck all of you racists, you are not deserved to be even called people"".",1
Arnt all Trump Supporters White Supremacist.,1
Shut the fuck up retarded ass faggot redditor,1
Thank you Steve Wallace for your monthly donation to sfts!,0
"Cumias = lying, stealing, cheating, child molesting, and dress up faggots!",1
" Bruh don't call people crackers although you are white. It references when slave owners ""cracked"" theyre whip at the slaves.",0
"In Malaysia there are more girls in chemical engineering, boys in civil and mechanical.",0
Mexico pledges US $90 million a year in aid to Central America URL,0
"Team Hick stands tall for all, especially this nation's powerful, loving, unstoppable LGBTQ community. Happy month. URL",0
I suppose if I were straight I would,0
And let that fucking psycho bitch raise her kids!,1
"After all the leftist said and did to DT, you can take your disgraceful comment and shove it up your ***",1
Shut your fucking mouth ya bald bitch lmao,1
House Democrats unanimously pass 'Equality Act' to protect LGBTQ rights - ABC News - via URL,0
You're a Zionist cunt if you can support those cultists.,1
"Your moms a bitch, so stfu bitch",1
"Yeah, I fucked your mom last night",1
Zionist scumbags gotta get a war going to cover up all thats being exposed,1
you don't see christians out murdering people for their cause.,1
This girl keeps playing games done with her shit snip snip hoe,1
Uno if I was white I'd want this skin tone too literally glowing.,0
I smoke crack bitch watch your tongue,1
Thanks Guru Papa motivation the women in every field URL,0
I can help all men an women who want to boost their health and performance..,0
5'9 girls represent. I looove my height!!,0
" Aameen YaRabbi!!! May Almighty Allah grant him Aljanna firdausi ,my late dad and all departed souls.",0
I'd bust so many nuts in your holes you'll never stop leaking cum.,1
These people are fucking disgusting URL,1
"Out this bitch, fuck you and those niggas!",1
Well you want woke entitled sh*thead...here ya go mom and dad!!!,1
Dead ass lame ass niggas man,1
Sweaty feminists wiping under their pendulous breasts with old Ariana Grande T-shirts.,1
You are fucked up fucking white trash,1
Perhaps Im wrong but wasnt Yemen part of the holy land? Hope it get some blessing asap.,0
Fastest white guy in astros history,0
Now all that's LEFT for you is: welcome to the right wing motherfucker!,1
I think it's time the US and the UK should start bombing them.,1
URL The Islamic nation celebrates Eid al-Fitr and every year and you are well,0
"She wants someone to want her FAT ass but, she exercises her options on who she wants",1
She's a piece of shit I hope she catches an STD.,1
Why are girl so ugly to the girls that are just trying to warn them I'll never understand URL,0
it's almost pride month so have a very cute bi pride boyo URL,0
but not to nearly the extent that they chastise women about being modest,0
"As a bisexual woman, thank you. Sums it up perfectly. Couldn't have said it better. OP YTA.",0
India & Pakistan are bound to do this under a resolution adopted by the United Nations.,0
"Some real nasty women over here, the nastiest.",1
Bitches are as retarded as they look lmao cannot stress that enough,1
The native european hunter-gatherer culture got wiped out by Middle Eastern farmer culture 8000 years ago.,0
All they'll do is send priests to your homes and rape your kids.,1
I love my three gay dads - Ms Marvel,0
Thank you! this is what I was looking for and what I believe. Except for the sacraments as I'm not catholic. God bless!,0
you're just ashamed that you can't cum without your hand.,1
"first they shamelessly sucked ussr cock, now its usa's cock [pathetic]",1
YouGov Poll: Michelle Obama Is 'Most Admired' Woman in the World URL,0
Can't we just slowly start to kill white people at birth?,1
Son niggas really ignorant like they don't look like hunchback of Notre Dam!,1
A man who falls in love with his religion,0
Assholes that scream out of car windows just to scare a pedestrian can GTFO.,1
Love how diverse the world of gender can be! URL,0
Take care of your business and give our Arabian community culture a respect,0
"Are u fuckin mad,he wanted to shoot him,fucking cunt",1
"I guess yall ""patriots"" (punks) didn't show up and show out!",1
Blessings Woman of our Great God Yahweh!,0
For the same reason we can receive Holy Communion in Orthodox churches -- so long as it's OK with said Orthodox.,0
We of the Faithful Black Men Association nominate you to be the next speaker at our national conference 2020,0
"Praying for my Muslims brothers and sisters in Sudan, may allah protect them Ameen.",0
Eid Mubarak to all my Muslim brothers,0
I'm sure these dipshit redneck yokels already shot her and that's why the baby is alone.,1
Christian's dont shoot up your office when you make a comic making fun of Jesus,0
poop nigga shit retard pickle dick ass,1
I'm sorry But a bunch of Niggas Sitting here Looks Gay ‍,1
"Man overseas women are awesome all of Latin America,Mexico, All of or if not most of the countries in Asia are your best bet",0
Huelva : A rally to support Morocco's female workers URL,0
Yes yes it does join the honorary Latino club,0
Outside of Punjab the country's a shithole anyways,1
CNN is all bout TRANSSEXUALISM of CHILDREN and Murdering BABIES.,1
They fuck homeless people like they fuck children.,1
"*sees mulan as a normal asian girl* me to disney: dont do that, dont give me hope",0
Boi said he 21 and bitches think he in hs still I'm in tears,1
"Please do not send your warships to Iranian door and tweet ""Never threaten the United States again!"". That does not make any sense.",0
Diversity is our greatest strength!,0
"Tips to prevent rape = ""Rape other women instead""",1
"Asian American sex workers on the frontlines of xenophobia, sexism, racism. This powerful dominatrix is one of our community heroes. URL",0
"On this day, Pakistan prays for our brothers and sisters in Kashmir. May they remain safe and may justice prevail. Zindabad! Kashmir Zindabad!",0
"I agree. It's nice that science validates the existence of trans people, but I'd support then anyway. Your happiness is what matters.",0
You're a pussy and your kids would be pussies,1
Those border patrol agents need to be brought up on charges of sexual assault. Period.,0
Says the annoying little shit who calls me bitter and needs to get laid more because I dared to suggest that a person's body count actually matters.,1
Are the stupid folks smart enough to be offended ?..chicken or the egg question I know,1
"The unscrupulous T-idiot won't give a f*ck about his followers, yet they adore him.",1
Can we go to their country and kill their people with impunity?,1
All y'all little young niggas do around here is ride dick!!!!,1
THESE TRAITOROUS FUCKWADS NEED TO BE TAKEN OUT!,1
Of course our stupid Roosevelts[Roosenfelds] didn't help US at all.,1
"You're a fag and a retard, and not even the good kind like us.",1
"Fuck a ay-rab ""congratulations You own oils in the pakistans bitch"" american beyond dumb URL",1
"Out of curiosity, what makes non-denominational churches different from other divisions of Protestantism?",0
"One thing's for sure,you won't be able to stick your inflated F**king head through the bars in prison.",1
you bitches dumb &amp; these niggas dumber dumbasses,1
"Fuck them, they are nor wanted in our country!",1
&gt;Give them cunt cunt cunt bitch Mama yes god when you pop that tongue bitch,1
You are the biggest fucking faggot on this planet,1
"I'll beat the shit out of you and send you back to the fields, boy.",1
"Either be ugly or ignorant not both, pick a struggle you dumb fuck.",1
" Women I would say, my mom and sisters are Superwoman",0
They don't even be on shit in real life lmao,1
To all my Somali brothers and sisters on Twitter. Caadi iskadig.,0
A real Chinese actress is playing Mulan in this film. Wow!,0
"About half a century ago when Black People were running around naked, they probably didn't care about privacy or intruders.",1
"As a Hindu, I very strongly approve",0
No ur not baby ur a fat fucking retard,1
" Wow what a beautiful pic, I 100% support GLBT ‍, gay people r the nicest people around xx",0
"you're a loser, I fuck my sister/girlfriend while my uncle fucks me!",1
"God bless,""dedicated not only to God but also Jesus"" love the enthusiasm about God bro much love",0
My blood boils whenever I see whores trying to act like chaste women.,1
This woman is batshit fucking CRAZY.,1
Where are the white lives matter protesters?,0
URL helping the rohingya refugees is also another cause that you could also spend your time on  be kind,0
"bet u wouldn't say that shit in LAN, bich",1
What do you guys think about income based affirmative action instead of racial affirmative action,0
N fuck dat bitch dat hoe ain't shit she crossed da line wimme too,1
"In a hole in the ground, there lived a faggot. Can't even spell those spells Thoes bitch you a nasty hating hoe Mexico is sending us their drugs, their, criminals, their rapists.""",1
"With all the terrible shit he's done in his life, I would be afraid to die too",1
Choke on a drunk man's dick queer,1
In America we just shoot them and move on,1
I knew all this from other trans women from here but you put it very well.,0
Your cunt mother did supply you with 23 chromosomes.,1
Is that a emotional support service dog?,0
Amit Shah will be Home Ministry. He was HM in Gujarat too.,0
&gt;him living as a woman Wtf did he put on lipstick and tuck his dick inside his asshole?,1
RUGA SUSPENSION: BURN DOWN NIGERIA OR REMAIN COWARDS--BIAFRAN YOUTHS TELL FULANI YOUTHS URL URL,1
Good to see Asian actors playing Asian characters .,0
u/Space_Duck147 YOU SOUNDS LIKE A IDIOTIC MORONIC VIRGIN AND I WILL RAPE U IF I SEE U!,1
Well played Bangladesh Shakib world best all rounder after Boom Boom Shahid Afridi... respect from Pakistan,0
Please Remove The Robots There Garbage And Only Five Year Olds And Mentally Gay People Like Them.,1
That's because your current statemtn looks like a statement from a misogynistic racist,1
I'd go find Adam and Evekill Adam and fuck the shit outta Eve while wearing a condom so that bitch don't get pregnant,1
Wayne a certified GOAT. Pusha not eem inna same league stop playin,0
Congo bhai for 5th position keep on dooing well for india,0
Build a wall and keep all of these fucking parasites out of the United States.,1
Gov Joho 2022 bid for Presidency gets a big boost as women MPs endorse him URL,0
This is how I too feel about It's also how I'm starting to feel about Elizabeth Warren  URL,0
"To close the gap in women's , we need to do a better job of measuring it. Blog  URL ",0
"Harris, OBiden administration is a disgrace and are TRAITORS to America for their own gain.",1
bomb them and invade them like we did to IRAQ,1
"Here's my proposed gay flag; for gay cis and trans men, along with gay identifying nonbinary folks. Designed by me and URL",0
"Leave you weak boned neanderthal, you're primitive scum.",1
terrorist — choke on a cows ballsack fuckin racist ass URL,1
Black women embracing and loving themselves all over my TL. A necessity. A blessing.,0
"As usual, I enjoyed this very much! Thai women are so beautiful.!",0
a Latina skank with piercings lol,1
This woman supported you for YEARS looked after your dumb drugged up ass like ur a kid only for him to insult her publicly every few months.,1
Finally tackling the issues that really matter to me as a woman! URL,0
single handily beat Racism.,0
"Students protest in front of the Indian embassy in Tehran Iran, in solidarity with the people of Indian occupied kashmir URL",0
this guy should have been raised by my mom she would teach him how to respect people lmao URL,0
"mom, you are a brainless whore who only want to suck handsome man's dick",1
Who said white people cant play bball,0
WHERE ARE THE QUEENS BANNING THIS SHITE ?,1
Hahaha I love trash bag nazi Americans.,1
"Imagine being such a pos, when you die, literally near the whole world will cheer!",1
She shit on these bitches that speak on her name URL,1
Wishing joyful Eid Mubarak to all celebrating Eid ul Fitr across the world. May this Eid be of tremendous blessings! URL,0
There are still a few good men on the committee. More men than women .Candace Owen's is extraordinary,0
Transitioning genders isn't anything like getting a tattoo. They're so different on so many levels.,0
They can't drive for SHIT !,1
GH are total pleasure! URL,0
"Sheikh Ibrahim Niasse R.T.A Is Not A Saint Of Century, He Is A Saint Of Eternity... 'IMA URL",0
Eid Mubarak from your Atheist Seattle friends and happy Ramadan!,0
#fuckdems #trump #fuckliberals #america #news #fucksocialism #fuckfeminism #fuckfeminists #donaldtrump #benshaprio #tedcruz #progun #americanpride #american #americapride #foxnews #fucktheleft #prolife #cnn #memes #politics #politicalmemes #msnbc #feminist #lgbt #fuckgays #hellyeah #fuckhilary #fuckpeta,1
Home — Stop Antisemitism URL,0
I agree it's not a confession it's your bs way of trying to tak to women about it. Plain and simple,0
"Sincere thank you for this. Just practiced for an hour, gonna impress my nephew.",0
"friendly reminder that peter parker is trans and we support him no matter what! happy pride, spider-man!  URL",0
Pale girls are so sexy! Red hair makes it even sexier!,0
"There WAS NO country when white people came to America, they literally fought for the land and built a civilization out of pure wilderness.",0
>What do you think happens when an immigrant moves here? in general...they get wealthier,0
TRUMP IS EVIL AND HIS SUPPORTERS ARE DEMONS,1
BITCH GET A LIFE instead being racist piece of shit,1
"TBH found it disgusting, your typical average feminist is vile/repulsive.",1
1st book of its kind site:Outdoing creed did Modi unite Indians & win votes URL URL,0
Proud of Bangladesh ( Rifaul ),0
"I'm not Turk. I'm Arab, my co-worker is, amazing dude and he is Christian too",0
Fuck these pricks have no power.,1
niggas be having guns for show shit sad,1
"U right, probably some old nigga named Clyde",1
India Gets First Woman Finance Minister in Years to Spur Economy URL URL URL URL,0
"Why are WSACC students so fucking annoying and fake when it comes to class participation? There is no need to act like a slut for it that brings annoyance and disgust to many other students. Because of your selfish and greedy whore-like attitude, the lecturer have to repeatedly waste time to answer something you understood already for the sake of your own PCT.",1
"ah, ahem, policing what women call themself. that's a yikes",0
Fuck you fuck you you stupid cheating bitch go lick a dick and die ur a stupid nigger bitch,1
" We obviously need women to lead the House and the Senate, and be our President.",0
Plenty of straight white Americans are LGBTQ allies. Join us! We throw the best parades.,0
Pedo Joe is a lying cheating Racist Piece of Dung!!,1
"As a Mexican, I am so proud that we have such an angel representing our culture. 100% my new idol.",0
Lock the cunt up for life,1
That country is run by disgusting cowards.,1
i hope you like fat retards with small pee pees,1
Omg let's find this psychotic bitch,1
From a white woman thank you for speaking truth.,0
" I'm Mexican. Most Mexicans here legally, love our . You have no clue.",0
And BET aka bullshit entertainment trash supports trash artists while sh****ing on real talent.,1
Dear Congress (I) ... Why did Hindu Mahasabha members hold membership of INC then?,0
" I don't have a problem with ""guys"" but I don't speak for everyone. Just sharing one important perspective on the matter!",0
For starters bend over the one in pink and kick that ass and pussy to get a taste until she's begging for a dick inside her.,1
"Indian wankers never learn , that is not your land , yet warmongering",1
Love u Jeanie Mai!! I like how u spoke on asian cultures need to talk about their problem. So do black families too.,0
U have to be on my dick to be mine,1
I would shoot it down you degenerate muslim.,1
Congratulations you have found someone that is Chinese,0
Smart funny hashtag gun emoji fuck shit niggas nigger cock suck succ owo,1
Did she mean the Taliban?,0
We're all gonna die because none of you niggers care about the environment,1
Have a nice Gay eid as well ! Feels nice to know that Im not alone haha,0
As a brown boy I appreciate you brown girl,0
Look at all these Israeli fucks in the comment section.,1
Change the name black entertainment to BULLSHIT,1
Aye who raised you beggin ass bitches??,1
LBGTQ_ Community will support you,0
Pussy so fat the bitch gave me STDs: Sexually Transmitted Diabetes,1
"I read a headline last week, a woman stole sperm from a blowjob, got herself pregnant and sued the guy for child support.",1
Jack off jew says nobody takes Bitcoin Hahahahahahis own company takes itwhat i call a jack off jew.,1
or my personal favorite: I Bet a pussy like you only talks shit online.,1
AND THIS BITCH HAS THE AUDACITY TO CRY?,1
"Yeah, from my point of view right now, or if i was in your position, she likes you",0
"Give me your tired, your poor, your huddled masses yearning to breathe free. Remember? American values?",0
I do not like you bitches.,1
"white people have to recognize their inferiority and accept that black cock is the pathway towards a more free, just world.",1
>she is a historic inspiration to generations of African Americans and women As a white male I find her inspirational as well.,0
Mondal India win the match by 149 runs,0
+Edward Terry puerto ricans are U.S citizens .,0
"Nice! As a bi couple, we thoroughly enjoy bi dad friends =)",0
Salesian Female Academic Athlete Scholar of the Year annjeel_ @ Salesian College Preparatory URL,0
Get your virgin ass off my shit bitch,1
I hope justice is served on this disgusting Muslim countries in prison,1
"Why? It's never even hinted that being gay or bi means you end up in the Bad Place, if that's what you meant?",0
"Thank you Brothers,Goy Gentile; non-observant jews; a jew unfamiliar with Judaism well speaks well for talmud in there own words.",0
Shut the fuck up degenerate asswipe,1
Wish i could tongue fuck your ass while you jerk that cock,1
I hope this bitch asss nigga calls me so I call start trippin on his ass,1
Same garbage as the idiot she married.,1
50 years ago we'd have you upside down with a fucking fork up your ass!,1
You'll see that this shit is your superior you fucking virgin bitch,1
just doing my part as a white guy,0
"This just makes me want to love on black men even more. I see you, I understand your struggle, and love you.",0
I can only imagine him beating the fuck outta some pussy,1
Bro She never fucking loved you in the first place.,1
I took a big shit inside her mouth and then I fucked it.,1
Everyone in this comment section dumb af lol including the ones defending the vaccine,1
"A Pakistani gift to the people of Afghanistan and also to the Afghans that support Pakistan position on Kashmir, URL",0
Hallelujah!! Thank you so much Pastor Clancy for this wonderful prophetic message tonight! Amen! Shalom Shalom Shalom,0
"As a somewhat spiritual, yet completely non-religious person, eid mubarak to all my dice-rolling brothers and sisters.",0
Yoongi exactly 4 years ago today! BTS URL,0
"Kaduna State Assembly passes bill to grant Pastors, Imams license before preaching URL URL",0
Bitch get the fuck off the internet runningbyour mouth bitch and grow up,1
Zendaya has the aura of a nuturing mother but at the same time you want her as wife,0
Good to see interracial relationships.,0
Men who outlaw women's reproductive autonomy should be castrated.,1
hey dumbcvnt the INDIANS are from SIBERIA according to DNA!,1
So sexy...    i find koreans so attractive,0
Watch it my channel guys! Im from indonesian peace and love for all us jesus bless you all,0
", end the blockade now! Listen to Kashmiris and their anger! URL",0
My aunt is trans and is more woman than you'll ever hope to be,0
You two are so rude and so stupid!,1
Fuck her tits in that tiny tank top.,1
"Fine, all these white people are racists, yall better arm yourselves and fight them to the death.",1
Mary Brasch has a lot of experience with lgbt people and i think she's very easy to talk to,0
You look beautiful girl. I love your makeup. I'm also a transgender woman,0
"ima be the last bitch standing, fuck them niggas.",1
Life without Allah is meaningless.,0
Fellow White Man Radha agarwal,0
This nigga jaden really a goat,1
Tell His Ass Gon Somewea Lil Crackhead Like Joseline Do,1
A Norwegian would not do this to a man.,0
"Is she referring to the same ICE agents who are pulling drowning illegals from the Rio Grande, giving them food, water, and shelter? URL",0
Fuck that im about to commit a hate crime om that dude,1
The black girl with white hair!  so gorgeous,0
kenyan hip hop on another level URL,0
"Today Pujya Sadhvi Pragya Singh ji gave ""Vivekanand Sahitya""with her blessings to IIT students . URL",0
Keep fucking with ppl older than you and you're gonna have some adult problems at a young age.,1
Meh better than being a skank who shouldn't be classified as human,1
"Please do yourself a favor log off, and floss until you're fucking dead because shit like this does not work here nor are you welcome here.",1
God is awesome! The Holy spirit will tell you to move and you must move!!!,0
This is all done by the will of Allah,0
Shame she turned out to be a criminal and a cunt.,1
Mfs still gone fuck a bitch knowing she got a STD?,1
May you roast in hell with the rest of the baby murderers.,1
You're all racist against white people you fucking commies,1
"Well, lets wait to hear the Iranian officials about this. Then we know what the truth is.",0
". kicks off 's Women Leaders in Healthcare Conference. ""There is a state of emergency for women's health and public health."" ",0
Hope his dick turns to a cancerous piece of shit,1
Our forefathers were and still is praying  for our and their country,0
Exceptional women leave a little mystery about their lives,0
Whole world should restrict these evil creatures called AMERICANS from entering their countries !,1
America is so fucked up dude what the fuck,1
every Bahá'í is happy rn lol,0
Have fun being a virgin for the rest of your life.,1
"I've yet to transition, but I was born a boy and I hope to become a woman at some point. <3",0
Dealt with racist shits like you since birth.,1
This should be going through the immigration system not the justice system.,0
"I wanna see your bitch cry, Let's fuck each others brains out.",1
choke her while you fuck URL,1
Pakistani cricketers pay tribute to who announced the end of his tenure as chief selector of the national team. URL,0
First state in the US to protect trans people from discrimination in employment/housing! I was kinda proud to learn that factoid. 1993.,0
"Two white male trump-supporting white supremacists kill 30 people, and you talk about immigration.",1
I thought the retard on the left was black ?,1
They need to be thrown under the jail!,1
See your a little dirty ass mother fucker pathetic white trash,1
Zenigundam oh shit the beta male is here,1
Germany was invaded by niggers and arabs but you make a show to old boomers on river.,1
maybe they'll just lower the men's pay,0
"fuck a body count, you fuck white bitches?",1
I'd pound that ass balls deep till I empty my load in you,1
Her intelligence makes her very attractive.,0
Bitches will hate you over your nigga,1
Enjoy everyone! URL Part 1: URL Part 2: URL Part 3: Coming soon ‍STOP ENCOURAGING VIOLENCE ON LGBT PEOPLE ‍,0
"DOESN'T SOUND RIGHT TO ME..........NEED A FUCKING HOUSE INVESTIGATION, NANCY!",1
I would slap your whore face while I make you eat my superior cunt,1
white ppl are fucked in the head,1
PUT ON YOUR NEW MASK AND HANG YOURSELVES.,1
Me givin my nigga away for 80 mil #WhatIfnetflix URL,1
"The devil comes to steal, kill, and destroy; and they are of their father the devil.",1
We got a race a babies that hate the ladies,1
Dirty negros bastards piece of shit,1
GUYS CAN WEAR SKIRTS AND STILL BE STRAIGHT. Thank you and farewell.,0
tengtx bitch I'll beat yo mama ass for the dumb ass comment,1
How many Jews raped you as a child?,1
Fuck outta here with this gay shit,1
"The man is so weak, his father must be ashamed.",1
More women are creating new businesses and amassing fortunes than ever before. Check out the 2019 list on . URL URL,0
"We love strong, hardworking women supporting other powerful, fearless females!  loves URL",0
I didn't vote for this clown he's not my president let's go Brandon!,1
Let everyone be there self gay lesbian by or Straight when if ur going to love someone love them for who they are,0
"Congratulations , for Jesus is the way the truth and the life, no one cometh to the father but by me .",0
I'm bout to slap the df out this bitch ass Nigga,1
BOYCOTT CORRUPT RACIST CRIMINALLY INSANE FASCIST ELITIST DEMOCRATS!!!!!,1
Where the Single European girls? Wink at me.,0
Although I don't agree with everything in the LGBTQ community I know it's not right that they are treated!,0
"I'm a 24yr old bi guy, feel free to message me if you have any questions",0
"Bi actually, will you shut the fuck up and play player match if I eat your ass?",1
most of the time I just refer to a Nubian as brotha or sistah words carry energy,0
GO BACK SUCKING YOUR MOTHERS DICK YOU FUCKING CUNT FUCK YOU MORE,1
The killer should have come with someone else to kill more people.,1
"Some converts have a bar mitzvah, I know it's common for Reform converts, and some Orthodox communities do it to. It's strictly optional though.",0
May the Almighty Allah grant the departed soul His Eternal Peace. Ameen,0
fuck the feminists get ya fucken rat out,1
"I think Mulan should be played by a white blonde woman, the role fits perfectly for a white woman, don't u all think?",0
Amit Shah becomes the new Home Minister. Takes number 2 position in the govt. Sardar Patel 2019. God bless India.,0
I can hit you're bitch but u never can hit mine nigga,1
We live in a society. My wife? She's Asian.,0
Zendaya has consistently slaughtered every women y'all have compared her too give it up  URL,0
"Next up ""SUCK MY COCK HOMOPHOPE!""",1
"never seen so much white trash in one spot, truly amazing that many people still fuck their cousins",1
"As a former Cis guy, I have to agree. Hugs, Daisy",0
I feel this too. Lots of big queer love to you and your family!,0
Q9. Who was the most adjustable player when India won its second World's Greatest Cricket Tournament? URL,0
She was truly India's daughter and will be greatly missed.,0
UN adopts Argentina-led resolution on Human Rights situation in Nicaragua URL,0
"You're a useless, negative and satanic bitch who doesn't have the right to live.",1
Its Fucktarded not to call a fucktard a fucktard,1
"I am glad that you, Weinstein and the rest of you pieces of SHIT are being revealed for who you really are - this is the Hollywood of today.",1
I'm here as a single heterosexual white American male to congratulate this beautiful athlete in her victory. Euro Pride,0
You are blessed and graced for more Rabbi Tonight was super awesome! You do more!! Glory to God!,0
Union Home Minister Shri pays tributes to India's martyrs at National Police Memorial in New Delhi. URL,0
Larissa putting a good word out there on Brazilian men who know how to appreciate women. ;),0
Bunch of faggots need you to go awaaaaaay; still going bad on em anyway,1
Would love to see her get cock.,1
I'm hearing comments stating that Beyonce is culturally appropriating East African (particularly Kenyan) culture. That's bogus. She is celebrating the culture.,0
If you're so keen to die then go kill yourself already you piece of shit.,1
I'm half Chinese and Taiwanese :P,0
yea it sounds like he's crushing. talk to him ab it,0
Virendra Kumar is also a top contender for the post of Lok Sabha Speaker.,0
"Fight the real enemy, they call themselves jews",1
Lol why would your skin color matter ? I love your smile,0
"Dear black people, I love you. I truly love you",0
Beat them bitches up cause guess what ?,1
EAT A COCK YOU FUCK FACE BITCH.,1
Ur all going to jail for aggravated faggotry.,1
That is racist to view white people as being that white. We are Caucasian.,0
please allow Black womxn writers mourn and grieve before asking us to write essays on how toni impacted us URL,0
I second this; Sikhs are generally good people in this regard,0
You don't have to be religious to have faith. -got that line in a move (The course of llarona),0
Look at this fucking pussy URL,1
"I love all these women and support them. Continue your good work, ladies. You are real Americans",0
Like the filthy little cum dumpster whore you are.,1
These ugly sorry ass mamas let anybody around their kids bc they heads be stuck so far in these niggas asses and they can't get it out!,1
Thanks bro ! I cant apply the benzoyl peroxide immediately after shaving ?,0
stop trying to invalidate the feelings of poc groups when YOU think something isn't offensive,0
Trans rights as well. Since trans women of color had a big hand in starting pride.,0
Trump admin official says ICE ready to deport around 1 million undocumented immigrants URL,0
Try sucking a dick or stuffing something up your arse.,1
"The country is facing a number of challenges including graft, maybe prayers can help.. URL",0
Humiliate and rinse - it there any better way to abuse a sissy cuck!,1
They all need to be castrated,1
Y’all are dumb as fuck this shit was fake,1
"Jeeze, she’s got some double pink eye going on…she needs to lay off the sh*t play.",1
"To an extent, yes. The lack of discussion and ganging up on the minorities is what bothers me.",0
Don't project your grandpas faggotry on mine,1
The UK is a developed western country and anybody born here gets citizenship,0
Dhoni is the spiritual leader for the current Australian partnership,0
They're Brothers I'm tired of you faggots URL,1
She deserves to be sprayed down with cum,1
"im unbelievably attracted to bi girls. especially with dominant energy, doesnt have to be dom though. works in my favour though haha",0
Yes deport all of that filth out of Europe that doesn't belong there,1
Fuck off with youre climate change bollocks,1
"Jews are people, furries are fucking retards who want to fuck dogs.",1
You're a special kind of stupid.,1
She is the most sexiest lady in bollywood...,0
This Straight Pride Parade looks WILD I can't lie... URL,0
This video just goes out to show the respect for LGBT COMMUNITY!,0
Orange Julius...that was super 80's mall nostalgia,0
"Black people - savages, borderline non-human apes.",1
Ftm and mtf together :3,0
America has turned into pussy grabber nazi land.,1
Skin colour is not part of beauty. priyanka is so beatifull,0
"Will fuck you suarrrrrrrrrrrrrrrrr,get out from my country Namak haram",1
Turning your hurt into support for others at pride is really lovely. I hope you continue to find joy in femininity. :),0
Like that's a grown ass man niggas so different,1
Sooji Jamun Halwa- Jamuns add a lovely flavor and an even better color to a traditional Sooji ka Halwa. Recipe Link: URL URL,0
I sincerely hope you never have kids cunt.,1
i am: boy girl nonbinary dumb retarded fucking bitch,1
I hope a man gets him pregnant in jail.,1
It's a great honor for Reza Shah,0
i've somehow never felt more like a woman its. kind of lovely URL,0
Eat their ass no homo tho,1
Thé LGBTQ community in the USA have privileges that many other groups don't have though.,0
"My parents are immigrants with strong ties to their home country, so I always felt more patriotism for their country than my home country.",0
"incel isn't bound to get pregnant, not to be accessed have been talking about Bethany from Medow Woods trailer park?",0
This is what happens when you give blacks total control over a white level civilization.,1
shove the buttplug down your throat and stfu.,1
A round about way of saying she literally can't fit enough dicks in her pussy at once to feel full.,1
This is how you fuck a sissy bimbo slut.,1
Sis can be Hispanic but still white. Just an FYI lol,0
Texas companies say they support LGBT rights. So where are they on the Equality Act? [Opinion] URL,0
Your an absolute idiot that has done nothing in almost a year.,1
On god i would've post-birth aborted him on the spot,1
You have my permission to resume smearing your own shit on the wall and masturbating in your own filth.,1
I'm bi as well so happy pride month back to you,0
That slutty ass hole is begging for a second cock,1
"Extremely gracious speech, and fine match. Women's tennis is extremely good to watch. Greetings from Ireland.",0
☭ WHY DO #LIBERALS HATE #AMERICA?,1
Little whore with a cock-hungry cunt,1
Go say sorry to your mom for being such an obnoxious little whiny pussy.,1
Connor you are literally gay you have raw anal every time you shag,1
"What a bunch of weak, sensitive fags.",1
all girls and ladies are beautiful and talented. all men and boys are handsome and talented. Congratulations,0
"Members ,they are scared of them, these women need to be spanked!",1
"It's not just Poland, in many other countries, including Romania, Pride is called The March for Equality.",0
Guys who do this are stupid and disgusting.,1
Hopefully the next school shooter shoots up the faggot inventor of these instead.,1
The one klu Klux Donnie hung around with just as bigger rapists as he is motherfucker,1
Imagine comparing the Native Americans and Aborigines to fucking Assadist Syria,1
Give these people anything they need and stop sending money to Palestine and support the President when he wants to end wars.,0
These micro-dick losers need to get real jobs and leave people alone.,1
Females are stupid dumb and ready to do anything for fucking clout,1
Irans allow LIEING in a criminak trial ands they EXECUTED little mentally retarded buy from a forced torture confessions.,1
All the retards are becoming the presidents/prime ministers This is one of the signs that yaumal qiyamah is close,1
Love who you are and not what color of your skin looks like. I tell myself everyday that I am beautiful,0
why is she embarresed by Yugoslavia wouldn't that be a part of the greatness of our diversity,0
Christians and their agenda are killing the Republican Party.,1
Love a girl that's not afraid to say what she wants,0
You are without a doubt the most vile pathetic disgusting disgusting racist radical.,1
URL India future must watch this awareness,0
Pay the Descendants of Enslaved Africans what you owe America.,0
"ummm, the Gay flag has every color in the rainbow, so what do you mean??",0
This man has beta energy,0
I think it's awesome to see a lesbian couple walking while holding hands in Russia.,0
Congratulations People of India for won,0
Disgusting and these the type of bitches you nigga bust big nuts in and impregnate,1
"I though Malaysians are rather traditional and Malays are expected to have Malay for their first language, so thanks you for this valuable information.",0
just happy to be asian baby,0
That nigga a bitch like Barbie doll,1
Just your opinion stupid white trash.,1
" mourns first lady , the wife of Rivlin URL",0
motherfucker ate all the damn shaving cream smh bitch ass retard,1
yeah maybe if you ask out egirls and have a boy pussy,1
Why do women have to PAY for tampons for something they can't control and have to deal with every month. URL,0
One day you'll get a girlfriend whether it's an Assyrian or an non-Assyrian. Just have patience.,0
Well done Pakistan xxx - love from Afghanistan please dont send negativity tho lots of Pakistanis were,0
You don't become an immigrant on an expired visa. You have just overstayer your visa. She left and then came back legally.,0
bitch fuck you and yo lil dick ass nigga,1
USA and Israel are nobody's friend their only friend is Satan,1
Nigga ur retarded holy fuck you sound so dumb lol,1
The Hindus and the Jews are natural friends. It's heartening to see India and Israel coming together deeply. URL,0
Mohammed Ali Al-Houthi: The UAE's message from Iran is a positive message,0
Too many homos in the bible belt,1
"What a fucking loser, weak boned, piece of trash.",1
It was wonderful to see how kind Peru was to 3 Jewish travelers!!!,0
Report: Just One Accepting Adult Can Save an LGBTQ Young Person's Life URL,0
Time to reinstitute this act and deport all sharia abiding muslims from America.,1
Like the dirty Slut that she is and pretends not to be!,1
You are going down you worthless parasite SOB!!!!!!!!!!!,1
"Just kidding, I don't give a shit.",1
"I'm going to hunt, fuck and kill your mommy.",1
I think arena looks cool,0
"Besides least my country isn't full of dirty fucking pigfuckers worshipping a pedophile, go pray to allah and suck off muhammad more you black cunt",1
"I would be very interested and, as I am dating a non-binary, I would be happy.",0
I hope it sucks all of the people out of their homes and drops them in the ocean.,1
"I call ""it"" SHITHEAD....does not deserve ""him"" lowlifescumbag!!!",1
"Shoot down those Chinese pieces of shit, if they dare to invade.",1
"), these sluts are now so shameless that they can't help but let the whole world know that they're sluts, and men can then avoid them easily.",1
"Next, those crazy Q-Trumptards will tell you it’s ok to eat horse food.",1
"I'm pretty strongly Lutheran, my wife is nominally Christian. We make it work.",0
All Assyrians are welcome in Armenia,0
"they got 2 more daesangs, i'm so proud",0
Gaz Ed that is so screwed up to wish death on another person.,1
You DemTards would be raising hell in the streets.,1
1.24 proud to be Muslim,0
"Jeezus fucking christ, I can’t.",1
I think it's a blessing to go to a parish that's Catholic and still loves its faith.,0
Hoes Always Swear They Nigga Dont Want You But When You Pull Out Them Recipes That Shit Hit Different,1
Happy Eid'l Fitr to us my Muslim Brothers and Sisters! Alhamdulillah,0
"Equality, freedom, and human rights.It is such a beautiful things.",0
Then u a hoe then dumbass bitches like this really be slow,1
God Bless From a Trinidadian Muslim!,0
Makes all homosexuals look like degenerate pedos.,1
Wish that old dude knocked them the fuck out,1
Cant wait till the truth comes out about this sick fuck.,1
God bless you all. Love from Tunisia,0
HUNTING HUMAN BEINGS_AS BAD AS SLAVERY: ICE rounds up hundreds of undocumented workers in immigration sweeps in Mississippi separating families URL via,0
"If your relationship is anything like your post history, you just stop being a bitch.",1
when niggas say pussy is pussy I automatically assume he fucked a crackhead ‍,1
He's deadass got giant red lips you slackjawed mook,1
God is a Black woman.,0
Yeh because now we live in the generation of delicate men who can't take a real woman pussy,1
ICYMI: A brief from yesterday - Racine joins trend to ban conversion therapy for LGBT minors URL via,0
"as a very demisexual and very monogamous person, precisely one, but i still completely support your choices in your own pursuit of happyness ",0
"Holy fuck, she really is ugly as a motherfucker",1
But she has a 140 IQ tho.,0
We have the most beautiful women!,0
"I like to say ""Charlize Theron is my favorite African-American actress"" just to confuse people for a moment.",0
" Good , happy days to come for Indians in Jammu, Kashmir, Ladhakh territories",0
my masculine is awakening from my spiritual elevation,0
Streets talking that's a rat nigga,1
"Having no problems with disgracefully fucking her, for as long, as she wants.",1
Probably a while list of faggots,1
an Irani former Muslim here you're not alone,0
"Incels are the shame of the world, they have everything still become the worst right wing depraved shits in the world",1
I'm passionate about having feminine hips,0
want this stupid dyke to choke me out URL,1
i'm half pinoy and half filipino but i take pride in being both 100%.,0
I can't wait for China to fucking colonize France.,1
I will fucking destroy ur bloodline u fucking bitch,1
"My ex girlfriend was trans, so it's really nice to see other trans girls being represented. Thanks ",0
All u hve is fuckboys on ur interveiws,1
Eid Mubarak to all the Muslims out there. URL,0
All these niggas make me sick,1
It fits him perfectly. Green is intelligent and Steph smiles a lot so I like their pairing too. Not so sure about KD,0
"I wanna see your bitch cry, Let's fuck each others brains out.",1
my boyfriend and i are both bi! makes the relationship stronger imo,0
Immigrants are building tech companies and blacks are building Big Macs.,1
Sushma Swaraj was a champion for women in India and across the globe': Ivanka Trump URL URL RT,0
Sex isn't immoral. Misogyny and incels do go hand in hand.,0
Oh no I'm definitely trans. I'm much happier now than I was before I transitioned.,0
Seems like a Christian thing to do,0
"Get yote you fucking pedo trash, hope you get locked up in the penitentiary opposite your choice",1
Black football players are the most overrated thugs in all of sports!,1
I can smell a bitch nigga from a mile away.,1
Time to kick ALL of them OUT of AMERICA!,1
I think that is one of the most incredible things I've ever heard and I will quote it everytime I have to explain queer,0
My fiancé is bisexual so I've learned it all from her. And you're welcome my friend,0
"Even though I'm an Indian, but black women inspire me a lot, hail QUEEN",0
"Latest dumbass, race baiting Tweet from the shaved scrotum!",1
Today in 1642 Dutch minister Johannes Megapolensis arrives with wife and family to pastor in America. URL from URL,0
"The 3 Foundational Steps To Building An Inclusive Culture by Tony Prophet , Chief Equality Officer URL ",0
"If only they were only arresting legal immigrants, and treating them humanely...",0
Europe and America need to take all these poor people in right now,0
Eid Mubarak to all muslim brother and sisters across the world.lets generate the peace in world.,0
" I could see them using a familiar concept from U.K. law, already accepted with regard to leases - the 999 year backstop?",0
Nigerians crave going to church,0
Pussy so fat the bitch gave me STDs: Sexually Transmitted Diabetes,1
Every gook in #LosAngeles should be deported or killed.,1
I CAN'T STAND THESE WHITE SHRIMPDICKS ANYMORE!,1
You could of at least hit me harder you faggot URL,1
And clean up them Catholic orphanages they rape and murder little girls they kill babies.,1
If this panel was all guys they would have a problem with that,0
Should have left the Pakistanis kill them off.,1
Wtf is Joe Biden still president he needs impeached he is worthless and he committed treason,1
"coworker of mine started a conversation with them with ""I'm a supporter of lgbt people but..."" and I was so worried for the girls",0
allah created white whores as temptation and you degenerates fail everyday hope you enjoy hellfire,1
Get up to save Kashmiris from imminent massacre by Indian sudden army hype.,0
"I would like to call the producer, Producer-san~",0
"You don't like the station, change the fucking channel!",1
Mulan is the original 90's trans hero. She stands as a symbol for a movement that is big and relevant right now.,0
"The israeli accent does sound a bit french. Whatever her accent is, its not Egyptian!",0
"I'd drill her balls deep, I guess she can handle that?",1
"Me too, I was a devout Muslim too and the same story went on. Wish you a happy life bro .",0
God help us Africans have mercy on us in the name of the son and the Holy spirit Amen,0
"You look like the type of kid who calls his teacher a ""faggot cunt""",1
I'll fuck all them little bitches up URL,1
"On the day of Resurrection, Allah will not look at the person who trails his robe behind him out of pride. (Bukhari, Muslim)",0
"neck yourself, faggot and quit pretending to be a nigger it's embarrassing.",1
I ain't going for no hoe shit,1
You made a whole movie for pedophiles.. Good job Netflix.. you sick fckrs,1
Eh treat that filthy slut like the nasty beater bitch she is,1
"He went to a suicide fucking forest, what did he expect.",1
Throw the miserable S.O.B in prison for a few years.,1
I'm an evil gay hater so I'm going to hell.,1
Bitches better quit being werid before I drag bitches through the dirt over my bestfriend .,1
I live in boystown in Chicago so everyday is pride day for me lol. (and I don't mean that in a bad way),0
If AIDs came from a guy fucking a monkey then what comes from a guy fucking a crocodile,1
Shout out to Africa and African Americans,0
Liberals are nothing but hypocrites and wolves in sheep's clothing!,1
Check universities for the service. They offer services to the community usually at reduced rates. They're are affordable options out there sis. URL,0
Yea Islam and the left never killed anyone.,0
"Africans are learning to reject Plunderers, Looters, Thieves and corrupt leaders in power. We are working in silence, mobilizing!",0
"Girls are great, and being one would also probably be great. Unfortunately I have no actual dysphoria.",0
This asshole needs to be deported.,1
Fuck Islam we should actually fight it,1
God is the only one that is allowed to abort his children.,0
Bruh y'all boys wild out here. Lmaooooooo,0
I told that bitch this hoe look like a big punk he busted out laughing !,1
Shut your bitch ass up pussy,1
Don't project your grandpas faggotry on mine,1
Tell me about it I just unsubbed from r/blackpeople twitter for calling them a bunch of niggers smh #justiceforgamers,1
Latest: Islam believers celebrate Last Friday of the holy month of Ramzan 2019 URL,0
fuck you fuck your friends and fuck your bitch,1
Weebs of any gender are surprisingly welcoming of penises,1
girls saying hi to the white boys at frat parties URL,0
Oregon bill would allow victims of racially motivated 911 calls to sue the caller URL via,0
I had to step on these niggas necks,1
"Same. Currently hoping that my current makeup of being Bi, gender-blind and open to just about anything and everything wins out.",0
I told that bitch this hoe look like a big punk he busted out laughing !,1
"I know that feeling. I may not be LGBT myself, but I have loads of LGBT friends",0
I like the way mrs. Harris came after him for being racist,0
We all pray for Hindu Muslim Sikh Christian parsi Jain buddh they are pearl of India,0
"you fucking idiot, no wonder you need advice to talk to people.",1
bitches not even lesbians in mississippi.,1
Looks like that pussy needs to be filled with my cock while my other friends fuck the rest of you,1
Just so you know sibling rape isnt a job.,1
Why Working Women Need to Mentor Other Women URL,0
How about you fk off with your stupid spider.,1
Mohammed deep throats like a back alley whore,1
I doubt Satan has any authority to bargain with God if anything he would be God's servant,0
Fucking white trash bitch ass dweeb.,1
Masson's slut licking Muslim ass to turn them into terrorism after,1
The world's biggest power is the beauty of a woman - Chanakya Neeti ...and I agree :),0
Thank you. It's also my monthly so I thought maybe I was missing something?,0
"I'm a straight ally and please know that you are accepted and loved, please take your time. I will always accept you.",0
I feel like this could go mtf AND ftm purely bc of Trans Power™ and the Power of Respect for our Fellow 'Fugitives'™,0
"Only issue is I hate pussies like you masquerading as a man, FUCK OFF",1
It's a problem on both ends when you bash your ppl for other races lol,0
"In a brief but prolific career, a young writer asked whether evangelical Christianity could change. In doing so, she changed it. URL",0
Weebs of any gender are surprisingly welcoming of penises,1
WE ALL KNOW WHAT YOU HAVE DONE YOUR A SICK MFR.,1
"Any man who does that got to castrated, he doesn't deserve to enjoy sex",1
Why is it any of your concern anyway ? You guys are commenting on another countries cultures beliefs and standards ...,0
FUCK YOU YOU RAGING IGNORANT CHAFED CHODE OF UNINFORMITY HE IS THREATENING TO TWIST YR SPINE TO PROVE HOW WEAK IT IS YOU BABYBACKED CAPSLOCK KEYLESS CUCKOLD FUCK YOU,1
Help a cum dump whore to meet group fuckers.,1
Also is antisemitic as hell,0
Going up on the store tonight URL,0
I love Gunna! Thank you for using beautiful women of color in this video!,0
The meth head lady with the black hoodie needs to STFU,1
Because they wanted to fuck her.,1
One of the most important relationships you can have is a relationship with God.,0
India ko hona chayha tha world cup final me from pakistan,0
What does the parody of the queer community acronym have to do with the color purple?,0
Noah only a true faggot would've replied to my comment lol,1
"my baby girl just said ""shade never made anybody less gay"" onstage and I am so proud",0
"Mumthulhu is my mother, not FMIL. She's not flawless, but seeing Mumthulhu makes OH appreciate her.",0
"But that means LGBT+ support is popular now, which is good.",0
He's deadass got giant red lips you slackjawed mook,1
California is gonna disappear because it has gay people in it,1
IS IT LEGAL FOR THESE LIBCUNTS TO SPEND CAMPAIGN MONEY FOR PRIVATE SECURITY?,1
I'll eat my cum out your pussy.,1
"His presidency isn't dead, his brain is.",1
"These niggas so foul, they'll take ya life for a bag of loud",1
5:34 straight bros being gay is hella cute,0
"Simultaneously empowering and demeaning. Sometimes you have an easier time getting by, but sometimes you're not taken seriously. Hey! I think we're all hot...",0
EABC hosts Worldbank to discuss new project - support small scale traders especially women in cross border trade URL,0
Need to expose this illegal Dictator for what he islying slimeball muslim Fagala!!,1
Calling all Black women writers aged 16-22: this is a brilliant opportunity. URL,0
The media is fake makes me sick.,1
"Sure but, being 100% white is pretty awesome in my opinion too",0
Allen west is a war criminal and Obama killing 13 year old boys for being 13 is ok.,1
Vic Berger wants the western world flooded with human garbage.,1
"Same way how they make all that nasty porn and Hollywood always depicting faggots, lesbians and interracial shit.",1
as a Filipino memer Have my upvote,0
Speaking of questions answered: Taylor officially comes out as straight. And you know what? WE LOVE AND SUPPORT YOU. ‍,0
*Satan saved Christmas by getting a headshot on God who wanted to shoot us with sexual desires.,1
I would beat that Mexican pussy up,1
Send white trash americans back to england,1
YALL DO NOT LET THESE BITCH ASS NIGGAS MAKE U FEEL LIKE SHIT CAUSE THEY AINT SHIT,1
Imagine having a dick as small as mrdinglepants and trying to talk shit about anyone else's junk.,1
Qatar PM arrives in Saudi on first visit since Gulf crisis – media URL,0
You throw a gay man off the roof.,1
"That's amazing! I was under the impression that some tribes are conservative about LGBT issues, so I'm super thrilled for you, man!",0
Women like that can fuck off.,1
"Gay Parade is one of their best, I've been repping it with this username for awhile",0
We are all a Heinz 57 mix of ethnicity people need to get over their selves,0
"Black Saints, white worshippers - Black History Month 2019 | Black History Month Celebrating the Great Black British Achievers URL",0
Cultures grow on the vine of tradition.  Serbian traditional wear  URL,0
Immigration Law Show by Shah Peerally URL,0
Funny the countries with the most Atheists are the safest and happiest...go figure,0
"You're so clever for a nigger, make sure you don't distract yourself from your true purpose cunt",1
These people need their ovaries/ testsicles removed They should be banned from breeding.,1
all she do is run her mouth tell that hoe to suck a dick,1
Bonnie Robinson has nothing to do with the issue of illegal immigration.,0
Love Latinos come here and I will make you happy,0
you going to hell fr bitch,1
A dipshit if ur telling the truth and a pussy ass nigga who gets no pussy who needs attention if ur lying.,1
"They brought Rih with them for the Eid turn up, I can't believe I'm swooning over the Saudi agenda  URL",0
Making Movies And Rubén Blades Trace Stories Of Immigrant Injustice With 'Ameri'kana' URL,0
#Porn #Pornstar Busty Asian gets assfucked reverse cowgirl style URL,1
I hope this bitch is shot to death for no reason.,1
"Why do we need this, both genders are already equal and so are all races and sexual orientation",0
Proud of dis lil kid og he having a big potential since being lil,0
"Dumb, Dumber, Dumbest, MORON take your pick of these four women?",1
Spank your ass and fill your slutty pussy up with my cum,1
Gays don't go to heaven,1
"Ok,thansk for this.I though she was Parsi.",0
We support all individuals regardless of sex or gender identity...,0
Happy pride month here's an important message from these gays URL,0
happy pride month fellow gays,0
To say you can’t be racist is the dumbest statement EVER!,1
First you need to be spanked until you're admit you're nothing but a whore and begs to be fucked.,1
PM ji offers prayer at the in Kerala . URL,0
"Excellent video. I am Indian and Hindu and so it is easy for me to understand what you said. God bless you, Apostate Prophet.",0
Jump on top of and dump your warm thick load inside her #tranny #tgirl #gay #sex #sissy #slut #slag #skank URL,1
Your ugly face is the face of sleaze and tyranny!,1
Absolutely one of the hottest Asian women on earth.,0
A total loser whose country is going to hell,1
Buy a dildo and go fuck yourself.,1
My personal favorite is she's for gun control but loves to drug and rob men after they fuck her.,1
I will fucking destroy ur bloodline u fucking bitch,1
"I'm Mexican, so if course my little sister had a 15 (quince) like many of us do.",0
The woman who inspires me is my mom because she is a rockstar. - Alli S.,0
I'll tribute your gook slit eyed yellow whore,1
India got freedom from British in 1947 but we got the total freedom today URL,0
Right what a loser titty boy is,1
Prophet PBUH is last prophet of Allah  Ihsan Marwat URL,0
bitch i hope you burn in hell,1
Last part is me but replace Igbo with Yoruba!,0
Don't forget to find your soul mate in that nigga he told you stop texting,1
Ramzan Mubarak to all my Muslim sister n brothers. May peace be upon our country. Big love from jaipur.,0
US was bitch slapped by undearaged peasants in Vietnam and is about to be kicked out of Afghanistan by illiterates armed with AK47s.,1
The 2nd video the black american women.. She slay it,0
Why we always around bitches but you always the baddest?,1
"Ya ya we will do tyaag, Sikhs will kill themselves so that jihadis like you flourish !",1
Antifa is nothing but gays that sit around fingering each other in there assholes,1
I have a trans sister. Thank you EW and HRC and all the other candidates that support the LGBTQ community.‍,0
"Same, girls are retarded in some ways",1
it dont matter what religion you in. PRAYER WORKS. especially when you are aligning yourself with what you're trying to manifest!,0
bonus: karl • karl is a gay icon and should be recognized as such URL,0
Mudsharks with chronic white guilt are skanks and cowards.,1
Girls literally only want one thing and it's disgusting URL,1
Sixty dead in two-day crackdown on Sudan protesters: Doctors URL URL,0
*Senior Lawyer breathes in your presence* Senior Lawyer: URL,0
Just need to finish off my cock with cum all over your slut face.,1
" We're here, we're queer, we're gonna go to the gym and get some",0
shes also antisemitic and a terrorist sympathizer,1
Because it's the Word of God maybe? Just spitballin,0
tRump: *I need info on just how many brown jihadi leper rapists are crossing the border*.,1
"I'm Asian, I respect the loud eating!",0
Why the FUCK should you get to murder a human life because you're too stupid to not get pregnant in the first place?,1
TALL WOMEN DESERVE ALL THE LOVE. DONT BE UPSET ABOUT YOUR HEIGHT CAUSE TALL WOMEN ARE THE BEST,0
Every one worships their god on their festival! Me worshiping my god on salmaniacs festival URL,0
Be a negro and suk milk out my titties.,1
Gazans on Monday faced a first day of Ramadan overshadowed by funerals and the grim task of pulling bodies from collapsed buildings.,0
"Yet America has and (unfortunately) will continue to provide military cover for all of Europe while you flood your own countries with third-world, incompatible trash people.",1
You're what's wrong with this world and Its disgusting Stan don't want no racist I must leave now but reply whenever :) URL,1
You niggas are really some fucking LOSERS it's sickening URL,1
Fucking why is this faggot back on here,1
"Generally, it's not necessary to treat a woman's male sexual partner, but can spread between female sexual partners.",0
This will simply gassing the Jews,1
Isnt She Pregnant? Just Wanted to Know if The Babies Are Okay,0
#fuckliberals #fuckcancelculture #trump #trump2020 #maga #maga2020,1
That nigga OV look like Squidward when Spongebob beat him with the door,1
This is amazing! Kudos for that women for being so strong,0
This is a very obvious Jewish metaphor for homosexual sodomy.,1
I'm just ready for the downvotes and angry people who live in shit holes that wish they could be in America lmao.,1
"He has my respect, Islam Changed my life, thank you god for such a beautiful.",0
"they spend their time sexually assaulting ""whore white women""",1
I like this (whitey here),0
It is so good to see the bonding between Bangladeshi and Indian bhai borthers .,0
Iran's Government is evil and needs to be destroyed.,1
stupid ass hoe built like a piece of cabbage,1
Ha if I'm the beta then who is skull fucking your mom?,1
put his brown ass in jail for life for just supplying white folks who love to put drugs up their nose in their veins and probably up there ass.,1
Bitches have a baby and act like they never ate pussy b4 carpet muncher,1
too bad you stuck w a bitch rubber dicks can't make babies,1
"THIS IS WEIRD BUT, IWOULD LIKE TO COME OUT HERE IN THE NICE COMMENTS. *i am pansexual.* THANK U!",0
"So very, very happy to see you as the real you. It only took me 49 years. Sincerely, The Gay Grandpa.",0
"I feel not bi enough.. dealing with it right now as everyone is all ""happy pride month"" and I'm just like.. normal feeling.",0
nope. my happily married lesbian buddy/supervisor/boss is super cute.,0
i have never seen a hijabi in famous ppl music videoRITA A QUEEN FOR THIS,0
"To watch these fucking lowlifes, i think Europe is lost, no morality left, ready for Islam.",1
I'm a full blooded Christian thank you very much,0
i'm pansexual and this pride season i'm going to the world of the year we are in,0
Don't let this white boy boil up cause if he does all y'all niggas are doomed lol,1
Oh god not this fucking cancerous shitposting fake feminist again.,1
The question is why the citizenship census was removed by the Obama's administration.,0
Latino for Trump I love it here!,0
The Hezbollah Sleeper Agent Busted for Black Ops in America URL via,0
"No, I converted to Catholicism. I chose to be catholic and I am very blessed and thankful for it.",0
Those 4 witches wanne destroy the country All Somalians hate America,1
A B im black but molly is a stupid annoying feminazi who has no business on the show.,1
Bunch of low IQ shit skins who Americans worship to death.,1
" Unconfirmed reports of the murder of former bodyguard to Rwanda's president Kagame, Camir Nkurunziza, in Cape Town last night.",0
U are a gay cunt stop making videos u cringy mother fucker get off yt duck head,1
Ten bucks says black people start looting.,1
"As long as those fake Jews run things, this crap will continue, anything for a shekel",1
I think he's aware of his own sexuality...,0
"Now that is how its done, Happy Birthday! Love to see black families celebrating the growth of their children.",0
"Stupid, racist but not good at anything",1
Congratulations mexican brothers* from Africa§,0
This is how I will treat your faggot ass in public.,1
Fuck her totally then dump her ass.,1
"You are the epitome of a fucking moron, please don't ever procreate.",1
May Almighty Allah bless us accept our ibadah URL,0
It really is okay to be white. And actually pretty sweet.,0
Lol I was NOT expecting this answer. That being said very good perspective (I'm actually gay).,0
"As a guy, I love this sub.",0
Trans girl is finally confidently to just go into piblic with natural make up URL,0
Shut that cunt's mouth before I come fuck-start her head!,1
"Yo know yo pussy trash when a nigga rather fuck you with a condom on, Just saying.",1
Pleas come to arab countries,0
Let's just get rid of the republican terrorist party.,1
"Dear Allah, please give me a strength atleast once. ",0
Guys only cheat on you with the uglier bitches and the ratchet ones too.,1
they always leave out the lesbian flag every single time i'm so tired of it,0
#RepublicansAreTheProblem #TraitorTrump #TRE45ON #RightWingCult #NotMyPresident #Illegitimate #Treason #Trump #GOP #TeaParty #Republicans #BLM #Covid19 #GeorgeFloyd #BlackLivesMatter #Biden2020 #BidenHarris2020 #Truth #JacobBlake #FlimFlamFool,1
damn these people are criminals free loaders invaders to the us,1
"One more of those crazy minds living on the pocket of brain washed, mentally unstable people called followers.",1
Slide this middle finger in her shit and I will bang you and your mother.,1
I wanna dump my cum in that cunt,1
I wish I could punch this dumb bitch.,1
At least places like China and India get the benefit of being legitimate third world shit holes.,1
"Your mother was a dumb whore with a fat arse, did you k ow that?",1
Eid Mubakar to all our brothers and sisters. May we have peace and understanding,0
America should TARIFF all Remittance $$$ sent back to Mexico to cripple their incompetent open border country.,1
I would totally fuck your wife,1
Imma shove my long ass balls down your throat nigga,1
Fucking bitch ass kids nowadays need a ass whopping URL,1
And btw we don t have them where I live and I will never follow for that shit,1
Who gives a fuckyou sound like a queer.,1
Do you think it’s possible for this lady to sound more stupid?,1
turn you to a bbc slut when you take my dick balls deep in your tiny white ass URL,1
Another white skank trying to capitalize on makeup.,1
Im happy that people don't have to feel or live like that anymore! God bless everyone of every race!!!,0
Ima Indian dude. Predominantly hip hop listener...this song makes me appreciate the simple things in life that we Americans live by..,0
what a fucking piece of shit.,1
"Get to know women with incredible bodies, faces, personalities URL URL",0
dis shiet be racist af!,0
Inshallah New Zealand wins the FINAL!,0
why are u here dirty ass rat ass hoe ass slut ass crusty ass dusty ass dumpster juice ass bottom of the barrel trash bag ass bitch,1
The baptism of the Holy Ghost is not just for Pentecostals. It is for EVERYONE! ,0
"I also bitch about white knights like you, simps, manginas, cucks >you deserve to be a sexless gremlin Thank you.",1
/r/immigration has had [many posts](URL about the process for spouses of US citizens to get permanent residency.,0
"You have a shithole country, we have a Constitution!",1
Best is just to ignore them. I'm still going to teach jesus peace whether they like it or not.,0
I'll read the bible and calm myself down.,0
Someone plz explain me why a lot of comment about Poland there Btw kiss from Poland,0
Ima talk trash on that dumb bitch till the day she finally kill her pathetic ass self,1
Shut the fuck up Merkel you piece of shit cunt Nazi.,1
Muhammad was a warmongering pedophile who destroyed the Middle East.,1
"Verse (13:11) Indeed, Allah will not change the condition of a people until they change what is in themselves. @ Johor Bahru URL",0
"I want women I admire to be happy. That's it. Don't really give a damn about the details, I got my own life.",0
"Time to use ""brute force"" on these islamic bastards",1
Eid Mubarak To Those Celebrating Today and Tomorrow,0
"Say that to my face and, bitch, Imma stick my dick in a bag of doritos and make you suck the dust off the tip",1
"Get a load of this guy, What a fucking nigger",1
Why our Telugu industry prefers north actress more?,0
in honor of pride month! please donate to my gofundme and help a trans kid get top surgery! URL,0
You take offense to using their nationality as a descriptive device? Why- is there something wrong with being Afghan?,0
Imagine comparing the Native Americans and Aborigines to fucking Assadist Syria,1
All you niggas can suck my dick,1
She deserves the utmost respect. What she's doing for the Black Community is exceptional. Using her power and privilege the right way.,0
#Porn #Pornstar Black dude bangs #KagneyLinnKarter in her ass and pussy URL,1
one day too early for morocco but eid mubarak to you too!,0
You're a fake fuck with a fake dick!,1
I'm a trans girl and I love this place!!!,0
the biggest dumbasses are white Hispanics they be working for ICE and becoming Republicans fuck them,1
my phone got turned in and this is what I open it to lmao  URL,0
david cone jr I'd the bitch look like always on social media arguing like a female,1
Black Women sharing their homebirth stories> URL,0
"A religion is a belief system that a person chooses to follow. You don't ""choose"" to be lgbt+ it's simply who you are",0
"India love bright side , bright side love india ",0
Bitches have 20 abortions and want they pussy ateBitch who finna eat a cemetery URL,1
Why isn't anyone trying to harvest the penises and balls from these men and give them to TiFs?,1
"some of y'all bitches be on dick so much, that you let niggas start hitting for an 8th.",1
She deadass spit on her dog what a cunt URL,1
19 weeks of getting his arse popped,1
(Video) Cousin Stizz ft City Girls – Perfect - URL URL,0
Ta dah :p (Also... can I get the name of the anime for the black short haired girlll) URL,0
I work in a warehouse in scalding ass hot Alabama and it rules.,1
"No child fucker here, you stupid ignorant American.",1
Taqabbal Allahu minna wa minkum. (May Allah accept this worship from us and from you). URL,0
"At community event in Japan, female OFWs walk up stage to give Duterte a kiss URL",0
What the fuck is wrong with people and why is America turning into a stockpot of shitheads?,1
nah she is a racist cunt she is a level above just a prick,1
Ask allah and ur pedophile prophet.,1
treytown530 nigga u gay shut your cocksucking mouth,1
" Surely her point is equality for everyone? Equality isnt just for one gender, religion or ethnicity. Think that was her point",0
Go back to Somalia save your own dam country and leave AMERICA to Americans!,1
"She is a woman, who above all else, knows the value of having fun and taking seriously. URL",0
"Wife of jailed Saudi blogger hails U.S. vice-president's call for husband's release, wants meeting with Trump URL",0
Think about the positive. We won't have to deal with such low iq evil after Jesus comes once again.,0
Even these damn aliens are std infested fuckboys UGH,1
He's an old racist bigoted cunt.,1
I hate being the only hijabi lol,0
"Pastor Tim, you're on fire with the Holy Spirit today. I absolutely love it! Preach hard brother!!! Glory to God!",0
Won't someone think of the German citizens who were killed and driven from their homes,0
"She sucks your dick for 3 min ,i suck it till you cum dnt compare me to her",1
I Hate Bitches That Don't Fuck Back,1
I'm bi. And a good listener if you need a friend,0
"But if you dismantle the welfare state, what's the purpose of kicking out people who travelled here without your permission?",0
Anyway I fucking hate you and everything you stand for.,1
BUT DOSENT RUN WHEN HE SHITS HIS PANTS WITH THE POPE.,1
Unknown he wack like u faggot,1
"#tittytuesday #aspenromanoff cum for me daddy, and fuck your dumb bitch.",1
Girls love girls and boys.,0
"I'm ace. Can relate, not in exactly the same way, but I know what it's like to be closeted.",0
Shab e Qadar mubarak to all my muslim friends...Love From india,0
If DNA accounted for all of intelligence the dumb sluts would've won out a millennia ago.,1
I am HERE for miss lyonne telling the world women don't need to have children to have a PURPOSE IN LIFE!!!!!,0
"When some jerk asserts that Diaper Don, the Tangerine Terdbucket won just ask them if 74 is a larger number than 81.",1
Lovely. Well done. is absolutely the only appropriate response to someone coming out.,0
Happy ! Ever heard of the Annual Reminders? Listen to and dig into this a little-known piece of LGBTQ history URL URL,0
We welcome politically unaffiliated refugees.,0
"Oh, and men, this ain't about y'all but I do have content that's better suited for you: URL",0
"she's the type of girl you'd rather fuck her face than her pussy, jesus she's beautiful",1
Just want to do something special for all the ladies of the world. URL.,0
This is why you cant help but love Asians,0
Suck my dick and balls loser,1
The fvcking white nationalist gang promoted by the asshole president.,1
Neurotic narcissistic nerds are the inbred paki jihadi's of the white world.,1
You also make a beautiful couple. The joys of being bisexual and liking a couple,0
" aims to revitalize relational, cosmologically grounded spiritual possibilities for women & all others~C. Spretnak",0
"You're bi. You just have some preferences. And you don't really need to find a label, unless you find one that suits you perfectly",0
I bet men in their 70s shoot their cum to this little whore,1
The UAE has done its best to help the people of Yemen since the beginning of the war,0
Pls retweet and help our children to bring medicine in india URL,0
I think America should follow suit with Austria and I believe Australia as well tearing down two mosques and immediately deporting all Muslims,1
Fag exposed #Fag #fagexposed #faggots URL,1
Beautiful black family's showing a positive nature full of love and laughter nothing better in the world,0
Women y'all gotta KEEP YA HEAD UP‼ URL,0
u inspire a lot of Indian ha,0
Joe Biden you’re a scum bag with a dirty diaper.,1
So many girls are ready to marry with physically challenged man with the inspiration of jii,0
ما الذي يمنعك من أن تكون مسلماً؟ What prevents you from being a Muslim? URL,0
Fuck yall can eat shit n Die,1
my character havin a good time (they are trans pls b respectful!)  URL,0
Jews should be banned from making movies,1
Its national girlfriends day so stan clairo and stream immunity tomorrow URL,0
YOUR MOTHER WAS A DUMP WHORE WITH A FAT ARSE,1
Sometimes you gotta have a baby on a nigga to show him you not playing,1
This is why you'll never get laid- you're a disgusting asshole,1
"Jesus fucking Christ, this country has the dumbest motherfuckers.",1
wow i look so dumb flaunting this nigga when the whole time he been fuckin someone else,1
I'd probably executed the little faggot on the spot.,1
"If you want to just talk about denominations within Christianity, it's what I was raised in. Recently I've been exploring more though.",0
Im a boy but I still think girls r better than boys,0
I'd love to slip a ring-gag in that mouth and skull fuck her until my balls were empty.,1
you fags are so insufferable sometimes makes me want to convert to alt-rightism,1
*kind of the interesting part of windsor,0
"Actually I'm ftm, but hello my trans sibling! ",0
" I'm SORRY!!! i love u single gays too, you're completely valid, may I bless u with lesbian rays of positivity",0
Latinas are the best,0
Stfu dumbass your probably 12 faggot,1
"Congratulations INDIA, congrats . And well played . You guys were phenomenal. ",0
I know. That makes me sad. Whilst I am an atheist I like the philosophy Jesus preached and on what Christianity is based on.,0
All we get is wack ass videos with no moaning,1
"Zed, why is it illegal to punch these freaks?",1
"The human equivalent Also, you are the perfect fuel for r/rareinsult And nobody likes feminists",1
I can't stand a weak ass bitch !,1
"Take your dumb sign saying ""ovaries before broveries"" and throw it in a big garbage fire of hell",1
it's pride month so here's some female and non-binary lgbtq+ artists you're maybe not listening to but absolutely should,0
Faggots live to hear these words.,1
Have fun with those STDs you cheating slut,1
"Between, passing but Hispanic last name",0
Girls who have a crude sense of humor are attractive to me. And short hair but more feminine looking are also very nice looking.,0
"i'm mixed but my skin tone is that of an indian, but like a mid tone indian like deepika padukone for example",0
NOT HUMAN; A DEADLY ROBOT IN FLESH & BLOOD WHO EXTERMINATES ANYONE WHO GETS IN HER WAY.,1
I thought Tommy was proud to be white. What's the problem?,0
We have pretty good diversity in the u.s it can be shocking how little the rest of the world has when you travel.,0
I'm sorryyy >w< I didn't mean to be racist,0
I don’t care that he’s autistic.,1
Breaking: Colorado becomes the 18th state to protect LGBTQ youth from conversion therapy! Signed by today at the State Capital,0
"I would fuck you bareback so hard, and empty my balls in your pussy.",1
I know this has nothing to do with race... but I'm proud of a fellow Canadian-Asian,0
God bless u Luke Islam Masha'allah great voice wish u all the best from Morocco,0
"My mom does not care how old I am, she will always take a picture the first day of school",0
"Oh Philippines, im a pinoy im proud",0
I can't wait for China to fucking colonize France.,1
"Whereas bisexual people only experience attraction to two genders, typically (although not always) men (cis and trans) and women (either cis and trans).",0
Please help a trans girl in need this pride URL,0
"Keep her bent over, rip the shorts off and pull her hair while I gape her asshole",1
"you forgot ""illogical lying"" heartless monster.",1
I hope this inspires more women of color to run for office. We need more of them in office. There is strength in numbers!,0
"Funny fact: Halep pulled off a Muguruza, lost her FO title defence to random player and then won Wimbledon against Williams sister straight after.",0
Maybe if we bomb Mexico they will pay their crimes then.,1
He may be a cunt but you're a fucking retard and I'd rather be a cunt than retarded,1
"Fuck Russia, fucking pieces of shit.",1
The West should do this to our diplomats that way we'd get things done,0
I should get myself a little group of slaves to cater to the frequent needs of my dick.,1
first presidential nominee to support gay marriage,0
I'm so proud of this Latino,0
people are racist and for what it doesn't get them anywhere-,0
I too would like a cute asian wife and daughter.,0
Hundreds of women from Asia and Africa to be trained by UAE Armed Forces as peacekeepers. URL URL,0
id rip that top off you a slap and pinch your gorgeous tits.,1
"Girls are the best, can we just take a moment to appreciate girls.",0
You niggas aint shit outside of school,1
Eid Mubarak! May all your good deeds through Ramadan be accepted.,0
I hate 12 ion care bitch ass niggas,1
Just let people be accepted for whatever gender they choose. How does it impact your life?,0
Nothing makes me happier than knowing that in mythology Orpheus is canonically one of the first bisexuals,0
Stick my dick in a big bitch,1
"God damn, the fucking retards on 4chan usually don't get to me, but fuck.",1
"Ahhh yes, the gays strike again.",1
I can do all things in him who strengthens me. - Philippians 4:13,0
when Muslim women wear hijab:  when non-Muslim women wear hijab in solidarity with Muslim women: URL,0
"Not for your disgusting little beta hands‍ Wipe away those tears, or just use them to jerk off to this video, you pathetic cuck.",1
Stay out of the World American murder scum!,1
"Love is love, no matter who you are or how you identify. Happy Month, everybody. URL",0
Or some of you shit heads could go get a job.....,1
"Please help support Lesbian Pride Circle, add a now! URL",0
They made Aladdin black lmao leftist racist cucks,1
Prayers & wishes for & his ministers at Mata Vaishno Devi URL,0
i love it women turn to rule,0
also i love girls too they're the best,0
Young teen with massive suckable tits!!!!,1
Great principles that can be applied to any organisation or person who want to support more women in leadership positions. URL,0
Because they're too dumb duh,1
Breeding like a fucking animal you bitches disgust me,1
"Why do you call woman ""things""? By doing so you are smuggling in the idea deep dehumanization. It's just US. Male and female.",0
These monsters will not stop at anything just like drug dealers.,1
You will go wa wa wa when allah punishes you for your impotence you deranged man pig,1
She just made that house negro look like a incompetent clown.,1
Ok but if it's not ruled according to the Torah then it is not a Jewish state it is secular.,0
[Read] Mobi A Little Gay History: Desire and Diversity Across the World -> URL,0
He needs diapers on his mouth and ass.,1
LOCK THE CUNT UP AND HIS CHILDREN AND DEPORT THE WIFE FOR LYING,1
"Great women, I can see how insecure men could be intimidated by them. I find them amazing and inspiring.",0
You're either an Islamic terrorist or or a moron.,1
Cut his dic off n shove it up his ass hole n sew it up,1
That is correct. Religion is a strange thing,0
Thankfully we have women and lawyers like you Ritu.,0
All the best to Pakistan from India :),0
"The religion of death , these beasts deserve nothing but what they spread #",1
Star of Indian cricket team,0
maybe he does drag because I know a moron like this ain't getting NO pussy action,1
I just love the Indian portrayal there,0
She seems to be a spoiled little un-parented piece of crap.,1
instantly b) women: punch him in their balls and then break their noses.,1
What a fucking loser why don't you just cheat on your wife like the rest of us,1
Bitch u a pussy and that's why yo bitch was on my dick,1
wE lOvE oUr LeGaL iMmIgRaNtS!,0
"Great picture Joe, are you going to sexual abuse someone from that room?",1
"EID MUBARAK to you and your loved ones. May Allah (God) accept your fasting, prayers, and good deeds. — celebrating Eid",0
when schizophrenia and big booty bitches collide,1
"Let more people know I'm gay, I don't know why but it still kinda feels like I'm not being open to people",0
Trans woman have already been competing in the Olympics and it hasn't been an issue.,0
Her cunt doubles as a spitoon,1
Any any decent employer wouldn't hire a degenerate whore.,1
god i just wanna fuck her face,1
"Just simply , greedy , lowlife , white ,anglo saxon parasites.",1
Appreciate the bi love! Happy Pride!,0
You need to fuk off you homophobic kunt,1
Hey faggot I need some gas money.,1
We need more gender non conforming transfemme people. Do what you want and be your best self! We're all rooting for you :),0
serena is more woman than ur fagget ass can handle.,1
latinas are really something else (in a good way of course).,0
As an Indian I approve,0
Shut ur mudda asshole beefo I stick twooo mudda chopstick up u mudda asshole,1
Your nigga don't suck toes or eat ass he a bitch.,1
Id make her suck my cock,1
" Ooh new follows acquired!!! Noice. The most ""Jewish mom"" person I know is a Pakistani sufi mom lmao",0
I’m going to call bullshit on that thing being raped 1 time - let alone 4.,1
America is nothing but a white Christian extremist country.,1
You just salty cause mgtow dont kiss yo ass and enable you.,1
"If a man can sit there and give another female any form of attention, he's not for you sis",0
" Again, is this why Trump is sending troops to Saudi Arabia?",0
"Dear Anupam Kher, you are a Moron and a gutter person.",1
"I would really love to cock pummel her like crazy, and I bet her pussy is incredibly tight.",1
"My new blog - comment, share, let's raise awareness of the huge issue of Male Mental Health URL URL",0
I salute India for this achievements.,0
He's definitely a top 5 coach now‼,0
"Finally, a cunt ready to be filled balls deep with cum.",1
communist motherfucker ussr soviet anthem bitch looking cunt,1
#IslamExposed: Head-Bagged Islamic State Filth Defend Rapejihad.,1
"Shut your fucking lard hole when someone's talking to you, you fat white cunt",1
Little slut is begging to be man handled,1
Lil Nas X will be on the cover of a popular LGBTQ magazine.,0
ri3it483qthirf Right. Im a white lady and that was epic,0
BLACK PEOPLE MY PEOPLE STAND UP,0
Women need real moments of solitude and self-reflection to balance out how much of ourselves we give away. - Barbara De Angelis,0
Stupid bitch is ugly inside as well as out,1
HURRY UP AND LIKE THIS FAGS SO I CAN LEAVE AGAIN,1
Omg I'm a gay woman too and I can't stop playing!!! Something about pretty anime boys is just nice,0
Choir Boy looks like an incredibly important play for historians of Black religion and sexuality in particular. cc:,0
Black American singers back in the day were freakishly good,0
"Fuck you faggot, you wouldn't kill a fucking 10 year old.",1
Eid Mubarak to all Muslims celebrating around the world,0
"Appreciate your Black culture. Take a moment to reflect on our customs, language, food, style, events etc.",0
guys when is the feminist molaah coming,0
The Four Morons of The Apocalypse,1
Undoubtedly!. The best CM Delhi has ever had. Om shanti URL,0
Go get your young fertile pussy fucked and filled,1
Worthless sissy bitches like you make men look bad,1
"Well Duh, Satanists have read the Bible.",0
Please don't kill or assault any women thanks,0
Bring back the League of Women Voters,0
"Fair enough. Immigrants add a lot of value to our society, that is certain. Thank you for pointing out what I neglected to add.",0
love me some stick and ball with the boys,0
You sound so fucking stupid they should put you down cunt,1
Question to feminists everywhere: What is the purpose of your ovaries and uterus?,0
Is it easier being straight.,0
"(aka, ""F@!# JOE BIDEN!"")",1
Bitch shut the fuck up before a mall cop picks up your scent and blows your brains out,1
Run Ur mouth I guarantee Ur a weak bitch irl,1
That's because Kamala Harris knows how to suck a good tube steak to get ahead.,1
I'll follow your faggot ass into that store.,1
"Import people from a shithole, become a shithole.",1
Ramadaan Mubarak to all our Muslims sisters brothers and friends may it be a month of much and joy,0
Fucking xians can suck my motherfucking dick.,1
" Paul and I share a birthday, and therefore, we are meant to be. In this essay I will discuss.... URL",0
". has released her politically charged song, ""Rich, White, Straight Men"" on streaming platforms.  Stream: URL",0
I hope the best for Mexico. I have met a lot of Mexicans and the majority were nice and humble. GOD bless Mexico.,0
Anushka Sharma is one of the best. She is the Queen of Bollywood. Fashion = Anushka Sharma Queen = Anushka Sharma URL,0
We need to nuke the Middle East off the map so the white race can prosper once again.,1
FAUCI IS WORSE THAN THE NAZIS and you people Trust him.,1
I want to piss in her ugly face,1
These sort of posts mean so much to me since I'm pre-everything and still present male.,0
the bitches in my mans hood aint about shit,1
is that suddenly worse than white trash?,1
The title of this video says that the comments were racist so obviously they must be.‍,0
Another surprising reason to in the EU: the UK is more equal than most other nations in respect of diversity. URL,0
I f*@king knew that he'd be back.,1
I'm convinced this generation is filled with soft ass bitches,1
"Men are from Earth, women are from Earth. Deal with it. ~George Carlin",0
This is so disrespectful to the Hispanic culture.,0
lmao this nigga just tryna learn english bro,1
"Welcome!! Omnisexual is a less heard of sexuality and people will tell you it doesn't exist but, it does!!",0
Ima slap tf outta you bitches.,1
Women are the most beautiful nurturing souls in this world and nothing should oppress them god this world can be cruel sometimes,0
Salute to every SIKH,0
These crackers uh shoot the shit out our ass,1
So Tax the Rich; Shag the Bitch.,1
Now this what you call white trash.,1
"For sure. It doesn't bother me what her sexual orientation is, as long as we like each other that is all the matters.",0
"Guys please don't build a wall, I like traveling to Canada",0
Surprising the Half Baked Marxist Communist and Mentally Sexually confused didn't have VP Knee Pads play acting with actor children or doing a FAKE cooking show.,1
How many ways can you spell homophobia? Here is yet another example! URL,0
"Her massive, veiny, bitch-destroying cock kept ravaging and reshaping that tight butt-hole of her's.",1
How ugly can u Bee Mother fucker,1
bitch ur french tuck just because queer eye already,1
If u living without him in your life then u a dead ass Nigga.,1
"Look up Theosophism. It's where a lot of the Ancient Aliens, Atlantis and the Anti-Semitic beliefs associated with such movements stem from.",0
" thanks for see the truth about Hispanic people im Mexican and proud..we come to work, any jobs...",0
I just want to state as a man I do think of a perfect body because all bodies are beautiful,0
"I'm white and nervous. Can't imagine how Latinos feel right now, documented or not.",0
MoorsAreIsraelites you fools can't even crush garlic your completely retarded.,1
I really wanna punch u in the neck u inconsiderate bitch.,1
"Trump: ""These brown and black women need to go back to their home countries!""",1
Real Black Men Love All Of It.,0
Scumo = fat useless christian cunt who only cares about his rich criminal mates,1
"I've known guys who came out later than that, long after I have, and they're now married before me. It's not too late.",0
It's really nice that it's a lot more acceptable for people to come out these days.,0
"16, transgender, and getting top surgery in two days :D",0
On a fucking new born y'all hoes just getting out of hand.,1
I bet you can go fuck yourself cunt,1
"If you're gonna call someone ""the r word"" why not just call him retarded.",1
"Eid Mubarak! That was so kind of them, thank you for posting this here",0
If you are a furry it's Ok I will support you,0
worst thing about conservative women: wide vagina,1
So glad to see a proud minority woman like Warren out there on national stage,0
"Time for sissy bitch caitlin to send, I can see you, you little cum gargling slut!",1
good cry cause ur bitch ass won't be shit ever,1
Bi guy here and love it too!,0
I hope there are 72 virgins with a headache to disappointment these misogynists,1
Mexican is not a race it a nationality.,0
"I am proud to be a human, because of these peoples only, i love to meet them",0
i think grandma would have been better off if y'all had just left her there URL,0
People like this should have been aborted,1
Two dicks in your pussy at the same time?!,1
Me neither...this obsession to oppress the girl child is sickening!,0
Name one country Iran has invaded in 100 years. I'll wait.,0
God bless the army and may he help them get rid of this filth that is these extremists,1
I'd love to see Anna Nyström take dick up her tight ass.,1
I'm Bi and I am proud of what I made. This is a very welcoming sub so I wanted to share,0
Did you attain your position the same way your whore mother attained you?,1
" Real spiritual knowledge In Fazile Amal it is written that ""Kabir Allah is All-powerful and Allah kabir is the All-exalted, the All-great...",0
Chall rush is coming brah,0
I love my Indian bros,0
Fuck Zuckerberg and fuck Facebook,1
"Fuck you faggot, you wouldn't kill a fucking 10 year old.",1
I love women 10/10 very good,0
Have fun with the new menu you bigoted fucks.,1
America doesn't have a monopoly on hate or mental illness. What it has is a lot of guns. URL,0
"But when the sun was up, it was scorched; and because it had no root, it withered away. ~Mark 4:6 ",0
God bless her. A beautiful woman with a beautiful soul.,0
"As they say in this region, ""wala."" (A Kurdish version of god willing)",0
I don’t want ur attention u dim fuck I want ur credit card and car keys,1
Yo this nigga then put me in some fucked some situations fr fuck this nigga fr,1
Thankyou for your work trump you are doin the right thing deporting all these dirty animals back to there countries!,1
"God loves with a Father's love. Every life, and every one of us, belongs to him. ",0
The only color I acknowledge when interacting with my brothers and sisters in Christ is the red of His blood shed for us.,0
Shitting on white supremacists specifically is not the same thing as shitting on white people in general,1
"You look like the type of kid who calls his teacher a ""faggot cunt""",1
Chapo banned me for calling them niggers.,1
I hear there is an island somewhere near the Caribbean why don't you all move there and Rule as a satanic NWO and just eliminate yourselves!,1
Modi ji is lucky that people from across the globe came to India as volunteers to support him and campaign for him. URL,0
I wish a nigga would put his hands on me imma beat that bitch like his mama should've.,1
also another day another proof that men are fucking trash,1
An education scholarship for muslim women would have been more valuable for them and for the country,0
"Cortez you are the biggest liar, and your little baby talk you do just shows just how stupid you are.",1
buy some diapers bitch niggas do anything for pussy duck ass,1
"as another bisexual woman who didnt know this existed, THANK YOU SO MUCH FOR THIS",0
"These 'christians' are phoney, garbage and deserve the devil.",1
May Allah ease everything in order amiiin URL,0
"She needs to be fucked as hard and often as possible, it'd be a waste not to.",1
Thick and ready to be demolished by cock as her family slams home horrible food.,1
Should be pinned down and raped by real men you slutty girl,1
"I'm not trans, I'm just happy for them being supported.",0
Good cricket play nz respect for india,0
Absolutely stand up for injustice. Never was against that. There's just no need to preface it with your race like it validates your opinion.,0
I ain't forget y'all hoes was calling yourself medium ugly for some attention,1
Absolutely !!! Black people are born for music  this song is soooo amazingg,0
Some of the kindest and most generous people I have ever met are Muslim. I am so glad to share this,0
He's the 3rd best eza,0
Biden is an absolute piece of shlt.,1
We love a Latina youtuber!!! I'm also a Latina youtuber that's about to post this week hahah,0
You have such a nice pussy I love how you spread it for daddy,1
ALLAH test those whom He loves,0
"Imagine being such a piece of shit that your ""Nightmare Scenario"" is other people being able to afford to buy houses.",1
THis is why we need Islam,0
"Also, I am happy they are in both Canada and America because without them, the refugees would have no food or shelter.",0
If you said this shit while at practice id deck you and deliver a devastating downfield block on your mom,1
dnfjskasn i went to my first pride parade it was so fun but so hot and also filled with so much love ‍,0
"This is completely true. As a biracial person, I thank the tumblr user who said all of this.",0
Man this made me cry so bad. My Jewish brothers and sisters stay strong !,0
"Deport all blacks ,Muslims ,gays and liberals ,, everything will be ok forever",1
We don't pay taxes so you can waste them on lighting up dried shit left here by invaders!,1
God in language. Christian always love.,0
Hamas started as a violent group and has slowly grown into... implying they are no longer violent.,0
"Thanks for being honest, it is how women are. Thank the women.",0
Those two bitches deserve each other.,1
I was Born and raised in the Netherlands but I'm Iranian! Dutch people are very nice people!,0
Little whore with a cock-hungry cunt,1
"Hey there guys, gals, and nonbinary pals! best greeting for this imo",0
We suck and blow if we let Congress drag this garbage out even one more day!,1
"This was so wholesome and so sweet. I'd totally cuddle you bro. No homo, but also not against it as I am bi lmao",0
And 10 Pakistani street shit eaters,1
Totes is. Although she did date mako so perhaps she's bi.,0
Yeah it's actually sexist to both males and females here lol,0
Women who support this admistration are horrible people.,1
I ain't give her shit for the pussy!,1
" Do what pleases you, allow Mallaman musulinci to preach Islam to those who believe in it and want to adhere to it.",0
"Congrats to all the beautiful India people, love seeing all that orange. Respect from an Englishman, God bless India.",0
"what's your fucking problem n-gga, this is no reason to get obsessed over a previous shitpost",1
May Allah keep u in his hifzo aman my leader!! Long Live URL,0
Make her a woman anon,0
Indian engaged to a Latina here. Everyone does it lol,0
Fuck off gay boy is raptors year,1
because you're being sexist you fucking dunce,1
I'd rather be a creepy disrespectful piece of shit than a feeeemale.,1
"Ahh yes, only brave people need to go slaughter poor brown people overseas to feel safe!",1
Biggie is spoiling these people with food,0
The word Rich is widened in shape on her gown means her ass is big while AOC's tits are poorly small.,1
I'd love to do the same to this stupid bitch.,1
As a bi person I appreciate this,0
And does it by making by whiping their asses with countries like Sweden.,1
That guy already looks like the biggest faggot of the week,1
This sub is full of grade A faggots Comedy fucking Ebola,1
" bomb making equipment seized. Without the bombs, the civilians are safer. Without the violence, peace has a real chance URL",0
gonna fuck this guy till his bootyhole bleeds #PrideMonth2019 #NationalBestFriendDay,1
Man I Pray this whole family finds Jesus get salvation and come into the kingdom of God asap,0
"happy pride month!!  to my lgbtq+ followers: u are valid. u are seen. u are heard. and u are so, so loved.",0
Don't recall the Black Panthers committing genocide of six million people.,0
LGBT Teachers need good coworkers friends school succeeds shirt URL,0
Man trump is literally helping black people by doing this.,0
girl if they dont shut the fuck up URL,1
Lil bitch got that dick rearranging her guts URL,1
Bunch of whack niggas on this app,1
Personally I want to fuck your dead mom.,1
Who cares what her tits look like if i stick it in her south pole.,1
"I heard they are ""nigger go back to Africa ""racist in Omaha",1
"Pride month isn't only for trans people, and we do it because we want to be treated as equals",0
"Secondly don't try and tell me they earned that shit, vomit that mayo elsewhere",1
I fell in love with a mexican girl,0
if imbecile biden gets in it will not take long for the country to enter phase one of shitholehood,1
"Trans women are women! You're beautiful, you're a woman, and you're living the dream! <3",0
I'd destroy her tight pussy,1
"I like the idea of ""believing in"" gay marriage.",0
Malaysians take to the streets in Kuala Lampur in commemoration of the International Quds Day URL,0
The only cunt bigger than you is your mother's.,1
Yep….the Commie bastards wouldn’t know the Constitution if it hit them upside the head.,1
"I would have 2 in my ass 2 in my mouth and 1 on each hand, just begging for more",1
You said we thanks for celebrating diversity,0
>A nasty comment yes. But how is it overt racism? O know exactly how that's racist.,0
"Jeremy lin is very good, just sit at chair can take champion already..",0
"we'll see who the bitch is on july 23, faggot",1
I'm Greek Orthodox. It doesnt really impact my sexuality all too much. Still go to church for holidays .,0
and fuck you if u don’t like this,1
"Agape means ""unconditional love"" in the context of Christianity",0
She herself is a transgender. Her sister too.,0
She did a bright eye tutorial and she has Goldfrapp's Black Cherry playing through it and it is so relaxing.,0
She looks like one of those dumb whores.,1
The fact that she included Muslim women wearing hijab in this video is just amazing,0
Hes a true African man lol URL,0
I'd like to see you tell even one of them to his face that their culture is trashy.,1
Paedophilia rape and abuse are sins too don't see ye protesting about that .,1
Yo bright side love from india,0
I'm white and even I can tell this song go hard af,0
God of course I love trans girls,0
100% this ^ . It is totally understandable to feel this way. It's definitely from within for me too as a brown person.,0
"I'm not talking about a specific girl, just girls in general",0
Almost as if their sexuality doesnt matter when they're fighting hoards of zombies,0
I'd pound her fuck hole with your cum on her face,1
"This sounds like a fairy tale, but crusades.",0
u dumb nazi shit u mad america blew u the fck away?,1
Transgender is a mental disorder and so is homosexual.,1
You don't have to be out for your bisexuality to be valid. Happy birthday!,0
"If you're concerned about the misinformation re: LGBT by the govt, please help LGBT organizations such as below to fund their campaigns! URL",0
Spit in her face then skull fuck her cunt throat,1
spanish people are more sexy than anyone in the world,0
10 Jumping people is pussy af Bonus pussy points if pull a knife,1
I'm also bi so I just want to say that my love and support is going to you!,0
Smart men know you protect women.,0
ugly ass dyke ass annoying ass short ass having bich,1
"She should be exterminated along with half the ""people"" in this video.",1
Stupid fucking Italians maybe try building your forts on land next time,1
Incredibly honored and proud to be speaking on 's LGBTQ Enterprising Women Panel this month alongside these women! URL,0
"The Squad is a squad because for people of color especially, there's safety in numbers and power in solidarity. URL",0
"Brittanya O'Camp is her birth name, she's not Asian. She's Latin/Hispanic",0
"O Asshole, leave this country and should be kicked your ass to Afghanistan or India you MC",1
Latina with a Masters! We're underrepresented in my field at this level. We gotta change that.,0
All the legal Mexican American thank them as well,0
Trans Ballerina Jayna Ledford Is Shattering Stereotypes URL,0
Some are just great black mothers,0
Rethugicans dont care about your Black ass either.,1
Calling yourself *preferred gender* is more valid than calling a car or ship a girl or anything,0
"No one's asking for the haram to be turned halal, WE JUST WANT THE SAME RIGHTS DO YOU SEE THE DIFFERENCE OR NOT?",0
i think you forget that i'm actually your favorite mutual ma'am URL,0
"Yes, says the moron fat-shaming a child.",1
Prime Minister Modi pays tribute to at her residence in Delhi URL URL,0
YOU FUCKING N****R I FUCKED YOUR MOM YOU GAY LITTLE BITCH Sincearly- A raging 9 year old on Xbox 360 after I verified his mincraft house in 2014,1
dumb goes bum hoes fuck i can't stand em',1
Allah yer7amo- I'm positive that he's been proud since the day you were born! May Allah reunite you with him in Jannah,0
Yea lets open up our borders,0
Pride pin shit gay people are honestly degenerate retards,1
"Incorrect, slaves are blacks and blacks are apes.",1
Atleast they will make sure the country is strong and economically sound unlike the places where you get jailed for speaking or insulting someone.,0
Stop lying and go fuck yourself faggot.,1
fags must definitely live in chastity!,1
I'd smack your ass leaving handprints then fill your pussy with my fat cock (;,1
" I grew up hearing similar lines of thinking: ""If Christians have the Holy Spirit we should be the best at everything!""",0
Totally would have her in the alley afterwards with my cock up her tight ass.,1
A proud moment ror gay rights.,0
"As a fellow bi girl, I would just like to say  Seriously, you're doing great, you're super cute!",0
Her reaction when he kisses her cheek.  URL,0
"nigga fuck u &amp; yo mama, my shit work too lil retard !",1
He Fucked Me Hard In The Shower And Came On My Big Tits - Mini Diva URL URL,1
"Great job IRAN, exactly what you said. ",0
Yaaass ! Thank you for supporting the LGBTQ+,0
That sounds epic!!! Almost All my friends at school know and i havent flat out told my parents but they know I'm not straight.,0
We are facing the consequences for not following the instructions of Allah URL,0
Whenever Ted Cruz talks I just think he must be the devil.,1
"Jews are white you fucking tard, they just tend to hate themselves more.",1
IT HAPPENS TO EVERY RACE YOU RACIST BLACK PEOPLE!,1
i eat child specifically gay child because i hate gay people,1
This just proves that Africans are morons,1
"You might be interested to know that there are Christian communities in India that are older than in the west, too.",0
Ms Walker should be on one of the US currencies. I think she is the first black female business woman.,0
The pussy must be as crazy as her.,1
announces Religious Freedom Week 2019 URL URL,0
I'm glad that they are using an Asian actress for Mulan she looks very elegant too,0
Eid Mubarak to all of u.. May ALLAH shower his countless blessings upon you and your family...  URL,0
> We are a weird *gender* of the species FTFY,0
"What the fuck is even up with this fat fuck, fucking pathetic little bitch.",1
tengtx bitch I'll beat yo mama ass for the dumb ass comment,1
hey as a lebanese non-binary person this is hilarious and adorable.,0
Black history month. Breast cancer awareness month.,0
"Dead ass, that Ordes Speaks nigga and his WHOLE frat needs to be in jail.",1
"This woman is not a president, she is a fake-governor.",1
Why would anyone want a sour faced negative white person hating old bag like you on stage with them?,1
"I find beauty in all walks of life. I don't discriminate. However, I have a very strong attraction to Spanish women.",0
"satan would reject you to hell, and say its too harsh for the other people.",1
I would deport the bloody lot!,1
"You can fight with the Muslims, you are the coward peoples of world's.",1
And the damn dog should have been microchipped already!,1
Janice Fiamengo is also a great speaker for real equality.,0
"She's not nuts, it's the ppl that voted her in that are nuts!",1
to all our Muslim followers. Today is your day to celebrate the goodness in your life,0
You don't need that slut in your life,1
Straight dude here. You look great. Good for you!,0
I don’t give a fuck about Ethan.,1
Be the man she prayed for,0
Throw the Jews under the bus to appease the radical Muslims & Palestinians.,1
"In other news, there are now 680 new job openings in Mississippi for American workers. Of all races! URL",0
i love india i love ms dhoni (mahi) but icc cricket World Cup lost in india,0
Has the queen returned to her throne?,0
GET YOUR FILTHY DISGUSTING DEMOCRAT PAWS OFF MY WALLET!,1
I hope she drugs and rapes him,1
Hey tbh it's okay if you like 1 or both genders it's the fact that if it makes you happy,0
Should've beat that other nig's ass too.,1
non-passing trans women are amazing and deserve respect and validation and love and all the good things,0
And what is worse is all the mindless idiots that follow these Liberal Elite Assholes and look up to them.,1
STEM generally is a field that lacks female representation. Hope that changes. I strive to become a part of that change,0
There's nothing wrong with being mixed race.,0
White men were born to eat BBC cum out of your butt!!!,1
" Fun fact: Disney wouldn't be ""making"" Valkyrie gay/bi, they'd be keeping true to the comics. URL",0
CNN is absolutely right family's need to stay together so they need to get the fuck out and take your bastard welfare kids right with you,1
He should be skinned to death sick cunt probably rapped her after,1
Send the fuckers back across the border,1
Fuck I'd dismantle a psychologist like that in an hour.,1
I appreciate beauty even if I'm not sexually attracted to it.,0
Bi update: Passionately bisexual at the moment.,0
Makes sense. I'm a straight woman but I've actually really enjoyed everyone on this season. Although 11p on Monday is hella late.,0
this sluts lips need to be wrapped around a cock URL,1
These fucking Indians are getting out of hands.,1
OMG thank u bb!!! lets go lesbians here we go URL,0
I'm a woman and I endorse this message,0
"The sex appeal of a pregnant woman. She is beautiful, congratulations dude!",0
WATCH: God Likes People Who Know How to 'Let Go' | United with Israel URL,0
" You guys know I of course I love and accept everyone in the lgbtq community! And also, I LOVE THE CRANES thanks",0
"Maybe, just maybe, you could stop with the Islamophobia.",0
"Mike P*nce is a spineless dickweed with nothing better to serve than his hatred of colored people, homosexuals, or anybody that isn't white.",1
hoes with burning pussy swear everyone want them,1
There are going to be lots of malformed Iranian orphans after fordo melts down.,0
Feminism has suffered sha. Sigh,0
Great way to think and feel. It is about how we feel not if others confuse us for female.,0
She should be banned solely for being a thot.,1
But gendered language like mansplaining is ok. Because only men can be guilty.,0
" They speak Spanish at the welfare offices and school systems. They'll be just fine. After all, that's why they're here.",0
Lame ass niggas cant run 1on1's cuz they pussy,1
allah created white whores as temptation and you degenerates fail everyday hope you enjoy hellfire,1
My masculine is awakening from my spiritual elevation  thank you universe,0
Hong Kong people are independent of Chinese citizenship.,0
M0xyy is some weird autist kid in a grown baby body with poop stuck to his diaper.,1
"To improve your day, there's a transgender pop star on the rise!",0
How you tell a nigga his dick &amp; head trash without hurting his feelings ?,1
" Im being honest, i dont know how to talk to trans. I only call them mate and only that",0
"I will be happy to go to jail, than have some twit telling me what to do.",1
If you want to come hang out with some fun trans people we all up in here : URL,0
You will all lose your heads.,1
HE'S A FUCKING PSYCHOTIC INCEL WHO DESERVES TO FUCKING PERISH,1
The r/bisexual subreddit is also very welcoming to straight allies and all of us love supportive parents.,0
I'm gonna shit all over this person and then be surprised that it upset them.,1
"Via the HRC: Maine Gov. Janet Mills Signs Legislation Protecting LGBTQ Youth from ""Conversion Therapy"" URL",0
Hero Rohit Sharma love From Pakistan,0
Go find a random dick to put in that cunt,1
Ghana: Rawlings Calls On Ghanaians to Embrace family Planning URL,0
Adding to what already has been said I'd broadly consider Georgia and Armenia as European as well because of the shared Christian heritage.,0
"Hey, don't insult a great religion like that! Speaking of the Church of Satan of course.",0
"And yes, probably demented like creepy Joe.",1
Fuck ur holes like there's no tomorrow,1
Cause he's white and privileged so fuck him in particular even though he's raped one person and has been deemed unlikely to be a repeat offender.,1
hopefully they will abort ALL the anchor babies illegally born here by the foreign female aliens !,1
I appreciate being bilingual with both African American Vernacular English and corporate white American English,0
"I love being a woman, but I wouldn't say there are ""perks"" to being one.",0
"Colombia grants citizenship to 24,000 children born to Venezuelan mothers URL",0
"Well boys, we did it. Homophobia is no more.",0
"boys, appreciate your girl that's all what they're ask for",0
She should edge herself with a mouth full of cum,1
America will stop invading countries when muslims stop decapatating people in the name of allah.,1
WE LOVE AN LGBTQ HERO UGH,0
First Openly Gay MP Elected In Japan URL via URL,0
Once done they tossed and kicked their heads away like so much garbage,1
They're all a bunch of faggot ass munchers at morehouse anyway,1
Pray tell YR plans to kill Iranians,1
Someone kill these people before they'll have a chance to breed,1
controlling bitchI would dump her ass so fast.,1
"They're a bunch of Christian murdering scum running giant death factories, keeping babies alive, and selling their body parts.",1
i won't start beef as long as you support the lgbt,0
"Simple solution, she's a thot so you must eradicate her",1
"I hope that inbred, mentally disturbed terrorist bitch goes to prison.",1
"Happy pride month! Protect trans kids, bisexuals aren't confused, and asexuals and aromantics are valid! URL",0
It’s Orange Fucktard time.,1
She's a fuck toy cock whore who loves sucking dick,1
"delete me out this foolishness, nigger",1
I would slap my dick across her face and then shove my cock into her mouth.,1
This is just proofs how peacefull Palestina and the people supporting them are,0
"No nerves were hit, I just can't stand imbecile cunt bags like you.",1
I'm also an agnostic theist. Good stuff man,0
They can't gift iconik dumbitch kys fag,1
I'm bi and came out to everyone the same way lmao.,0
"We're very happy to announce Jody Wilson-Raybould - Puglaas at Feminists Deliver on Thursday, June 6th at 1 pm. URL",0
Lil bitch can't handle a real girl anyways tiny dick bitch!,1
Pushed by youtube joos your trash supremacist jew,1
How to reach into my screen and squeeze his cheeks URL,0
We need to bring these people to safety by shipping them to Taiwan or they will be sent to concentration camps in Xinjiang.,0
"I find really tall woman, or women with broad shoulders and big biceps super attractive *swoonsintotheirarms*",0
Your God is a pedophile who fucks goats.,1
"stay safe OP, from one asian to anotha",0
She nothin' but a no good fat pussy bitch man leave her be,1
Without ALLAH I am nothing!,0
Congratulations Modi and India! Respect from,0
We need concentration camps for theses freaks,1
lol this nigga actually believes those retarded black israelites,1
My masculine is awakening from my spiritual elevation,0
Survivor producers when theirs a white male period,0
A woman in general is nice as well.,0
he doesn't even have to try he's so effortlessly beautiful URL,0
i'm cis but at least 3 of my ftm friends like cavetown,0
The NHS have some resources to check out if you are an LGBTQ+ individual struggling with their mental health.  URL,0
These Guys being Gay and Proud. I can respect that,0
Just a very sick sick dumorat.,1
"Yes, a sermon on Presbyterian Church government. I love Presbyterianism. URL",0
I wanna push her to her knees and slam my hard throbbing dick in her and gag her until I unload deep down her throat!,1
"popsirens, popcrave, popalarms holy shit the faggots cant come up with something else",1
I can't believe this faggot replied to you,1
That is the kind of women I respect,0
go rape yourself you cause a lot of violence,1
Faggots that need to be re educated,1
She's an evil bitch that needs to be deported back to her own damn country!!,1
"Maybe if all these toxic men would stop raping little girls, we never would be here.",1
Jewish law experts help Cambodian genocide victims find justice at tribunal: Times of Israel URL,0
Why even make this post u dumb fucking faggot.,1
Saudi women gain right to travel without permission - UPI News URL,0
" I am the righteousness of God in Christ Jesus. I am blessed, and am a blessing.",0
Fuck the illegal go back to your own shithole country,1
he sent the bitch home and y'all fags still crying.,1
Any girl letting ac eat their pussy needs to be put down,1
Tribute to two real stars raising interracial porn to the excellence.. & URL,0
You avoid our pretty black girl's and selected a stupid white girl what a pity,1
Stupid bitch hope she gets what she deserves,1
"Elon Musk is a piece of shit, greedy capitalist who exploits workers, and offers nothing of real benefit to the world.",1
I love this woman. What a historic female Patriot to this country.,0
"Look how oppressed he is when he's just sharing the ""good news"" that LGBT people are going to hell.",1
Go mormons! Battle the cartels with tactics,0
"June is , so join us as we celebrate all the wonderful diversity found throughout the natural world.  URL",0
Lil sexy ass come gag on my dick babygirl,1
Our priority is Kashmir when it comes to supporting people outside Pakistan.,0
Just hang that Jew from a tree branch and divide his assets among the victims.,1
seungmin said pansexuality is valid and he's proud of yall for being who you are !!!! URL,0
Racist ass rodent xenophobic whores URL,1
This guy made his turban rainbow for Pride and it's everything  URL,0
"Girls that keep sucking after you nut, should be charged with attempted murder!",1
{Icyepiclogic } yes you can the church is accepting of everyone,0
quick call to my bitch #domination #humiliation # See this and more at: URL URL,1
"im a simple lesbian. i see a bishounen, i want to be them",0
Exactly! LGBT representation is hard to do right but when it is you can tell and it's just EEEEEEEE. Thanks for being understanding though,0
niggas are bitches and a waste of time,1
Insha Allah The only punishment for them should be hanged till death# Molvies FASAAD fhisabilillah,1
"You look like the type of woman who enjoys rape fantasies ""Please sex murder me""",1
Can you stop being a dumb nigga you crackbaby ?,1
Come to Singapore. We love all tourists. Nice and polite Singaporeans waiting for you.,0
That's what a fucked up faggot brain does to you,1
"Okay, r/niceguys front man. Who's the incel again?",0
Sexuality ifluid mntase. Sexual orientation categories are more for social group identities than for individual experiences if we're keeping it 98 plus 2. URL,0
White supremist this can always find colored negros to lay down cover fire for their madness.,1
Mustafa Kamal is a man of character and god fearing thoughts make him perfect leader. URL,0
"Try me, fucking mexican little bitch",1
That toothless old white woman is a thief!,1
The only thing redeeming about this hag is her tits.,1
Girls are WAY more selective than guys.,0
Im black and I finally have self esteem! And it's all thanks to this video yall!,0
Polish Photographer Creates Amazing Slavic Pagan Themed Photoshoot And Proves Slavs Have Amazing Culture URL,0
quit being a simp and get some fresh pussy,1
"I like friendly, emotionally put together women. Probably why I dig older women so much.",0
Y'all fuck ugly guys on the regular funny or not anyways tbh,1
Why is terrorism associated with Al Qaeda? Islam means peace ‼,0
"My whole tl after Jooheon's ""baksu"" became a hot topic: URL",0
hope it was worth selling your souls by wearing that gay flag.,1
"As a Kiwi, Ive got to hand it to the Indian fans. Most passionate in the World.",0
All chicks need is a catheter up their piss hole.,1
I don't mind any orientation as long as it you.,0
And go through the trouble of dealing with your disgusting fat dead ass?,1
Islamic terrorists: smoke 'em if you got 'em.,1
Fuck ur holes like there's no tomorrow,1
Ilhan Omar has had to apologize for her anti-Semitism - WATCH! URL,0
Look at the lying media giving libtardism the advantage when reality shows the left is incompetent and pathetic,1
Hey I'm so bisexual rn happy pride URL,0
You're taking a small part of social justice you don't like and claim that's all it is. Equal opportunity is also social justice.,0
Shut the absolute fuck up you stupid ass goddamn moron,1
"What a fuckin idiot, imagine that you have a MOTHER who raised you to be like this?",1
A win for Puerto Ricans.,0
Love how they love black men,0
Now the fool is spewing lies in Italy and Scotland.,1
"His family is Taiwanese. Ethnically still Han Chinese, but still an important distinction to many people.",0
Nigga fade cool you can't even lie,0
After 84 attack. There are zero attacks by Sikhs.,0
Better get 2 abortions for your spawn cause you're a dickun,1
NTA Her insecurity issues are her problem. It's healthy for people to have platonic relationships with people of all and any gender.,0
we're two against one dumbass hoe,1
See you all this Sunday for our Women's Day Edition Market  URL,0
Go fuck yourself you ugly Jewish boy,1
i'm obsessed with the women on euphoria URL,0
UNWRA also provides for refugees in other neighboring countries.,0
WE LOVE INDIA'S MODI! TRUMP 2020,0
I'm so fearful of brown people!,1
y'all qaeda should be dumped in guantanamo if that's what your govt does to brown peeps,1
Their opinions should not dictate her living her life.,0
The only famous black chef I know about is our dear dear Ainsley Hariott,0
New modern warfare coming out so I can trick shot and call people niggers,1
The pussy that gave birth to u is a trash,1
Wishing all of our Muslim customers Eid al-Adha. URL,0
"When playboi carti said ""she just wanna have fun so just let her"" I felt that",0
another bitch will when another bitch can't,1
remove her fucking channel and lock her up.,1
"That's an answer to the question posed above me, lol. Not that I agree with it, but goodness for Christians is rooted in God.",0
What a bunch of liberal faggots,1
aww booboo - does the nasty woman intimidate your minuscule manhood?,1
"Wow, the carpenter is a woman",0
"Hey gal, 1520 here, asian, going to my state school. Not an issue.",0
Not all Christian's are like this.,0
"And he saith unto them, Follow me, and I will make you fishers of men. ~Matthew 4:19 ",0
Liberal Mob Forms Human Chain to Prevent ICE From Detaining Illegal Immigrant in Tennessee URL,0
Xhosa Women are the Future  Leadership President 2024 URL,0
I want to punch this bitch in the throat URL,1
This is why you'll never get laid- you're a disgusting asshole,1
Wow he did that. By 2025 Majority of Lawyers in America will be black per-capita.,0
She would look great filled with white cocks.,1
Imagine not eating pork because some pedo fag that died 2000 years ago said something about pigs one time,1
As a closeted trans guy the last words made me cry.,0
"Just like Arius, Pelagius, Joseph Smith and all the other edgy radicals amirite?",0
Good morning beautiful black ppl..,0
A bitch will wake up and eat hot cheetos every morning but got the nerve to judge a bitch for suckin a cucumber,1
This how bitches tht talk the most shit shaped likelookin like crushed refrigerator,1
Why is all these rapers die when they just trying to help like him and xxxtentacion,0
"You got the girl, you fucked the bitch, now all you do is fuckin ditch.",1
What a fantastic group of women to be our world champions. URL,0
Lol because must of em are lgbt States u homosexuals getting your wake up call by god,1
They're just angry tradcuck virgins mad that white women don't wanna fuck them.,1
Omg another transgirl aaaaah your so beautiful I'm also trans looking for trans friends,0
Ain't nobody ask yall to post them burnt ass pics.,1
All men have a gay orgy to stop future generations from existing,1
Have these iranian fucks failed to remember 1991?,1
Africans let's gather here and celebrate,0
GOD PLEASE HAVE TRUMP DEPORT THIS BRIT PIECE OF SHIT BACK ACROSS THE BIG POND!!,1
"I just saw the speech, very diverse crowd, of blacks, whites, and men and women! A very good sign!",0
"i grew up muslim too, its pretty good to me.",0
I will always LOVE and always will support L.G.B.T.,0
So in what country did you kill and rape innocent people?,1
Everyone loves Ellen the lgbt+ qweeeennnn,0
Ik you're goated cause u can clutch anything and r my favorite Asian,0
I'd fuck your pussy so deep you'd choke on my cock.,1
Just a whole bunch of suckin and fucking from a cum dumpster behind a trash dumpster.,1
Don't underestimate power of women,0
"The only education that you will have is my white superior cock, fucking nigger slut.",1
I know a gay couple that's into it. Would that be something for you or do you love the m/f dynamic?,0
One of the only times I'm proud to be Desi lol.,0
"This shit has to be ironic, I know feminists are dumb, but they can't be this dumb",1
How about you suck my dick you fucking degenerate,1
"Im chinese but have really dark skin due to my parent's genes,and I agree,my country's(singapore) people are all friends with different races and religions.",0
I hardly even care how deep the country fucks itself.,1
I rather die from my birth control than to have any of these niggas kids,1
A son of God is a man of God not necessarily a pastor,0
I want to kill Muslims with bullets dip in pig's blood,1
Good Morning Tweetarians  Eid Mubarak everyone may your journey in life be directed by Allah.,0
"She looks to be the type to make nipples hard, and dicks soft.",1
Please join us in a one-minute prayer for those with autism. URL URL,0
Some of the smartest and nicest people I have met are from India! Much respect!,0
"Bill Christian You mean the little dipshits that can't read, write, or spell?",1
"Christian here! Not sure if you're a fellow brother, but if you are, you deserve a pat on the back.",0
we gonna suck bite slap her big tits thn fuck them n jizz all on them shes such a fit slut,1
Run with any of these teams it doesn't matter you'll still get ran by me with the skins every time‍,0
She make da whole dick disappear once I fuck I b like yuck I wish this bitch disappear,1
Why are bitches going to grocery stores in they bra and panties terrorizing the customers?,1
Clashes outside primary school over same-sex relationship lessons URL,0
" Blanket statements about religious and ethnic groups don't really carry much weight in my mind, but, to each their own I suppose.",0
these people are sick in the head murdering innocent people,1
// actually they are feminist males/females,0
Dude fucking illegals pieces of shit,1
why are black male rappers and artists always become pedophiles and rapists,1
Phallus must've been speaking to her.,0
Is arameo.(sp?) The true language of the Jews from Jesus's days?,0
Child molesting Jew fuck needs to be hung in public,1
New found respect for her for featuring black women in a non fetishizing way. She learned,0
Go and take down other religious since religion is dumb,1
My Native American grandmother had the same experience if hiding her identity in a racist society.,0
I want to see Karen’s getting the sh t kicked out of them,1
"Slaves are there to be used, now stay still while I fuck you",1
"I'll make these dudes cut parts of their dicks off, but telling them to stop slavery would be unreasonable!",1
America is a white supremacist nation.,1
is that why you banned transgenders from serving in the military? you do know that T stands for trans...right??,0
Halal is secular and everyone have to accept it.,0
You look like a gay cop who was caught fucking the junior deputies,1
People with autism always amaze me,0
Praying for a majority minority Gwinnett,0
Nah dead ass those be the bitches throwing food and acting a fool in the cafe.,1
We can never forget that the fight for trans lives is global. URL,0
your mom gay and your hair looks like pewbs.,1
I mean I hated this white person yesterday. But i realize that we should united and not separated. Love for everyone,0
"Very race specific looks like. Nice gesture,but it would be a great gesture if it included struggling white students as well. Not impressed.",0
I dont give a fuck what you think I fucking hate muslims i would send every one of them home,1
You're one brave trans woman my friend <3 07,0
Saddam: Stop stealing our oil Kuwait: No and your women are whores lmao Saddam: Aight bet URL,1
"If you want to end it, bounce them back over the border or execute them for breaking into our country.",1
Blacks are more racist than whites!,1
"Trump team to free migrants in Florida's Broward, Palm Beach counties URL",0
Kawhi Leonard is the best and best example for all African americans,0
Z suck a bag full of white dicks,1
Lmao This title fits perfectly with this fucken pedophile.,1
"Who cares if she's black? The person she is, and the things she's done to keep kids healthy are great regardless",0
A Man Is Powerful With The Right Girl.,0
I want to thank this guy for interviewing the Indian zpop idols.. Really.. for showing respect..,0
Which is the restroom for women with penises?,1
"Please help support Asexual Trans Pride, add a now! URL",0
She fucks 5 people a day.,1
"Are the minorities still considered as family, friends, neighbors....? Are Kashmiris even considered Indian??",0
Fucking disgusting I'd punch that fat blonde bint straight in her fat gob!!!!!,1
"In honor of , read 's love letter to the LGBTQ community URL URL",0
"If Islam is true, the Virgin Marry is part of the trinity and Muhammad is a pedophile.",1
It should NOT have a Muslim running it.,1
Third place with 32? What the hell?,0
Respect to the Indian people,0
I think that Allah and Abraham consented to killing Ishmael so apparently it was all good.,0
" Lily isn't a guy, she's transgender.",0
At the press junket. Loving these strong female heroes portrayed on the big screen URL,0
No disrespect but Angelo is one fine strong black man.,0
I'm honestly blessed bc my wife is perfect in all aspects,0
STOP Genociding The Amhara People &,0
The least we could do this Pride month is get a trans mother back to her kids. Donate and share! URL,0
Give Visas a purpose for once,0
Fuck (Mohhamed) he was a child rapist fuck (Islam) I piss on the Qur'an dumbass,1
Better tell that to your church's pedophiles who molest boys.,1
" Immigration laws, family, work status?",0
I'm atheist but my family is christian,0
retweet this you fucking cummy fags subscribe to see full 5 mins + massive cum shot URL URL,1
Eid Mubarak to my brothers celebrating.,0
Seeing trans people that are hot af definitely makes me feel more secure and comfortable and hopeful.,0
How saggy are ur fuckin tits that theyre at ur fuckin hips?!?!?,1
Yes we're Christians! Thx for the support G,0
A country full of fat fucking dumb child abusing losers.,1
We need to have people like you spayed and neutered!,1
"Usha Ramanathan declared ""Hero"" for speaking out against India's controversial Aadhaar digital identity programme. URL",0
"I take solice in the knowledge that your kind will be dead soon enough, and hopefully the country won't have turned into a socialist latino cess pool by then.",1
"Eid Mubarak to all our brothers and sisters around the world, I wish you all a splendid Eid!",0
"that's awesome! you look great, and as a young trans dude myself, that's kinda like a role model to me.",0
Israel owes reparations to Palestinians. We can all play that game.,0
This is the type of woman that you marry!!!,0
Dane Jones Hot teen with plump bum fucks her older lovers fat cock URL,1
"Neither of those start with n, the n word is nigger",1
Bitches is so fake it makes me sick to my stomach!,1
stupid ass hoe built like a piece of cabbage,1
A beacon of light for women sports.,0
Ain't this the truth? Hope you and family have a relaxing Sunday  (his name is Pastor YPJ) URL,0
I'll try. I think his account is private,0
You patriarchy princesses can't even justify your own humanity without mentioning the feminism you hate.,1
"Suck my dick you braindead pozzed pussy, research shows",1
"fuck that nigga , fuck his friends &amp; fuck his BITCH",1
Marriane is amazing when it comes to speaking about race relations,0
Straight is my preference but honestly they are all cute,0
That's awesome! I'm also bi and my bday is on June 1 lol,0
IF I HAD A DICK I WOULD PUT IT OUT AND PISS ON EM',1
"dafttool Shut up, you decrepit little phaggot.",1
ur not a lesbian ur a whole ass n*gga URL,1
I'd deport them all to feminist shithole Sweden.,1
"Happy Easter! This woman is clearly dedicated to the lord, I respect that",0
"I never had a problem to begin with, my lovely lady is Mexican and native american.",0
"heres your phone hey lets bang a few times then im out , seeya , good luck with fuckface",1
Equality for all means *ALL*,0
Private school douche bag who never really stopped 'experimenting' with dick sucking,1
"I hate bitches with a 1,000 nigga friends fuck round be with the opps u gone get shot with them",1
she has transitioned and her wife is fully supportive,0
I punched the jews because it raped Ukip.,1
Omg shut up you dick riding faggot,1
If the Pyramids were built by Europeans instead of Africans they wouldn't be trying to say aliens did it,0
Don't u dare fucking simp today bitch,1
Why they didn't make Mulan black? Like little mermaid? I want more diversity,0
So basically I might be in love with you ‍,0
Sweet! I think that's great and I'm glad that men's groups are also fighting for equal rights.,0
he sucks huge hollywood dicks just to be that goody too shoes lil fuckin chink.,1
Y'all can't get these men to take y'all on $200 dates but y'all sucking dick while y'all on your period.,1
"I'm usualy not the guy who says how cute anything is but Latina, oh boy",0
I'm just gonna mention that trans women exists and this seems tangently related. Trans girls are valid and you're valid,0
fucking CUNT dumb WHORE stupid IDIOT,1
And you can breed black peoples by giving them government paid child support,1
"Go back to sucking a cock, you fucking bitch.",1
Bcuz Dem MFkn hoes are hypocritical.,1
: my friend lesbian girl Retweet Follow And Like URL,0
Eat [this](URL too along with your pile of halal shit,1
Please read this. This is so very eye opening and could help so many LGBTQ members of our faith. URL,0
Blessed are those who trust in The Lord. - Jeremiah 17:7  URL,0
Motherfuckers to fix their own countries and stop ruining ours.,1
"They're neither. They're Finno-Ugric, an entirely unique people group including them, the Estonians, the ugarians, and the Hungarians",0
What does it mean for you to be an Asian-American running for president?,0
South Korea will ease the Visa Application for Filipinos URL,0
The tape gag will muffle your cries when you cum!,1
Props to the blue wig women.,0
Why dont you have that nigger cunt on display?!,1
Judaize. Same offence used by the Inquisition to persecute Jews in the 15th and 16th centuries.,0
Think of all the hateful shit that has gone on in the last 2000 years because this made up bullshit has people repressing themselves for fear of eternal damnation.,1
"I'm not a lesbian, but I can return a high five! \*high fives in straight guy\*",0
"MAKE America USA GODLY AGAIN!! ( Psalms 33:12-22 KJV ) ""Blessed is the Nation whose GOD is the LORD.... URL via ",0
#BURN IN HOLY BREAD YA FUCKING BITCH,1
We support trans people here,0
I'd bend you over and fuck you until cum leaks down your ass,1
yeah by little dicked honky assholes shooting up walmarts and other public places.,1
Yesss me too my girlfriend is mixed like me Dominican and. Turkish so we both understand what it's like,0
She should get hit by a fucking door,1
"Ur kind of a low iq dumfuck, arentcha?",1
"Beezus C Hrist if you look anywhere on the map, predominantly Hispanic and black countries are poop holes.",1
Next nigga make me mad I'm beating they ass omm.,1
So that's why there are so many retards on earth,1
Then I'd titfuck your big cow udders and finish by covering them with my cum.,1
Gender Euphoria Therapy? I can dig this.,0
People like this need to literally be castrated.,1
" Om shanti. One of the finest foreign Minister of India, who gave a new identity to Ministry of External affairs. RIP Sushma ji",0
What are the hand gestures ?,0
Bitches really is stupid dumb ass bitch,1
Why dont u fucking vault the robot u fucking retarded ass niggas,1
"I'm just happy that it's happening now, better late than never and I'm glad supporting lgbt has become ""mainstream"" in recent times.",0
Eid Mubarak to everyone that celebrates it !,0
i want to throw up wtf men are fucking trash,1
WE ARE PROUD OF YOU SARFARAZ FOR STICKING TO OUR TRADITIONAL ATTIRE WHILE REPRESENTING US GLOBALLY MORE POWER TO YOU  URL,0
Send now faggots #footmaster #footworship #paypig #humanATM #jockfeet #findom #cashfag #cashslave URL,1
"If that's the case, then why is the male sex drive *significantly* several times stronger than a female's?",0
Can you break the ice by asking him something about his work?,0
Chinese staff take home highest salaries in UK's ethnicity pay gap URL,0
"Callicles credits ""Black Lives Matter"" with the coming downfall of Kamala Harris. Why? Check it out. URL",0
MCWDD you haven't missed much Just a pack of hyenas cackling about how every white Aussie is wacist,1
Stop trying to turn our nation into the shithole country you come fromgo the fuck back and help those Muslim cunts.,1
"Representatives: indigenous Kadasan-dusun, Islam, Buddhism, and Christianity. It is so heartwarming to see religious leaders sit side by side to talk about conservation.",0
"Dumb stupid hoe, the fucking CHEEK, I beg I don't even CHAT to her, omg please I will drag a bitch",1
more proof that whites are subhuman,1
Much love proud to be African,0
You hypocritical fuckers are opening up a can of worms that you will never be able to reclose.,1
Women ruin every government they touch and then they fucking pout about,1
Batsman!  was the man to bag our first goal of pre-season! URL,0
It's great to see Buddhism emerging positively in the political setting.,0
Honestly why are there so many different sexualities now just bang who you wanna bang or dont,0
wow women who like being big spoon are appreciated,0
"Yep those Trumptards, sure wish they had a union now to fight the vaccination legal battle, dumbassess??",1
"Congrats! That's great you're with someone you can be open about your sexuality with, this will only make your relationship stronger",0
"Salute to these Pakistani fans, cheering up in this situation as well.",0
Eid Mubarak may Allah (SWT) permit us wit seeing another eid. Ameeen URL,0
I have so much respect for the 90's Japanese drifters:,0
How To Talk To Your Kids About LGBTQ+ Issues.. URL,0
Sikh and Buddhists would be my go to if I was into religion,0
Don't rape any kids on the way to the Q&A.,1
Hey that's an insult to autistic people.,0
"God bless those brave Americans, Canadians and Britishers.",0
Most of these female Avengers embraced Hinduism in real life... Lord Krishna loves them all,0
Whole time she had somebody else bitches retarded ‍,1
"#tittytuesday #aspenromanoff cum for me daddy, and fuck your dumb bitch.",1
ANOTHER GOOD REASON NOT TO DO BUSINESS WITH THESE WOKE FUCKWADS!,1
Maybe just don't be such a faggot pussy and you'd get there.,1
"There is nothing you can do, black people suck.",1
Why can't we have intelligent black people on TV?,1
!flair [I love women and minorities],0
Ben fans reaching for hope,0
Have fun with your raped mother hating you for the rest of your lives.,1
President DONNA JANE TRUMP IS THE ANTICHRIST of Revelation and a TRANNY and you fools that think she's MALE are deceived by HOLLYWOOD and Washington,1
She looks like a washed up porn star,1
Wonderful Fabulous News!!! Gay Marriage Pride dears!,0
I don't want to make everything lgbt. Nearly all of my favorite ships are straight. I just wanted to make something for pride month.,0
niggas fuck off but want they bitch perfect,1
"That is actually a correct statement, transmen are indeed not women. Thank you r/The_Donald, very cool. URL",0
How You Gon Bash Me Then Try To Fuck Me Hoe You Super Fake,1
What a flat ass you've got.,1
West Point to graduate record number of black female cadets URL URL,0
Sometimes you gotta have a baby on a nigga to show him you not playing,1
"> ridding Nice word, faggot WHY DONT YOU FUCKEN FIGHT ME",1
Can hit your bitch you can never hit mine nigga,1
This picture shows the love of kashmiri youth for Pakistan... URL,0
how about you go put a dick back in your mouth so you can shut the fuck up,1
+James Jones yeah African Americans,0
Tens of thousands join annual Israel solidarity march along New York's 5th Ave URL via,0
That was absolutely beautiful and was a powerful description of the Catholic faith. God bless you.,0
"It's a little comforting knowing that masculine ladies can relate. Welcome to the club, sister!",0
You sir should be exiled out of America and all your sitting democrats!,1
FATAH: India wins freedom 2.0 URL Some very interesting observations here!,0
tyga is a fAG and his weak lyrics,1
Both of us are Latino,0
Nevada became the 10th state to allow gender neutral IDs URL,0
Bend over and take this dick like the slut that you are,1
can someone slap this dumb hoe,1
I'm a huge fan of really dark skin women and i've no African blood in me.,0
Am a catholic I agree with you 100%,0
Naomi Campbell is a cum guzzling whooore,1
Thanks to Allah and I pray for all Muslim brother and sister in the world good evening,0
They have lost their minds and they are absolutely racist a-holes against white people￼.,1
Gays: fucking without spirituality is as hollow as an ass without dick.,1
| Political Bureau Official: International Quds Day kept Palestine alive in our hearts and minds,0
Go to Mexico and fix it you Village Idiot.,1
"Keep her bent over, rip the shorts off and pull her hair while I gape her asshole",1
"Good'o Amalekites, those fucks killed and slaughtered our people too, that tribe were some nasty people",1
"If this dumb bitch is so hot, maybe don't wear long sleeves and a beanie in California in the summertime.",1
"This story only makes me even happier that I am single, and also gay.",0
This music video is so beautiful  I cried at the whole thing I'm Puerto Rican & Taíno Indian but black lives matter,0
Who's the fag on the left?,1
"First off, if he likes crossdressing, leave him be, second off, ask your sister before making any decisions!",0
"Maybe after that, they'll fix where ever you're from because people like you are retarded.",1
This is disgusting so tired of listening and hearing of the bowl crap.,1
Cute boi with the trans flag uvu,0
"Siakam, my hero! And he comes from Cameroon!",0
this hoe looking girl is retarded,1
Niggas said that nigga cleared people out the live like a smoke bomb,1
It's just a little enslavement so I can have a shit ton of gold.,1
As a half Puerto Rican and half Italian I relate to this on so many levels,0
Lachy you don't have a dick suck a fat one,1
u bitches are digusting and shouldnt be allowed to have childrenand u niggas need to stop nuttin in everything URL,1
Trudeau's ISIS leader al-Baghdadi appears to call for attacks on Canada in new audio recording URL,0
"Nahhhh, I am just going to rub and press and slap your ass, asshole, and pussy with my cock teasingly until I hear you beg for it",1
"Please follow this man, he needs friends very badly! ",0
"Happy Pride Month! Whether you're out, questioning, or closeted, your identity and journey are valid and you deserve love and acceptance! ",0
Car full of terrorist and retards,1
"I found tall woman very attractive. Taller than me? Well, hello there..",0
The comment was about California importing cheap labor. So illegal immigration and work visa abuse are all the same issue.,0
Muslims should be banned every where,1
don't underestimate the powers of bi men,0
All niggas do is cheat on they bitch and take her out of town afterwards smh,1
"Trans people exist. They are our friends, they are our allies, they are our family. They deserve to be recognised.",0
"ILHAN OMAR IS A RACIST, TERRORIST!!!",1
You goofy ass niggas be hanging wit niggas who don't take care of their kids,1
"NTA - As a gay man, I thank you so much for standing up for your son.",0
Calvin is one of the weakest bitch ass faggots on earth,1
Help your parents grow a good opinion on the LGBT community. Then the rest is up too you,0
Viva Iran and Iranian super power,0
Right. Petite white girls are great.,0
"Being kind to others, it's really not that difficult URL",0
"Please throw these 3 illegal alien terrorists big mouth ""women"" (and I use the term loosely) OUT OF OUR UNITED STATES OF AMERICA!",1
floriana said that LGBT fans are the best fans,0
as soon as nigga find out you ain stupid now you crazy BOY FUCK YOU!,1
I'm marrying a Venezuelan and theyre ecstatic :),0
Leave Mexico to the shit hole that it is,1
Cellophane deserves the win but will you give it to her? ....,0
"You will be hated by some people for being a Muslim, but in the end you will be accepted by Allah.",0
URL I see you are a (wo)man of culture as well.,0
BRIGHT SIDE hey US thanks for killing middle eastern people even they didn't ask for sleep!,1
Retweet  to share a toast in celebration of Pride Month!!   URL,0
"I apologize, you are right. He just converted from orthodox to reformed in the last few years.",0
They can choke to death on a dick.,1
Indian. Spanish. Nigerian. Every language,0
I'd leave you on your leash in the closet til I needed a good place to dump my cum.,1
Get some fat kids on the US side and catapult those fuckers over man URL,1
Thats why all jews are evil,1
I mean.... I'm aro/ace. So I guess that's kinda sorta gay because I like women the same as men,0
let immigrants into the us,0
Y'all the type to rape just cause women wear skirts,1
Fuck you fucking enviromentalist piece of gay shit,1
It is difficult for a woman to define her feelings in language which is chiefly made by men to express theirs -,0
faggot is a piece of shit scammer,1
"That these arrogant, hate-filled, morally bankrupt lesbian ""women?""",1
"I am very straight, and comfortable enough with that to thank you for the nice compliments.",0
Go play with your ass some more and try to get your dick to work,1
"you will drown in the blood you poured, islamic enemy us bastards",1
"Like every disgusting resluglican you love death, abuse and rape, preferably as it applies to youth.",1
Fellow trans girl here! Love and support confirmed!,0
SHUT THE FUCK UP YOU MONGOLOID,1
• The girl that talks like a god damn retard,1
I wish all of my friends Allah may give lots of love and peace on this special occasion URL,0
MoorsAreIsraelites you fools can't even crush garlic your completely retarded.,1
OMG THE LESBIANS I LOVE THEM  brat better not ruin them or i will fight,0
"Are you trying to make fun of this dude, you fag?",1
If Adam and Eve had children.... And those children had more children together... Doesn't that make us all imbred?,0
"This is a fight for women's lives and fundamental rights, and I intend to win. URL",0
He's not a basketball player Lmaoo buthurt ass nigga,1
I don't deal with bitches no more,1
"It's sad that LGBT rights are a political issue. It should be basic, granted, given! But I am loving this from Taylor Swift!! URL",0
fuck all these hoes tell em stay outta my face,1
"Oh God, Demotivational Poster style memes. God I feel old, I used to spend hours looking those things up.",0
What are your or your people's views on Eastern religions like Hinduism and Buddhism?,0
God I need you more than ever right now,0
Okay thank you my brother. May Allah bless you with good health and wealth,0
Toni Morrison didn't just write about the black American experience. She wrote about the American experience.,0
This is the pinnacle of white culture. I feel honored to be a witness.,0
Patel lol fuck t series you skinny Indian twat,1
6:17 the kids are smiling tho... They are just trying to have fun,0
This is it. I have finally come to understanding of my issues with gender and sexuality. I just wanna be cute.,0
We love a girl who's smart and hot. Respect!,0
Just take a good look at all the symbolism in this shit video oh yeah you sheep are blind as fuck and dumb too.,1
" No Israel exists it's capital of Palestine don't oppress innocent child,men,women",0
Pakistan come back in last matches deserve to be appreciated love from loc kargil,0
If his Jew lawyers don't set this beast free againhopefully he'll get to rot in prison.,1
Nothing like deep throating a boot to prove you aren't gay.,1
"Please help support Pastel Pansexual Pride, add a now! URL",0
Fact: The United States has legal obligations to provide protection to those who qualify as refugees. URL,0
u bitches are digusting and shouldnt be allowed to have childrenand u niggas need to stop nuttin in everything URL,1
Head is so far up her ass she will never see daylight.,1
First time a nigga tell me NO he's clippedfirst all bitch i don't even ask for shit,1
No place on Broadway for jihadi Muslims like this brat.,1
Maybe if we bomb Mexico they will pay their crimes then.,1
All those smart articulate brilliant bold women. When your country finally recognises this is where your future lays you will shine again.,0
Being born a healthy white male to a non-abusive middle-class American family who loved me.,0
guess what this bitch said after choked on my dick.,1
I'd bet money your pussy smells like poverty and tears,1
Jeannie showing first hand how women work in comparison to men in positions of power. Well done Jeannie. You proved a well known point,0
President Trump is GREATEST President for the African American Population in US History! URL,0
You people means the parasite class thats a perpetual victim that finds offense in everything.,1
"Meanwhile, immigrants are risking their lives to give their children a better life. URL",0
These women are so powerful and inspiring,0
Sending my very best wishes to Muslims in the UK and around the world celebrating the festival of Eid al-Fitr. ⁠ URL URL,0
"Rare footage of God, shaping humans in her image and likeness URL",0
This shit not funny or cool if a nigga ever spit on my face or in my mouth ima kill him.,1
Shoutout to all the non-Muslims wishing Muslims a Happy Eid,0
That’s right throw in the racist card you dipshit.,1
Yo fuck these bald shriveled dick pieces of shit.,1
They turn area's into shitholes then moan that they are dangerous URL,1
We should rather see what the LGBTQ+ community did in India. They were an organic movement. They were also successfull.,0
Send the Muslim bitches home to dirt country,1
blake is an awesome mix of caucasian and some black athleticism,0
"me, most of the year: ""i don't really care about my sexuality or whatever it doesn't matter"" me, june 1st 12:00am: URL",0
I hate you cause u ugly and gay,1
Which is the restroom for women with penises?,1
AOC. I love political figures. Lily Singh Aka SuperWoman. I love when she had braids. Indian women are so hot. Jeez.,0
Women with really dark skin are so pretty. The way their eyes stand out is really nice!,0
like she really made an entire album about her bisexual experiences i love her a LGBT queen,0
"It's nothing wrong with being white, black, asian, latino, indian, or anything missing.",0
Don't worry bro us Iranians have enough bombs for all these Arabs lol,1
this going for POC or what?,0
" on a side note, Kashmiri uncles are legends.",0
"200 New Immigrants From France, Russia, Argentina, Brazil, Venezuela Arrived In Israel On Jewish Agency Flights URL",0
"He is RoHitman Sharma, an extraordinary player of Indian cricket team.... who has no ego at all and good human being also. ",0
"Just had a son 3 days ago, all I wanna do is talk about him. OH God... I've transitioned..",0
"CLINTON: THE BIGGEST LYING, DECEITFUL CRIMINAL WITCH THAT HAS BOUGHT THE DEMOCRATS & DESTROYS ANYONE WHO DARES TO GET IN FRONT OF HER.",1
Had multiple of male bestfriends before. But they fell in love with me lol so i decided no more. URL,0
The last thing this bitch needs is roast,1
"what is with white people and being pedophiles, con artists, and terrorists?",1
She can go fuck her self in hell fucking hind bitch,1
Shut up hoe mom should've sucked you back up into her vagina,1
I can smell her filthy stink through the fucking phone and I'm offended that she keeps wasting oxygen that would be better used on someone else.,1
what sort of retard faggot goes through life caring about mean words?,1
Whoa there Buddy!!! Who appointed you gatekeeper for Christians? I'm proud of my church.,0
No. The increase in sex workers is fueled by increase in trafficking and coerced women and underage girls.,0
Just cut them all off already.,1
A bunch of wumao couldn't get their way so threw a hissy fit and pulled out the fucking wumao anthem in australia?,1
The 3 hundred thousand Hindus (actually much more) are being attempted to be resettled from where they were driven out by liberal friendly muslim bigots.,1
Happy Pride ! ‍ URL,0
Xerxes exactly so United States did it for safety and Iran did it for credit.,0
Suck my sweaty cock n balls you stupid twink,1
"Good luck sister, may Allah make things easier for you in the future in sha Allah. Respect for telling your story.",0
Little dicks deserve to suffer and so do the pathetic man-babies attached to them.,1
does skin colour matter to world leaders? does what you believe matter to world leaders?,0
Nothin but bitches I be fuckin,1
If she give birth I'll going to kick her in the clit.,1
I love this video!!! The beat is hypnotic and feminist message is just perfect... Just Brilliant!!!,0
When you hate an entire group of people so much you want them all dead,1
It's ok to just come out.,0
Why does celebrating diversity do more harm than good?,0
Ah yes. My favorite race. Girl.,0
Face fuck the shit out of her,1
Send this cunt packing back to the dirtbag country she came from.,1
Yeah these criminals need to go back to their own countries.,1
Dominican man launches legal case against country's anti-gay laws URL via URL,0
This stupid twit talks too much.,1
Cuomo is an incompetent Governor and lacks the ability to run a state like NY!,1
I know how to beat a bitch until they shit themselves and leave no marks.,1
If you try to come illegally you would be shot by me.,1
This is what it's like to date in your 20s URL,0
Trans people are people. They expect the same variety of things from their partners as everyone else.,0
Hoes need to stop birthing these ugly ass babies and callin them cute and shit idc idc,1
And Ima spit on ya granny dumbass bitch,1
Eid mubarak to all of us. Let us all forgive ang love and just love!,0
Saudi should attack Iran and see what happens to these barbaric cowards!,1
Eid mubarak to everyone celebrating xx,0
"Naaaaaah, Nancy keeps saying that Herr Trump is a man that she can do business with. What could go wrong?",0
My gf is black and the most beautiful woman I've met,0
"Watch this sh*t. M*slims infiltrate, then have a long-term plan to destroy America.",1
"Turkey would help Canada bring former ISIS fighters home, official says URL via ",0
I agree ISIS is true and needs to be stopped!,0
They need to ban abortion its murder and demonic dont give up on a child of God .,0
Goodbye ghetto ass kids and their lowlife parents.,1
Want me one that don't even say hello,0
India's cluster bomb attack on Kashmir hurts Muslim Ummah. May Allah protect Muslims.,0
Haha you're a fucking fag,1
Holy fuck i would love those tits in my face as you rode my hard cock,1
I hope you never have suicidal thoughts you fucking worthless bitch.,1
I don't know who need to hear this but God wont stop blessings people even though you hate them,0
I don't think the Mandarin necessary mean to be a stereotype for Chinese. The word also mean government officials or high-society.,0
Fuck that gun control you aint takn my gun AMS most of the places that are not safe are liberal cities with ninjas,1
You know what we need more of? Movies with strong female protagonists!!,0
I'd choke you while I fuck you rough,1
Going out there looking like a perverted AGP hon is going to scare away the HSTS children who are actually women on the inside.,1
Get rid of the freakin camel and whatever hobbies from the middle east inbred fxxktard,1
#traderjoe #delouse #fuckliberals,1
It's not Hatari's fault that Israel can't handle it. Palestine is a country with a flag. What's wrong with waving it?,0
Native American Proverb — The soul would have no rainbow . . . || URL,0
"I love my fellow non-racist, non sexist Americans. Which I'm happy to say is the majority.",0
really gonna burn white british bitches if they breathe their toilet paper washed ass breath around bts,1
You are going straight to hell woman,1
Because he's a bitch and constantly need attention like a women,1
And fuck anyone who's not from America,1
"Just block me already, female subhuman.",1
Fill my nigger mouth with your white cock,1
Hey it's me! Please take a look at this article about and her project about women like me. URL,0
Do you support the lgbtq. — YES OFCOURSE I LOVE THEM SO MUCH KAYA  URL,0
I attend a Methodist . Take care and God bless.,0
all white people are the devil!,1
Tomi Lauren identifies as a dumb fucking conservathot.,1
She's an ungrateful moron who comes to a country that is blessed by God of Israel,1
I want to watch you stretch out her pussy while she is sucking My cock.,1
he should have fucked her in the ass,1
Niggas do you wrong and act like they ain't do shit,1
"I think you should all defend why you think illegal immigration is good for the US, or fair to anyone.",0
"Diversity is just a code word for ""less white people""lets be fucking real here URL",1
Good comment. Love from India,0
These 4 women need to go to Hell,1
WHY IS RICHIE DARK SKINNED FUCK THAT SHIT!,1
Shut the fuck up you embarrassing mongoloid,1
Africa is full of horrible savage humans,1
Asian women the new wave,0
"Fuck the NBA, NFL and MLB.",1
Somalis came in during the 90s fleeing their civil war. Obama was 18 years later,0
Yeah you like fucking your step mother's pussy don't ya?,1
"I don't need a girl to make me feel masculine. As long as I am both needed and wanted, I feel fulfilled.",0
"Even if I did think someone was a whore, that's my business.",1
"They claim to be open-minded and accepting of others, but go ape-shit crazy when you politely disagree with them!",1
My god India is such a shit hole,1
Fuck Joe Biden!,1
Wish You A Very Happy Birthday May Allah Bless You And Keep You Happy Have An Amazing Year Ahead MRS SRK,0
"RIP ,she was one of the best, if arguably not the best articulate. India loses a great leader and wonderful soul. URL",0
: Leading coalition of free expression organizations highlight unprecedented crackdown on freedom of expression in report to UN URL,0
"Send her back - the Islamist sow supports terrorists - and don't let her back, either.",1
That's just retarded and a waste of time and money.,1
Id beat that bootyhole down babygirl,1
That was in Leviticus (Old Testament). So God used to want you to kill people for that but he changed his mind,0
"There's no such thing as ""hos "", men and women are equal.",0
divine feminine = playing tennis knowing u look hot,0
Fuck religion and fuck those damn retarded beliefs.,1
"Connecticut bi woman here, just know you aren't alone and we all love and accept you.",0
"Most Norwegians should know it, as the viking age is pretty well covered in the curriculum.",0
The woman Muslim she's looking so cute ... music video difference,0
Gender Pay inequality in Nigeria is not a Myth. Let that ring in your head.,0
"Science or religion, we're all just trying to figure this world out. Why so much hatred?",0
Complicated black haired women are the best.,0
MashAllah Beautiful Blessing Of Allah,0
Probably because you were a bitter Betty and you sucked.,1
"Good, fuck these low life people.",1
Hey come join our lgbtq ‍ safe space an make the path to affiliate easier URL,0
". Great story. It explains the history and what's happening now. On 'Jerusalem Day,' Jews Rejoice, Jew-Haters Riot | URL",0
"May 29, 2019 at 10:15AM - Oakland most racially, ethnically diverse USA city : URL",0
Dhoni what a man.. This is show that he is a legend of Indian cricket,0
Suck a lepers dick and keep the tip.,1
He is a walking disaster and so is everything he's involved in.,1
Your mother should have been raped to death while in labor.,1
dumb goes bum hoes fuck i can't stand em',1
Latino vs. Hispanic vs. Spanish URL,0
She raised the voice of Hindus in Bangladesh who r mercilessly persecuted everyday by Majority Muslims. zindabad,0
hot girls just fuck off you fucking troglodyte,1
How Black Lives Matter protesters won the Detroit debate URL,0
cute and fuck bitch face fuck her three holes spank her ass,1
He said that's Nancy pelosi's type taco eating whore,1
"I'm bi, but I use ""gay"" as an umbrella term sometimes. It works for me. Dassit.",0
“You Trumpsters better pray that liberals never gain control of the WH again because we are going to pay you back so fucking hard for all of this shit.,1
"Women that you can discuss societal issues, books, art and films with >>>",0
Eid Mubarak to everyday celebrating today. Have a blessed Eid :),0
You can only fuck Hitler in the ass if you're in hell.,1
You look like a to-order male prostitute who caters to groups of a Japanese businessmen with very specific fetishes.,1
two trans people happy together. Sweet,0
Put a fucking knife up your ass you fucking dumbass,1
I hope your mother dies in crippling agony.,1
I wipe yo face wit them blue hunneds to make ya tears dry,0
In 15-20 years when I have kids I'm gonna raise them gender neutral the best I can,0
These bitches need to be put in jail.,1
Surprisingly its not that expensive to go to Thailand. The flight would be the most expensive but everything there is super cheap.,0
