text,toxic
Sahi yehi dynamic Fare.  Aur loota hai,1
Atul Kulkarni bhai dusro ka to nahi pta but I am love india,0
Babloo Kumar tu ise apna jija bana le,0
Isme naya kya sirf 2 Jan hi Beth sakte hai 😂😆,0
श्री श्री जिनके  लिए पूरी सरकार ने दिल्ली मे यमुना भी बरबाद होने दी सारी सुविधा दी उनसे मिलने से देशविरोध का क्या मतलब बेशक कोई और मिलता तो उसे तमगा और पाकिस्तान का निवास मिलते,1
jaise ki Bhartiya Janta Party ka sankalp tha.......,1
juta nahi bom fekna chahiye tha  mar jata sala chor sakal se to choor lagta hai us se acha to varun ghandhi hai jis me bhartiya sanskar hai,1
"Part time job करके Rs.10,000 - 30,000 हर महीने कमाना चाहते है तो .......आइये DIGITAL INDIA से जुड़िये......Zero investment.... JOIN होने के लिए आप  1⃣ अपने फ़ोन के play store में champcash लिखो और उस app को अपने मोबाइल में install कर लो ! 2⃣ अब app पर click करो और sign up पर click करके अपनी डिटेल्स भर दो. 3⃣ Refer id of sponsor पूछेगा वहाँ पर 15555922 डाल दो  इस I'D (15555922) को खाली पेपर पर लिख लें आगे जरूरत पङेगी  4⃣ complete challenge और अपनी id activate करके business से जुड़ जाओ।",0
ये जीत से बीजेपी के नेता ज्यादा खुश होने की जरूरत नहीं है अपने में घमण्ड नही  उदार बनने की जरूरत है नही तो जनता सिर पर बैठती है तो उठा कर पटकती भी है आप सभी कार्यकरता जमीन से जुडे और जनता का सेवा करे,1
वीरों की कुर्बानी व्यर्थ नहीं जाएगी धन्य वह भारत माता ऐसे वीरों को जन्म देने वाली,0
बहुत ही अच्छा मैं समझता हूं कि अगर ये बातें लोग समझ जाएँ तो लोग सिर्फ आदमी रहेगा  न हिंदु न मुस्लिम और न अन्य  सिर्फ हिंदुस्तानी,0
Har ek female human or animals sabme female hoti hai aur sabka kidhar maa ka jarur hota hai,0
"aakhr ""Dalit ""h to inshan.........",1
In logo pe aur karrawai honi chahiy,0
Abhi maaloom huaa h kya,1
15 क्षेत्रों में प्रत्यक्ष विदेशी निवेश का रास्ता आसान बनाने के सरकार के फैसले के विरोध में भारतीय जनता पार्टी का मजदूर सगंठन उतर आया है। #FDI,0
Bharat main azadi ka fayeda yese kute uthate hai.or foujio or police ka manobal girate hai..agar dusra desh hota to kabhi ka suli pe chada diya hota.,1
Omg kati mota hun k kha rw Ati mota ko,0
tum logon ko surgical strike k meaning hi nahi pata 2 jawano ki beheading kar ka tea biscuit khaa pii k wapis ana isko kehta hn real surgical strike or tmhara media khud iska proof de raha ha doob maro sharam sa 8lakh hinjro ki army bethai hoi ha jo sirf bachon or ladies ko hi darari ha,1
Saurabh apne bhi karte he flare me,0
Bahen ke loude mulle tum sale pahle apne ghar me bhajan karwane ki himmat rakho,1
Bigg boss aapko btana chahte he ki koi bike nhi dikhai jaegi aaj,0
Kya Modi sarkar ki Kashmir policy fail he? Zaverbhai Ranghloliya sec of Gujarat Pradesh Congress Samiti,1
Aur gujrat kaise jana jaata hai,1
Itna kyu jhoot bolte ho lagta.ha pichle saal.ka text chupka rahe ho😂😂,1
आपकी मुस्कुराहट लाजवाब है डिअर,0
Ekansh Singh Gaharwar Are kya muh laga rhe ho inse Ye apne desh ko khila skte hi nih   Chahiye inko kashmir Huh,1
"दिल्ली के डिप्टी सीएम मनीष सिसोदिया का कहना कि दिल्ली ही नहीं, देशभर से लोग चाहते हैं कि दिल्ली पूर्ण राज्य बने, दिल्ली साफसुथरी हो, करप्शन मुक्त हो और पूरे देश के लिए नज़ीर बने...  #ManishSisodia",0
Aabe isse kaunsa award chaiye,0
O surgical strike nahi farzikal strike tha feku ne aur dalal media ne milke deshwasiyon ko chutiya banayatha,1
Bahi ankr to hain jisne firoti Magi thi zindal se or jail bhi gaya tha bo kab se sach bolne laga,1
Wah ji kutta bol hi gya...Itna bada besharm hai ye insan ....Ki iske chennal pr iske har vedio pr like se kai guna jyda unlike hoti hai...mC,1
"Elan pe elan, elan pe elan, judge SAHAB. Bus paise nahi miltey",1
World ka sabse big Indian post office Bank.Badhai modiji ab har Garibo ko Turant jandhan account ka labh mile,0
aysa checking ka kam to pure desh me hona chahiye,0
गोवा में विधायकों के विदेश दौरा विवाद के बाद कर्नाटक के विधायक करेंगे विदेशी दौरा...खबर पढ़ें... http://khabar.ndtv.com/news/india/after-goa-mlas-foreing-trip-row-now-mlas-from-karnataka-planning-for-visit-532199?KhabarFB=007,0
चौकियों को तबाह नही पाकिस्तानियों के सैनिको को मारो तब जा कर दिल मे सुकून मिलेगा !!!,1
"Kitne baazu,kitne sar,ginley dushman dhyaan se,haarega wo har baazi jo kheley hum ji jaan se..ab waqt aa gaaya hai en jihadio ka jo haal america ne kia hai wohi hum kare.kutto ki tarhaa maaroo inko.nahi to training ka koi faida nahi.ghar bhadho..hamare paas 125crore hai jawaan.bhag jihadi bhag hoor bhaithi hai uupar aur teri biwi ko hum sambhaal leengey..",1
Raj Shankar such sunna tujhe itna bura lagta hai to aisa kaam hi Mat ker. Such to tujhe sunna hi padega chahe tujhe apni ... k saath hi halala kiyoun na kerna pade.,1
फ़ौज और अर्द्धसैनिक बल की नौकरी देश सेवा के लिए है नाकि गद्दारों और देशद्रोहियों से पत्थर खाने के लिए।,1
Bhai party BDLNE KE MOOD ME H,0
Police ko nikkama kisne banaya.,0
"dakaiti dalne wale sansad me baithe hain aur harne ke bad istefa manga ja raha hai. o bhi un dakuon se mango jo desh lutke ,rape ,murder karke sansad me hain",1
"Uncle, there's something called due process of law which was following. Yogi ke office ke bahar daily peaceful protest hote hain aur daily laathicharge hote hai unhe bhagaane ke liye... tb tum jese bhakt kahan chale jaate hain??",1
"Hindi bhasa intizar hai, wo bhi Youtube mein free wale 😁",0
"मुँह तो काला किया,अब दिवस भी मना",1
Alwida mere Bhai hame Apsos he ke jin kayaro Ne Bahot hi Buzdili Kairi Se Tumhe Sahid kiya he...ham oska Badla nahi Lee Sake Magar insha Allah Jis din moka Mila INSHA Allah tumhari Sahadat ko zaya nahi Jane Dege...tumhari Sahadat ka Badla on Bhen ke take Se zaror Lege,1
ye banda twitter pe jara hatke naye style me tweet krne k chakkr me fas gya....,0
कुछ अच्छे काम कोई मीडीआ दवरा होता है तो बाढ़ा शुकुन महसुस होता है कोई तो है जो लोगो के लिये भी सोच रहा है और तो सारे लग रहे है की कितने पेशा मिला रहा है मोदी सरकार से जो पता नही सब अच्छे ही काम हो रहे है पर जमिन पर कुच्छ दिख नही रहा जो सोच कर बादा डर लगा रहता है कुच्छ काम ना कारने वाले लगातार लोग जिताये जा रहे क्यू पर आप इसी तरह काम करते रहे हम आप के साथ है रविश कुमार l,1
Bhai bjp karegi to phas ne ke chances bjp ke kyuki is baar kafi jagah vvpat use ho raha ha!!,0
Gitesh Khanna Akash Gupta Tum log bhi karlo xD,0
Ilaz ????? kiSka ...... ?,0
Ab to pappu hi is desh ki samasya ko suljha sakta hai. Modi to fail ho gaya 😁😁😁,1
Pratik B Panwala Kinjal Parekh Suhani Patel suhani tu aav ahiya jaisu,0
देखें लाइव - स्वावलंबन कार्यक्रम में प्रधानमंत्री नरेंद्र मोदी के भाषण का हिन्दी अनुवाद - http://t.co/eLmK8LCk04,0
Kuch bolneka mouka to do,0
Lol..asli aukat pata chal gayi :D,1
Bhehanchod saale tum katwo ki q gand fat rahi hai.,1
Tum jaise log dkhoge he karoge kuch nahi jb dkha to bachaya kyo nahi Wajid Hasan Khan...,0
Gau ka meat khale to konsi  kayamat aajayegi khao yar jo khana hai,0
Zaira aapne bahut achha kaam kia film aap kashmir hi nhi poore Bharat ki ladhkiyon ki roll model hain kattarpan ne insaniyat ko maar diya hai Allah inhe samajh de,0
drama hey isko famous karne ka.,1
Subham Chauhan aisa kuch bana,0
Samsung grand max me kyo nahi chal raha h jab ki wo 4 g h ushe apne jio ki list me lao ..,0
Agar shunglu committee ke baat sach he to shiela dixit ji ko kyu jail bhejto ho abhi tak.cbi ed delhi police nd recently ACB bhi central ke paas he .ek Fir bhi unke naam nehi hua he abhi tak.Prashant Singh,0
हमारे देश के राकेट क्या दीवाली के लिए रखा है?,1
"अब आप घर बेठे online वर्क करके कमाये Rs 15000/ से 50000 तक. 100℅फ्री ,कंपनी गवर्मेन्ट से रेजिस्टर हे।   बस इस whatsupp no. पर ""job"" लिख के send कीजिये। +918057209036",0
Inkay upper sena ke madad se bomb aur mesile   kyu nahi gera tay.....indian commondo in ki maa behen ek kar de gay...,1
Dhoni  ko openning karna chahiye kyuki dhoni tik k khelne bala khilari h,0
not mat badlna.rahul k pm hote hi fir chalu hogb.umeed pe dunia kayam hai.hahaha,0
"जो कांग्रेश  66साल  में  कुछ  नहीं  कर पायी  वो पूछ  रही  है  की मोदी  56""का  सींना  कब  दिखायेंगे .. शर्म  करो  ..",1
"डीएमके प्रमुख करुणानिधि ने पीएम नरेंद्र मोदी से कहा, हिन्दी नहीं, विकास पर दें ध्यान http://t.co/MUEdnHZ883 http://t.co/oKtDexFp3E",0
Netao ka m hai ham ninda karte hao in logo koi fark nhi padta hai jiska beta aj gya hai wo hi dard jante hai ham logo ne votr is liye nhi diya tha ki aisi ghatna nhi rok sakte hai,0
e sameer teri maa ko gaya hai gambhir rup se ads sale bahan chhod maadarchod,1
"🔘आइये digital india से जुड़िये. 🔘और घर बैठे लाखो कमाये और दूसरे को भी कमाने का मौका दीजिए. 🔘कोई इनवेस्टमेन्ट नहीं है. 🔘 आईये बेरोजगारी को भारत से उखाड़ फेकने मे हमारी मदद कीजिये. 🔘 ""JOIN"" लिखकर इस WhatsApp No.8486850061पर send कीजिये.. ............जय हिन्द..........  sponser's refer id.....686461 #important_686461  Play store > search champ cash > download. 686461 ek blank paper pe note kare.... #Refer_id_is_most_important_686461 🔘Join hone k liye uper diye hue no par whts app kare..... 🔘Note:- Android phone users only",0
बिल्कुल सही कहा है देर आए दुरूस्त आए और ये ही नहीं भारत की सारी पार्टिया आतंकवादियों से मिली हुईं है इस बात में अब जरा सा भी संदेह नहीं है,1
Khane ko doge nahi to chodenge hi...,1
mulle kyu bhok rahe hai,1
Prabhas ke aage saab fail. Jamana gaya khan bro ka,0
rahul gandhi ji app bhi kuch baja liya karo .,1
‌Part time job करके Rs.10000 - 50000 कमाना चाहतेहै तो.......आइये *CashLess DIGITAL INDIA* से जुड़िये......Zero investment.... JOIN होने के लिए आप1⃣ अपने फ़ोन केplaystore*में*Champcash money free* लिखो और उस app को अपने मोबाइल में install कर लो !2⃣ अब app पर click करो और sign up पर click करके अपनी डिटेल्स भर दो.3⃣ Refer id of sponsor पूछेगा वहाँ पर *12935304* डाल दो 4⃣ complete challenge aur apna id activate karke business se jud jao*Refer id 12935304,0
Jab dono saath me the tab bhi pakate the ab alag ho gye jyada shi hai,0
और तुम भोसड़ी के कार्टून नेटवर्क शक्ल देख अपनी सुवर के गू की तरह है जो न लीपने में है और न ही पोतने में,1
DESH KE JAWAN MAR RAHE HAI        CENTRAL  GOVT    KUCH NAHI KER RAHI,1
भारत बलात्कार के मुद्दे पर 'कर्तव्य में लापरवाह' : यूएन निगरानी संस्था http://t.co/rVmg1hqoO2,0
Shukar hai ap main faisla lene ki himmat to hai,0
Bhai ue shiv ling kya hota jise ye dho dho ke pite h,1
WO TO CHINA INDIA KA KABADDI KA MATCH HONY WALA HAI  TEAM AAYE HAI,0
#JustIn हरियाणा में आर्थिक रूप से पिछड़े लोगों के लिए 10% आरक्षण पर हाईकोर्ट ने रोक लगाई,0
शिवसेना ने केंद्र सरकार के नरम रुख की भी आलोचना की और एनडीए सरकार का पुतला भी फूंका #shivsena,0
Lanat pade tum jaise makar media pai kya bakwas dkha rehe ho .bheen choodo ye to foreign country hai .tum log ab pagal hogaye ho .kuch nahi karpaogai tum kashmir ko.dkhav ye hindustani bewakfu ko ye yakeen karegai .karo unko khali media pai khush ..bewakuf saale,1
*आईये डिजिटल इंडिया से जुडिये* *और अब अपने सपनों को सच मे साकार करिये |* *टोटली फ्री ज्वाइनिंग है|* *ना कुछ खरीदना है |* *ना कुछ बैचना है |* *ना कहीं आना है और ना ही कही जाना है |* *और ना ही कोई पैसा इनवेस्ट करना है* *घर बैठे ही करे बिजनेश 100% free* *अभी प्ले स्टोर से champ cash डाउनलोड करें* *और उसमें रजिस्ट्रेशन करे* Name : Email : Mob.no. : Date of birth : Sponsor I'd :4788988daale  Complete challenge and start unlimited earning. M.n _ 9904203970,0
Woah! Sambhav Jain phod rahe ho! 😍,0
Is movie ki 1st day collection donate kr di gyi h Army ko....,0
jab tak sc ko samaj ke mukhy dhara se nhi jor payenge shyad tab tak india pichari h,0
"पहली किसान मंडी, कितनी हिट, कितनी फ्लॉप!... http://t.co/fkj3SuxCmJ",0
Achha khabar nhi dekhai to tujhe pata kese chala,0
पाकिस्तान के लेग स्पिनर यासिर शाह ने आईसीसी की गेंदबाजों की रैंकिंग में नंबर एक स्थान हासिल कर लिया है। लॉर्ड्स टेस्ट में शानदार गेंदबाजी का इनाम यासिर को मिला है।,0
Reservation khatm ho jayega pahle cast khatm karo kai jagah aaj bhi dalito ko gali deker bulate h khaskar delhi me or up or bihar ki to bat ho alag h,1
ऐसे समाचारो से हमारे नेतागण डरने वाले नही है.,0
"Love marriage specialist+91-9829743797 समस्या बताये समाधान पाये ! जब कही ना हो काम,हमसे पाये समाधान लवमैरिज,घरवालो को मनाना,सौतन दुश्मन छुटकारा,निराश प्रेमी संपर्क करें। chat on whatsapp 9829743797",0
Pak se phle bc desh k andr gaddar ko maro bc ko,1
ravish ji aise hi news laya kare. thanks,0
Bahot sahi bola hai sir apne  College me mobile fhone band Hona chahiye,0
हर जगह सिर्फ आरोप की राजनिती करने वाले केजरीवाल का ..पंजाब..गोवा और MCD के चुनाव मे क्या हाल हुआ ये आज पुरा देश जान चुका है......  याद रहे...नसीब और जनता का साथ बार बार नही मीलता....  आपका सायद वक्त बदल चुका है..ये बात पंजाब.. गोवा और MCD के चुनावी नतीजो ने साफ कर दीया है..  क्योकी..आप इतने आगे निकल चुके हो... जहा से अब वापस मुड ने की कोइ गुंजाइस नही बची,1
Qamar bajway sab ne kaha hay hmaray Armi cheif ne k ...hum ne koi bhi india k fuji ka sr aLag nahi kiya .. or na hi koi or bay hurmti ki hay,0
Itna time to NASA ko shuttle launch mai nahi lagta,0
"मोदी जी एक बार फिर नोटबंदी कर दीजिये , ,  पिछला नोटबंदी का असर खत्म हो गया है ।  शायद इस बार आतंकवाद और नक्सलवाद की समस्या का सामाधान हो जाए । अबतक का सबसे बेकार PM .",1
Cutiye tu kuch nahi kar payega jitna bhonk sakta hai bhonk ley,1
"इन लोगों के लिए मोदी भगवान ही हैं , वो सब मिल गया जिसकी इन लोगों ने कल्पना ही नहीं की थी , काबिलियत इनमे थी ही नहीं , तो मोदी को ये लोग अभी भगवान ही मानेंगे ।",1
Arvind Z journalist ka koi dharam nahi hota. Or hum Hindustan ke baare me baat kerte hai dharam or Cast ke baare nahi. Yakin maniye agar humne community or Cast ke swal se uppar nahhi uthe to hum apne aanewale nashlo ko siway andhere ke or kuch nahi deke jayenge. To ek baar apne ghar ke bacho ke baare me socheye ga ki hum kon sa mulak uske liye chod ke jayenge.,0
"Mitro, aaj raat, 12 baje ke baad, koi dosri bike nahi, chalagi, sirf Bajaj DOMINAR chalagi.",0
Idiots ko koi fark nahi padta 136 no par aayi indian media still keval 2 kaam kejriwal aap ko kosna party .aur modi chalisa aur arti utarna,1
अबे साले मोदी VIP कल्चर लेकर बात कर रहे हो यहां Fauji मर रहे हैं uska Tumko Koi Fikar nahi अब कहां गए अब मोदी भक्तों अब गौरक्षकों देख लो अपने मोदी अब्बा की बात सुन लो,1
Waah kya baat Kahi hai Apne Lekin in baato par Amal krne Wale Kam hai,0
"madam avail your benefits like previlige leave and other benefits ...do not waste it .....just for gratuity , your are  just over working your self ......",0
mai midiya ke lo go ko bdhai dena chahta hu.,0
Jhuti khabar h ye sirf modi sarkar ko acha btane k liye ye khabar dikhai kuch nhi kya india sena ne,1
Har Har Modi Ghar Ghar Modi Jaisa Ho,0
Kyo tu apni amma k gaar me dalte hue thak gaya hai jo dusro ki gaand ki khwaish hai ..sale apne me dalle le..suar ka bacha Niyaz Ahmad Ansari  sale apni jaat me beheno se shaadi karte ho aur awazz uchi karte ho randi ki aulad,1
अब नेताओ की बकवास सुनने का टाइम खत्म हो गया। अब तो आर पार की लड़ाई होना चाहिए। अब सेना को फ्री छोड़ने का समय आ गया।,1
aise 2-4 ke chakkar me puri party ka naam kharab hota hai :/ pehle to inhe educate karne ki jarurat hai >:(,0
यदि संघी तथाकथित क्राइम करने लगें तो सबसे पहले तेरे जैसे साफ होंगे,1
Ki gall kohati bade dand tadd reya hai?  Us welle royi naa jadd tere 10 maran 2 de badle,1
My name is Lakhan sajno ka sajan oh maira yaar hai toppa,0
Meri taango ke beech me bhi ek pavitra cheez hai doodh chadayga kya??,1
पहली बात यह की जब आप मोलाना बन गए तो आप को राजनीति मे क्या काम मोलाना जी अज़ान को मजाक ना बनाए वरना फालतू में कोई भंजन मै ना बैठा ले तुम्हें,1
koi ye to bataiye?? kya undbhakto ko ye saman  kal bhi ye hi rate me milega milaga ya fir ye saman bhakto ko free milega,1
Sonia gandhi ke baat kar rahe hai ya apni bibi ke ?????,1
"मैं भी भारत का नागरिक हूँ और मेरे भारत को भी कुछ भेड़ियों के ख़ाल में छिपे अन्तराष्ट्रीय गद्दारों से ख़तरा है। ये जिस देश में हैं वहाँ की जनता इनसे ट्रस्ट है। अत: मैं भी ऐसे इण्टरनेशनल कमीनों  , गद्दारों , और नासूरों का इलाज कराने के लिए यूएन जानेवाला हूँ और साबित करूंगा कि इनसे दुनिया परेशान है इनगा इलाज करें अन्यथा हम इलाज करेंगें।",1
"READ : #TransportStrike  दिल्ली समेत देश के कई राज्यों में आज बस, टैक्सी और ऑटो बंद रहेंगे। ये बंद ऑल इंडिया ट्रांसपोर्ट वर्कर्स यूनियन के बुलाये  बंद के मद्देनज़र बुलाया गया है। ये विरोध-प्रदर्शन नए मोटर बिल के खिलाफ किया जा रहा है। http://khabar.ndtv.com/news/business/auto-and-taxi-unions-in-delhi-to-go-on-strike-today-759364",0
Waah  Sbhi ne bahut hi achi trike se apni baat rkhi   Gohar Saab  Pankaj aggarwaal g  Asad Faarokhi g  Ameer Aazam khan saahab,0
Bad luck hoga  salman Bhai ka  kyoki jo bhi unki girl friend  filme ki Hai  dgga de di Hai  life partner  nahi  bani,0
hame to lag raha hai digvijay ke hi partiy se tha aur dog hi director tha...,1
Yahab hamre jawan saheed Ho rhe hai aur in saalo ko picture dekhne ko padi hai,1
na tb unk ek female hone ka majak banaya jata....,0
"महाराष्ट्र के सीएम देवेंद्र फडणवीस ने मंत्रियों के विभागों का बंटवारा किया, एकनाथ खड़से को कृषि, राजस्व का जिम्मा",0
AGR aisa hua to chamtkar ho jaega or bjp hi bjp hogi,0
"Rohit ji, CRPF ko wapas bula kar local police ko lagana chhayia, ta ki local police he action le sakay, mufat mein pay le rahaye hai local police",1
"Makan ji sahi jagah protest karo to samajh aata hai, jahan desh main dakuon ka kabja ho wahan aap ek rupee nahi milne per garib ki thokai ker rahe hain yeh theek nahi hai,",1
"पारसी समुदाय की पत्रिका 'पारसियाना' के संपादक जहांगीर पटेल ने कहा, ""पारसी नाराज़ हैं, क्योंकि साइरस मिस्त्री और रतन टाटा की लड़ाई बोर्डरूम की बातचीत न रहकर सार्वजनिक हो गई... हमें उम्मीद है कि यह जल्द ही खत्म हो जाएगा..."" #TataSons #Parsis",0
Agar job nhi mila toh  #Vijay,0
Waha pe baithe hue logo ko meri taraf se sahanubhooti,0
Tumhri maa ki chut marri bnd kro ye bakbas...  Desh m jawan shahid ho rehe hai  Tum in kutto ki pic post kro,1
मे आप कहना चाहता हु कि पार्टी कोई भी हो लेकिन हमारे देश के जवान मारे जा रहे उस का किया होगा मोदी जी कहना चाहता हु कि आप कुछ करो कश्मिर मे पथर बाजी हो रहे वो सब रोको,0
Mayuri Garg Vaishali Dubey karo apne dosto Ko tag 😂😂😂,0
राजनाथ सिंह ने ली मंत्री पद की शपथ...देखें लाइव http://t.co/SD5UZD5Tl3,0
भारत की सबसे हिंसक पार्टी BJP खुद हैं ये बात देश का बच्चा बच्चा जानता है । अमित शाह ने साफ कर दिया है कि BJP का अगला टार्गेट पश्चिम बंगाल है। मतलब अब बंगाल में भी हिन्दू मुस्लिम दंगे होंगे बल्कि शुरू हो भी चुके है,1
मतलब आज से अगर में अपनी बाईक में 1000 रुपये का पेट्रोल भरवालूँ तो मुझे रुपये का डिस्काउंट मिलेगा ये कुछ ज़्यादा नही हे क्या करूँगा इतने पेसे का में,0
Fans hai to jayege hi police ki galti hai laathi kyu chalayi,0
3....  tino  paleyrs  ko  maoka milna chahiy ....chaympiyn  tarofi  me  ......gaotm....robin    rayna   ko,0
Are bc isme resign ki baat kaha se aa gayi,1
Muh se paan thook ke bolo be..Kahna kya chahte ho?,1
न करे तब भी चलेगा।महीने में दो लाख निकालना क्या कम है?,0
"पाक को मुंहतोड़ जवाब दे दिया गया है, अब हिम्मत नहीं करेगा : नरेंद्र मोदी....http://t.co/LFiPVn11if",0
Modi se sab neeche h fekne me,1
"कहां हैं #BabaRampal...? क्यों हैं पुलिस-सरकार गिरफ्तारी में नाकाम...?  देखिए आज रात 10 बजे #NationalReporter, @SiktaNDTV के साथ...",0
यूपी चुनाव में सीएम पद की उम्मीदवारी पर राजनाथ सिंह ने कहा कि यह सवाल पूरी तरह काल्पनिक है। यूपी बीजेपी में नेताओं की कमी नहीं है। हम तो एक जगह हैं ही।,0
अभीतक RBI और सेना देश के ऐसे दो तंत्र थे जिनकी साख बची हुई थी पर RBI की साख पूरीतरह डूब चुकी और सेना के साख परभी बट्टा लगाना शुरू हो चुका है।,1
"pak bajwa ki bajao, ye news hatao.  useless news because pak ki india pe koi aukad nahi.",1
Jam SHRI  Ram ji,0
राजनाथ सिंह --हम पाक को उसकी भाषा में ही जवाब देंगे रिपोर्टर--क्या पाक पर आक्रमण करेंगे? राजनाथ सिंह --नही उर्दू बोलना सीख लेंगे #BadlaLo,0
"NDvsENG:ऋषभ पंत 6 रन बनाकर नाबाद रहे, इंग्‍लैंड के सामने जीत के लिए है 203 रन का लक्ष्‍य",0
ye khud atankwadi hai     sala.  chor,1
Y to 4 the 400 abhi or hai,0
भाई हमको दूसरे देशो को देख क्र नही चलना,0
Laanet  h kuty pigvijay...meri request h hindustan ki janta se ase neta ko doond doond ky goli se maro agr hindustan ko bachana h,1
"आम बजट से तमाम लोगों को कई उम्मीदें थीं,  लेकिन उनमें से कितनी उम्मीदे पूरी हुई? देखें चर्चा हम लोग में... http://khabar.ndtv.com/video/show/hum-log/hum-log-who-gets-what-from-this-general-budget-358433",0
lageeee rahoooo bhaiiii logggg....yeee profff hooo gaya hy ki hmloggo ka kuch nhiii ho sakta....,1
#PatnaBlast पटना के बहादुरपुर इलाके में सोमवार रात एक बम धमाका हुआ। रिहायशी इलाके के एक फ्लैट में हुए इस धमाके में किसी के हताहत होने की ख़बर नहीं है। पढ़ें पूरी ख़बर-  http://khabar.ndtv.com/news/india/bomb-blast-in-a-residential-area-in-patna-750985,0
"देखिये आप मुद्दे से भटक रहे है.. असल मुद्दा देश सुरक्षा थोड़े ही है , असल मुद्दा तो - गाय, अजान,तलाक,लव जिहाद,  खतरे में हिन्दू, ये सब है। आप ऐसे बेवफाई नहीं कर सकते। ☺☺",1
Or ek baat sambit patra ko samjha dena k vo sochte hai k hum achha kaam kar rahe hai isliye hum jeet rahe hai to vo bilkul galat sochte hai hamari majburi hai bjp ko vote dena kyunki against me koi aisi party hai hi nahi jo kuch kaam kar sake jiska fayeda ye bjp wale utha rahe hai,1
"+91-9660919340 प्रेम-विवाह }}{{ मनचाहा प्यार }}{{ काम-कारोबार }}{{ पति - पत्नी में अनबन }} +91-9660919340 लव मैरिज ,वशीकरण, सौतन दुश्मन छुटकारा ,पति पत्नी अनबन गृहक्लेश ,कर्जा मुक्ति , ,निःसंतान, एक बार फ़ोन जरूर कर Call Now +91-9660919340",0
Tum logon ne to baski hindu logon ke nask me dum kr k rakha hai,1
"⚽⚽⚽⚽⚽⚽⚽⚽⚽⚽ आओ - हम सब मुसलमान मिलकर ! 4 बीबी और 40 बच्चे, पैदा करके ! एक नंगे, भूखे, लाचार और ""अपाहिज"" इस्लाम की, मजबूत नींव रखें ! ⚽⚽⚽⚽⚽⚽⚽⚽⚽⚽",1
"ही ही ही क्या पैदा करोगे ये बाद की बात हे,समलैंगिता वाले पैदा ही नहीं कर सकता।आप पहले अपने संघ का नाम बदलिये।ये दीखता कुछ और हे और लगता कुछ और हे।राष्ट्रीय सम्लेंगिक संघ(rss) इस नाम से दुनिया के सामने हमारी छबि ख़राब हो रहा हे।",1
Kejarival andolan krne se phele ek bar bata dena phone pe100gadhe leke samil honge andolan me,0
Bhai aur koi kaam hai ki nahi? Had hai berojgari ki.,1
Kya sonu ko bjp ka talwa chtne ka arada he game ki dukan band ho raho he,1
Jb tumse koi puche bhosadi ke tb bolna kutte.bina matlb ke gand na mara yaha sb tere bap hai,1
Yadav g public pagal nehi hai  Congress India ko kitna barbad kia hai Sab ko pata hai..,1
modi ji ko sahyog karo deshit main.,0
Babu ji ki jai ho Vikas purush Manoj shina babu ji,0
"Agar sharm aati ho in netaon ko to gathbanthan tod ke dikhaye , had Kar di jago Bharat jago",1
एक के बदले 10 सर की उम्मीद ना रख दिल्ली  तुझे पर नामर्दो का कब्जा है,1
Abhi viral nhi hua... Apne clg wale hi share ni kar rhe theek se,0
"युपी चुनाव में एक भी मुस्लिम को टिकट नहीं दिया  नतीजा, बीजेपी प्रचंड बहमत से जिती सब रेकार्ड तोड़ दिये बाहुबली फिल्म में एक भी मुस्लिम कलाकार नहीं लिया नतीजा फिल्म सुपर डुपर हिट हो गई ओर सारे रेकॉर्ड तोड़ दिये ।। जय हिन्दुत्व-BOYCOTT TO ALL BLOODY KATUWE",1
सऊदी अरब के शाह सलमान के वायु सेना पायलट बेटे को अमेरिका में देश का राजदूत नियुक्त किया गया है. अमेरिका के राष्ट्रपति डोनाल्ड ट्रंप के कार्यकाल में वाशिंगटन और रियाद के संबंधों में सुधार हो रहा है.,0
Ye kya bhagwan sarko pr dhakkay kha raha hai hahaha,1
Yeh obesi aisa Haramkhor aur gadha ki aulad k liye Desh ka yeh half hai,1
हिन्दुओ ने तो बहुत ईद में इफ्तार की पार्टी दी है लेकिन मौलाना तूने कभी दुर्गा पूजा या दीवाली की पार्टी दी है क्या बेवकूफ लोग खुद आगे बढ़ते नही अपनी कोम को भी बदनाम करते है,1
"Sonu Ji aap ko agar aazan,mandir or gurudware awaz pasand nahi koi baat nahi magar aap Jo din raat gane gate o kya bina mike me gate ho ?????? Aap ke Jo gane bazte h o kya bina loudspeaker pe bazte h????????? Aap sirf Singer ho samajhdar nahi!",1
Paisa nikalne me bahut prob ho rhi h modi ji..much kariye ..ek baar janta k bich me aaiye apko kabhi rate Marne ki zarurat ni padegi,0
Ye gormint bik chuki hai..,1
Bhonsdi k ye v bata de tu #Deshbakti party kb join kr rha hai,1
"न्यायपालिका पर दबाव तो हमेशा से रहा है, चाहे कैसी राज्यव्यवस्था हो, कोइ सरकार मे हो. सवाल ज्यादा महत्वपूरण   दबाव मे  आने और नही आने का  है. जब इतने ऊंचे पद के लोग भी  व्यक्तिगत  हितो को प्रार्थमिकता देने लगते है तब दबाव काम करने लगता है .",1
Bhai Dhoni dhoni hai unke jessa koi nhi,0
Mera sathi yaha koi nahi hai galatfaimi me mat reh ..mai akela he hu ....dkha jaye to vaag to tere gaye hai ....waise v ye baat hum dono k bich ki hai ...kaun kaha kya fir karta hai karne de,0
naksaliyo ko or jo jnu me nare laga rahe hai unhe bhi goliyo se bhoon do ..inke itne tukade karne sale pehchanne me bhi nahi aaye,0
BOLO VANDE MATARAM - BHAARAT MAATA KI JAI ! ! . .,0
#Nitin Chopra moo tu nain asay khola hai jesay gadhe ka pichwari me leya howa hai,1
jo sabab e maraz hai osi ko dwa tajweez kia ja raha hai,1
Jo taali bajaa rahe hai usko acha samajh mein aaya somg,0
"प्रधानमंत्री नरेंद्र मोदी अब इंस्टाग्राम पर भी, म्यांमार से भेजी तस्वीर - http://t.co/iIfPB8D05T http://t.co/ZZGJ25ieFu",0
पता नहीं लोग एक दम टिप्पणी कर देते हैं।पहले भी पांच बार ही ऐलाउ था।अब कौन सा पहाड़ टूट गया।महीने में चार बार में दो लाख निकाल सकते हो।पहले भी एटीएम यूज करने के सालाना चार्जेज़ थे।अब भी हैं।,1
chutiye ho kya. opinion polls ka evm se koi lena dena nhi hota.,1
You na janglo se aadiwasio ko kahi or basaya jaye  Kyuki naksali or aatanki wahi ke local log hote hai  Kyuki kisi bahar wale ki okat nahi ki wo bina madad jawano per hamla kare,0
आज रात 7:30 बजे @NaghmaNDTV के साथ देखिये International Agenda :  ख़तरे में हैं इराक़ और चीन के अल्पसंख्यक,0
Jansatta media ka dalll ha?,1
"अनामत है तब तक दलित है,अनामत नही रहेंगी तो फिर कौन दलित और कौन उचीं जाति का?",0
Mithun aukaat me baat kr brna ma ko hospital le jana padega,1
Make Khambha Noch Rahe ho Burbak..😀😀😀😀😀,1
अबे  मौलाना क्या तुम जब नये मक़ान में जाते हो तो क्या रामायण का पाठ करवाते जो हिन्दू गृह - प्रवेश पर अज़ान करवाएं... 😡😡,1
"india,s - best {AstroLoger} whatsapp no.+91-8570046036har समस्या का समाधान -no-fees no charge - स्पेसलिस्ट: किया-कराया, प्रेम-विवाह, सौतन दुख, , दुश्मन से छुटकारा, वशीकरण,,विवाहमें रुकावट,, पति-पत्नी meअनबन,प्रेम संबंधी,मनचाहा प्यार प्रेमविवाह,रूठेप्रेमी को मनaना,शादी के लिए माता पिताको मनaना प्रेमी वशीकरण,प्रेमिकावशीकरणSpecialist RelationshipProblem Solution,Tantra = Mantra=SpeciaListAllProbLum SolutioN ((-SpeciaList-)-(-VashiKaraN-)-(+)-(91)-8570046036.",0
Muhammad Aamir jab tum musalman Hinduo ko Marte ho tab to bade khush hote ho tab kha Jati h tumhari ye so called vichar Dhara ... Shuruwat tum Karo or jab hum Kare to hum atankwadi...  Sabko pata h Kon atankwadi h Kon nhe..  Kis k ghr m se atankwadi niklte h Sbko pata h...  Isiliye atankwad p to tum Chup rhao to Acha h...,1
"Sir ravis ji ka naam liya apne,, plz explain kr skte hai kis sandrb me kh rhe hai aap,.",0
"घंटी क्या बजाओगे तुम ,,तुमारी घण्टी खुद बजा रहे है पाकिस्तान वाले केवल तुम हल्ला करो बयान दो बस और इसी तरह रोज भारत माता के लाल को श्रद्धांजलि दो,,शर्म करो या तो कश्मीर पाकिस्तान को दे दो या तुम दोगले राजनेता चुप रहो सबकुछ सेना के हवाले करो ,,मेरे जवान एक महिने मे पुराने नक्सलवाद पुरा काश्मीर से आतंकवाद वाद और सेना पे हमला हमेशा के लिए बन्द हो जाऐगा,केवल एक बार  आदेश करो,,",1
"Part time job करके Rs.10,000 - 30,000 हर महीने कमाना चाहते है तो .......आइये DIGITAL INDIA से जुड़िये......Zero investment.... JOIN होने के लिए आप  1⃣ अपने फ़ोन के play store में champcash लिखो और उस app को अपने मोबाइल में install कर लो ! 2⃣ अब app पर click करो और sign up पर click करके अपनी डिटेल्स भर दो. 3⃣ Refer id of sponsor पूछेगा वहाँ पर 12935304 डाल दो  इस Ig'D (12935304) को खाली पेपर पर लिख लें आगे जरूरत पङेगी  4⃣ complete challenge और अपनी id activate करके business से जुड़ जाओ।",0
शहीद जवानों के पार्थिव शरीर से पाकिस्‍तान ने की बर्बरता- भारतीय सेना  पाकिस्तान ने आज एक बार फिर घिनौना बर्ताव करते हुए हमारे शहीद जवानों के शरीर को क्षत विक्षत किया है. आज सुबह सीज फायर का उल्लंघन करते हुए सीमा पार से पाक ने फायरिंग की थी. इसमें हमारे 2 जवान शहीद हो गए.  सैनिकों की शहादत को श्रद्धांजलि।।।   किन्तु कब तक???? केन्द्र सरकार का ध्यान सिर्फ 2019 के चुनावों पर केन्द्रित है।  राष्ट्रीय सुरक्षा अब पुरी तरह से खतरे में पड़ गयी है    Nitish Mishra,1
आईपीएल : पंजाब ने गुजरात को 26 रनों से हराया https://goo.gl/C2Wypp,0
Itna mehnat mat kr rehne de ....kaha na tujhe dikhkr v nahi dikhega,0
"Naman Aneja, Vinit Sharma mzee aa jynge",0
Khali petrol one rupees badhuxxi one rupees kamuchhi ha ha ha,0
Sir abb time aa gaya ha inko inki he bhasa may jawab dene ka chaye vo kashir ho ya fir nagalad,0
Sirf do k sab k saatg aisa hi ho ga,1
fake news aaj se teen saal phale dek leya tha ye video,1
Madharchod ek maa ki aulad ho to samnese baar karo...  Phir dekho saalon suar ki auladon tum logon ki maa behen chod denge...,1
Bhej do chudia ...laxmibai kaha gayi 56 inch ki juban,1
कुछ नहीं होगा इन नाकारा निकम्मो भारतीय जनता पार्टी बालों से सब जुमलेबाज में हैं,1
Bhai ab vha bathroom Hai nhi...Tatti country hi n rhega😂,1
बड़े पैमाने पर हमारे प्रधानमंत्री द्वारा लिए गए निर्णय। यह वास्तव में बहुत अच्छा है ....! भारत आगामी वर्षों मै मजबूत अर्थव्यवस्था के साथ विश्व मै झण्डे ग|रेग|                          God bless #modi .............................................. Great !!!!>>>भारत<<<!!!!,0
"तेरी बात सिद्ध करती है की कोई जात से दलित ही या न हो,लेकिन अकल से जरूर दलित हो सकता है,अक्ल तो तुममें जब भी नही थी और आज भी नही है,आरक्षण से नोकरी पा सकते हो लेकिन अक्ल नही,खाते तो तुम आज भी किसी की फैंकी हुई हड्डी ही ना???????",1
Arya bhai tu ye bta agr kisi ne tumhare bhai baap ko mara hota to kya aj ye bolta dont worry sir...kb badla lenge,1
Bjp jaise bahanebaji aur bolbachan dene wali party kabhi na mile fir se,1
Aby salo 2 taky ki tmhari okat nai haramio. Peeshab peeny walo ki kya okat hai ky woh humary se bund panga lein.   Saly fb pe bakwas krty hein. Bolo apni govt se haramio ky jung ka elan kero,1
Sayana kawwa hamesha guu khaata hai,0
aise nahi keh sakte hai jis din desh ki mahila ager badal jaye to desh ka konoon kiya hai pura desh badel jayega,0
Yogi ayega to pakka anti romeo squad waala chutiyapa karega,1
Modi ji ap kya kar rh ho apk aan say humar foji mar rh h aur ap kya kar rh h,1
भारतीय डीजीएमओ  और पाकिस्तान डीजीएमओ की बातचीत हुई जिसमे दुनिया ने देखा की भारतीय सरकार के लोग कितने बेशर्म है जिसमे अपने सैनिको की मौत पर भी रोना रोते है। लानत है ऐसी व्यवस्था पर जिसमे देश के सैनिक अकारण ही अपने ही देश में मारे जाये और सरकार जीएसटी जैसे बिलो पर अटकी पड़ी है। भाड़ में जाये विकास और बील क्योंकि जब सैनिक ही जिन्दा नहीं रहेंगे तो पैसे और विकास का क्या अचार डालोगे?कमसे कम पाकिस्तान के 100 सैनिको के सर कलम करेंगे तभी हमारे जवानो की आत्माको शांति मिलेगी।,1
"Mohammad Subhan Salman Teri maa ko Indian kutte cho.,, BC KUTTEY",1
Gand fati to Kiya bola dabar ka hajmola. Bolo Bharat mata ki jaaaaaaay,1
"यूपी का वोट फोरकास्ट : BJP को 38% (+21) वोट मिलने का अनुमान, SP 21% (-2), BSP 17% (-10), Cong+ 14% (-8)http://t.co/SD5UZD5Tl3",0
Kya chutiya insan ho tum log....Old videos ko humlog ko dikha rhe hai ho...Dats proves that dun trust on media blindly,1
Sabhi dalito ko mil kar UNO me jana chahye,0
Ohh  Bhari be  IITR che distay :/,0
Comment kyu delete kiya us din?,0
Sahi pakde h akhilesh bhaiyya,0
"आईआईटी बॉम्बे के स्नातक, और पिछले आठ साल से न्यूयार्क स्थित स्टर्न स्कूल ऑफ बिज़नेस में पढ़ा रहे 42-वर्षीय डॉ विरल आचार्य संगीतकार भी हैं, जिन्होंने रोमांटिक हिन्दी गीतों का एक एल्बम रिलीज़ किया था. वर्ष 2006 में रिलीज़ हुई इस एल्बम का शीर्षक 'यादों के सिलसिले : एन ओड टु फ्रेंड्स एंड सम रोमांटिक मूड्स' रखा गया था. #ViralAcharya #RBI",0
Puneet Abhinav Lakshya Bhai ye dekh 😻,0
Kya galat kar diya triple talaq ko khatm karna kya galat hai..,0
"Jis party ko des ki janta latiya kar k niglate kar diyah, us party ko na koi adhikar h, or na koi oukat h  sarkar se koi sawal kare",1
2 kh badleee 80000 ki chootiyooo ki leave na ae jae  Yad rkhna,1
अगर आप किन्‍हीं कारणों से मंगलवार की खबरों से रूबरू नहीं हो पाएं हों तो यहां जानिए पिछले 24 घंटे की 10 बड़ी खबरें...  #Top10News,0
तू सैनिक के परिवार से है लेकिन आज तक तुझे 2 सब्द बोलते हुए नहीं देखा सैनिको के लिए,1
आवश्यकता है लडके एवं लडकियो की pantjali heath care में (राज्य एवं जिले अनुसार) हेल्पर- 8500+OT+ रहना+ खाना सुपरवाइजर- 12600+OT+रहना+ खाना (अनपढ से ग्रेजुएट तक)[उ०प्र० एवं बिहार मे and other states] सम्पर्क नं०- 7991766327 ( whatsapp),0
Abe dalal media valo y khbr apne papa ko btao ki humare javaano k Kya Kya ho rha h.saale bdi khbr aa rhi h. Sudhr jaao isse phle ki logo ka tum p visvaas uth jaye,1
Koi bhi mudda uthe to.... Bjp in aaj tak k kutto ko tukda dal deti h... Or ye use chhuapne ki ya galat tarike se uska topic hi change kar dete h logo k mind me,1
70 की उम्र के बाद नेताओं को सक्रिय राजनीति से हट जाना चाहिए : जनार्दन द्विवेदी...http://t.co/YpHuyr5Rup,0
"Bhai sarkar bate kar sakti bas. Samasyao ko ujagar kar samtige, aadmi ko bhadka sakti h, athai samadhan kisi ka nahi h",0
Ye photo 15 din pehly fb per thi jab earth quick say nuksan ki pic share thi alag countries  say. Thu hai aysy media per jo apny hi desh may logo no ladaty hai,0
Mia nhi bol raha hu ki 70 sal kam nahi huwa. Bjp ka rona bata raha hu.,1
Baba ram devji ne kha thaa me 30 rupye dijal or 40 rupye petrol dungaa khane or krne frak hotaa he vo tho roj senik maar rhe he or sir ko kaatega,1
Prince ek suar ko bhi bhej dena tabi inko maja aayega,1
कमल है तो लाल ही होगा। तिलक लगाना सम्मान देना होता इसका अर्थ राजतिलक ने लगाये,0
"babu picture banao, dhang ki, bkchodi karne ko rhn do",1
मोदी जी किसीसे नहीं तो अपने पड़ोसी श्रीलंका से ही सबक ले लो!तमील वंहा 35%है फिर भी उसने लीट्ठे को खत्म कर दिया जो सारे #आतंकवादी संगठनों का बाप था!,1
Pr sunil uncle agar ye bjp join kr lenge na to fir ye ganga se ho jayenge.. apne dekha bhi hoga bihar or up me..to,1
"Ek bhrashtachari,  Bihar ko jisane loot kar rakha.",1
प्रधानमंत्री नरेन्द्र मोदी द्वारा डिजिटल इण्डिया का पहला कदम अपने android मोबाईल का उपयोग अब घर बैठे online work करके Rs.15000 - 50000 कमाना चाहते है तो आइये DIGITAL INDIA से जुड़िये Zero investment JOIN होने के लिए आप  1⃣ अपने फ़ोन के play store में Champcash लिखो और उस app को अपने मोबाइल में install कर लो  2⃣ अब app पर click करो और sign up पर click करके अपनी डिटेल्स भर दो 3⃣ Refer id of sponsor पूछेगा वहाँ पर 9568568डाल दो 4⃣ complete challenge aur apna id activate karke business se jud jao,0
ye sab veb vaw kia kuch insaanone. or bhugatna padte hai sabhi muslim ko.q? aap muslimoko gali dete ho hamare desh mai vi hindu hai to kya hum vi kahenge ki ye muslimoka desh hai koi or dharm ki log nhi rah sakti sab hindustan chale jaw. nhi. nhi bol sakte q ki ye unki vi utnahi hai jitni muslim ka. to phir hum dharm or Allah ya phi bhagwan ko q gali de.,0
Ye Jitendra Bhai kya muglo ki olad h,0
Bike se zyada to comment read krne me maza aa rha he😂,0
Aur haa mujhse bhi mil lo,0
saala isse accha ATM ke line mein khada ho jaata ... kam se kam paise toh aa jaate haath mein !!!!,0
"पोस्ट को तबाह करने से पहले पाकिस्तानी सैनिको को को जिन्दा मारो तब बात बनेगी अन्यथा पकिस्तांनी सैनिको के अहेवानीयत का खून हरामीपना करे बिना नहीं रुकेगा। लातो के भूत बातो से नहीं गोलियों से ही मानेगे। कश्मीरी पत्थरबाज ,नक्सली और पाकिस्तानी सैनिको को सिर्फ गोली की भाषा समजाओगे तभी भारत और भारतीय सुरक्षित रहेंगे।",1
"+91-9660919340 प्रेम-विवाह }}{{ मनचाहा प्यार }}{{ काम-कारोबार }}{{ पति - पत्नी में अनबन }} +91-9660919340 लव मैरिज ,वशीकरण, सौतन दुश्मन छुटकारा ,पति पत्नी अनबन गृहक्लेश ,कर्जा मुक्ति , ,निःसंतान, एक बार फ़ोन जरूर कर Call Now +91-9660919340",0
अपने गृहमन्त्री जी का निंदा वाला बयान भी नहीं आया अबकी बार तो। उनकी धमकी वाले बयान को पढ़ने के लिए बेचैन हैं। वरना हमें जोश का भी अनुभव नहीं हो रहा है।,1
"Varatea sana ko moka do,des ki ak bemari he jenko s. r. p f. or army army aksat strik karo or khatom Koro,pls pls pls pls modi ji,jo ab tak koi nahi Kar pay  woo ap karke dekhow.apse sare dase baseo ka ek varosa he.ap hamra varosa ko mot toro.pls sir do somthink.pls.",1
Naksalwad ho ya aatankwad ruke n ruke par bahubali ko kattappa ne kiun mara ye failana bahot jaruri hai bhai desh ka sawal hai,1
Aaj india world ma super power ki tara taji sa aaga ja raha ha.aur hum apna ghar ma he apna logo sa crpf mar raha ha,0
Chuni hue mudda pe aisi halat hai sabhi mudde uthane par jane kis kis ke khilap fatwe jari karoge,1
Are madarchod agni prithvi muclear missiles hai brahmos anti ship ballistic cruise missile.,1
Bhaiya Ghosh ji aap logon ke muh se doosray party par hinsa ka arope aaj ke pariprrkchya me bhoot ke muh se ram ka nam jaisa lagta.,1
Kyu karenge vo ajan vo hindu he kya tum mandir me aake matha tekoge bolo kamino,1
"📢📢📢📢 नौकरी नौकरी नौकरी 📢📢📢📢 एंड्राइड मोबाइल से बिना कुछ पैसा लगाए लाखो कमाइए playstore से इनस्टॉल करें ""CHAMPCASH"" बिज़नस app और 3369164 ये sponsor id डालिये उसके बाद हम आपसे आपके रजिस्टर्ड मोबाइल पर whatsapp से संपर्क करेंगे",0
हमारे देश के राकेट क्या दीवाली के लिए रखा है?,1
Mujhe ye tension hai 45 par vote kin chutiyo ne daale...,1
JAI TDP JAI NTR JAI CBN JAI PARITALA JAI BALAYYA,0
Ha ha ha ha ah ah ha... Modi Roz potty karta Hai.. Tum usko follow mat karna..,1
"लडकी: ""हम शादी कब कर रहे है?""  लडका: ""बस मंदिर बनते ही फौरन।""  लडकी: ""कौन सा मंदिर?""  लडका: ""अयोध्या वाला राम मंदिर।""  लडकी: दे चप्पल दे चप्पल 😂😂😂😂😂😂😂😂😂😂😂",1
KUTTE KO GHEE HAJAM NAHI HORAHA KYA KARE... SALE PAGLA GAYE HAI,1
Islaam me tere ma bhn ki chut bhi milte suwar ke beej se paida hue madrchodho tera ma ko bhosda tera allah ki ma ki chut me dalunga bhadho ki aulado madrchodho,1
Kyo nahi Bhai mughaliya saltnat luta huwa nawab Jo thehra,1
Swami to kutte ki dum hai jo kabhi sidha nahi ho sakta.,1
YOGI Aur  modi dono ko bodar PR SB se aage  khda kr dena chahiye 56 inch ka sina    sikud jayega  modi bolta hai sirf,1
Juber Ahmed aapko sharm aani chahiye Kam se Kam ye to socho ham Kya kh rhe Hai apani aukat me rho nhi to Bharat me rhne layak nhi rhoge ok,1
Bharat ka koi kuch nhi bigad sakta Trump kiya chiz h,1
"भारत से लेकर विश्व भर में #बाहुबली_2 ने बना दिए अबतक 25 ऐतिहासिक रिकार्ड्स। साथ ही 8 दिन में फ़िल्म ने 900 करोड़ कमाकर, भारत की अबतक की सबसे बड़ी फ़िल्म बन गयी है।   यहां देखिए- #Baahubali2 8 Days Worldwide Box Office (Estimates):  India-  Nett –  ₹587 Crs  Gross – ₹745 Crs  Overseas-  Gross – ₹180 Crs  Total – ₹925 Crs औऱ ये आज 1000 करोड़ मे शामिल होने वाली पहली मूवी बनेगी... जय महिष्षामति",0
Modi aur uske parivar ka attraction pane ke liye kya kya acting kar raha hai,1
Sabi log phle video deko...kumar vishwas ne as a indian ye video bnai h...and sadly koi bi news channel is video ko nhi dikha rha,0
Happy diwali frnds जिन दोस्त के पास android मोबाइल है सिर्फ उनके लिए ये new aplication 120 का daily रिचार्ज देती है 1.क्लिक करे इस लिंक प  http://www.freeb.in/FreeB/ws/invite/8JRWAY75 . http://www.freeb.in/FreeB/ws/invite/8JRWAY75 . े  2. downlod होने के बाद open करे और अपना मोबाइल नो register करे 3.no register होने के बाद ऑफर option में जाके amozan olx flipcart myntra अदि aplication को डौन्लोड करे और 2 मिनट तक ओपन रखे 4. आपको आपका 120 blc मिल जाएगा 5.रिचार्ज आप्शन में जाके रिचार्ज करे 6. Jinko blc nahi milta hai o apna register mobile no ke sath inbox में समपर्क करे,0
Kutte ka bhi khaa le tera pet bhar jayega bengalan,1
Jai ho bharat mata ki  ..... Vande matram  ......,0
Bhaktu ko phecchan ka sabse asan tarika jo fb me maa behen ki gali deraha hai wo bhakt hai,1
"मनमोहन ही ठीक थे, बस 10 - 12 घोटाले तो हुए थे। ये मोदी साला देश को गरीब बना दिया । 2014 से पहले हम सब अमीर हुआ करते थे। पूरे विश्व में देश की फजीहत करा दी, पहले कितनी इज़्ज़त हुआ करती थी। हम लोग उस कीड़े की तरह है, जिसे गंदगी ही पसंद आती है। अब राहुल ही वो  गंदगी मुहैया करा पायेगा।",1
Bc Police sahid ho gyi or gard mare gye bc jisne ye Post daali h vo hi mc h bc gard bhi tho sahid hua h ya sirf police hi,1
Vikas ke nam pe kisano ka karj maf karne ka wada ab yad nhi aa rha to media ko lekar romio ko pakad rhe hai ar muslmano ki roji roti pe lat mar rhe hai band karna hai to pura up me mans band kr do ye kya chutiyapa hai...,1
Ghush ke marna nahi mare hue ke body ko chirna farna y kis yuddha ke niyam hai    or jub larai kar ke hee kashmeer chahiye tab kyu bacheet karne ki koshis karte ho sidhe bol depak sarkar hum lar ke lege kashmir,1
Tumse sahi chije dikhengi v nahi aankh me loudspkr aur piche v le liyo hai na..sahi chiz nahi dikhegi kyoki jawab to hai nahi dkhkr v andhe rahoge,0
Ja tuuuu. Ab tera kuch ni ho sakta sunil garover,1
bengaalio sudip bengaali uss samay tum support vaapis letey ab kyo kukur ki tarah bolta hain,1
Neta ko nanga kar ke uske gand me goli maro...,1
Is kutta digvijay ka kya kara isko patthar band kar Yamuna ma dalana chaya,1
PM ji kh rhe hain 2 din aur kh lenge baad me sb whi mudda talak ka shuru ho jayega aur ye gov. Kuch nhi kr payegi,0
ये ठुल्ला इतना सत्ता का लोभी है की विश्वास का पत्ता कटानेके लीए खुदने ही ड्रामा स्टेज कीया होगा.,1
क्या बाफ्टा को भाएगा 'द लंचबॉक्स' का स्वाद? पढ़ें खबर... http://t.co/sEmIbWEUo3 http://t.co/Q5fCaEoiPr,0
Asal me kya he hum indian ke beech me jo khaai bani he wo tum paakistani logo ne hi banaayee he only jaahil haa. Padhe likhe paakistani mere bhi dost he,1
बहुत जल्दी दिखाने वाले है जैसे अच्छे दिन आने वाले हैं,1
"Aur lo Modi sarkar,ab ro lo poori Umar.",1
Maan lo tumhry army wly hijdy han kch ni kr sakty,1
"अब RS 50,000/महीना कमायें Work on FB & WhatsApp only ⏰ Work only 30 Minutes in a day  आइये Digital World Wide से जुड़िये..... और घर बैठे लाखों कमाये....... और दूसरे को भी कमाने का मौका दीजिए... कोई इनवेस्टमेन्ट नहीं है...... आईये बेरोजगारी को भारत से उखाड़ फैंकने मे हमारी मदद कीजिये.... 🏻 🏻 बस आप इस whatsApp no 8017025376 पर "" JOIN "" लिख कर send की karo ..",0
Yeh sala hafiz sajed ka aulad hai kamina up ka ye bhe dosara pathar baj hai,1
तेरी ओकात ही क्या है साले  केजरीवाल के सामने,1
काम देख कर तो जनता ने फैसला लिया मोदी जी को जिताया। अगर अखिलेश जी ने काम किया होता तो हारते क्यों?,1
"JOB JOB JOB →मोबाइल से 10000-50000 रूपए..  →प्रति महीनें कमायें बिल्कुल फ्री, तो →Play Store से *Champ Cash* →App को डाउनलोड करके अपना →रजिस्ट्रेशन करें। →Referal ID मांगने *14606214डालें.* --> 7 से 8 app डाउनलोड करके 2 मिनिट तक खोलें. -->जोइनिंग करते ही 62 ₹ मिलेंगे.",0
"ये तो कुत्ते, सुअर और गधे का मांस खानेवाली है यम्मी...",1
"अच्छे दिन आने से रहे, 15 लाख चूतिया बनाओ स्किम निकल गयी, युवा बेरोजगारी की मार झेल रहे हैं, महंगाई चरम पर है, रोजगार के सारे रास्ते बंद हो रहे है, भक्तों को छोड़ दिया जाय तो आम जनता जिनके पास परिवार और जिम्मेदारी है इस सरकार से त्रस्त है, ऐसा लगता है यह सरकार जनता के लिए नहीं सिर्फ अम्बानी और अडानी के लिए बनी है, ऐसे में चुनाव में कुछ पाने के लिए बीजेपी के पास कुछ और नहीं है?  इसलिए भक्तों, रीता बहुगुणा पर इतराने से पहले किरण वेदी और मांझी का हश्र एक बार जरूर देख लें।",1
Hamare jawan ki shahadat bekar nai jayegi muje bahut afsoos hai is baat ka hamare jawan kabtak jaan dete rahenge 56 inch ka sina kidar gaya 1 sar ke badle 10 sar kidar gaye ware sarkar,1
पृथ्वीराज चव्हाण ने महाराष्ट्र के मुख्यमंत्री पद से इस्तीफा दिया।,0
बिहार उपचुनाव : भागलपुर सीट पर कांग्रेस जीती,0
असम में अपने बूते बहुमत ही नहीं शानदार जीत हासिल कर भारतीय जनता पार्टी ने राजनीतिक परिश्रम की एक नई कहानी लिखी है जिसे लंबे समय तक पढ़ा जाएगा।,0
देखें लाइव - यह धरती महात्मा गांधी की है : स्वावलंबन कार्यक्रम में प्रधानमंत्री नरेंद्र मोदी - http://t.co/eLmK8LCk04,0
समस्या का समाधान वहाँ कभी आर्मी थी ही नहीं और न है ! समस्या का सामाधाण सत्ताधारी पार्टियों को कूटनीति से निकालना होगा,0
Aby huary Jawano ne chodiya pahen rkhi h kya jo in Kutton ka mon tod jawab nhi dety h,1
"मेरठ के किसी कर्नल साब के घर से 140 हथियार, पचास हज़ार कारतूस , हिरण के कई दर्जन सर,तेंदुए की खाल, 150 किलो  प्रतिबंधित मांस  और एक करोड़ नगद बरामद हुआ l   ऐसे थोड़े ही पाकिस्तानी आतंकी भारत में घुस आते हैं या नक्सलियों के पास हथियार पहुँच जाते हैं  कर्नल साहब जन्मजात देशभक्त वाले धर्म से हैं",1
"#RIP_Soldiers Magar humne Suna tha #demonitisation (Notbandi) ne #Atankwad or #Naksalwad ki Qamar todh di hai... Aur ek Baar humne ye bhi Suna tha ki "" #Love_Letter likhna band krna chahiye or #Pak Ko uski #zaban me samjhana chahiye...!!😡😡",1
Hota to kbka dekh jata ur desh ke lal aise na roz shahed hote jai hind,1
Jitne video the sare mila diye..hard disk khali kar di lagta hai bajaj ne.,0
.26/11 के मुंबई हमले आरोपी अजमल कसब को आज सुबह पुणे के यरवडा जेल में सुबह 7:36 मिनट पर फाँसी दे दी गयी ...,0
Basant Kumar Bharti aur Jo naxali hai woh tere bhai hai .. Jo roz rape karte hai woh tere bhai hai Jo dahej ke liye acid dal ker Mar dete hai woh ter bhai hai Jo gau ke name per antankwad phailate hai woh tere bhai hai  Jo army walo ke marte hai woh tere bhai hai Jo aurto ko shadi karke chord dete hai woh tere bhai hai  Aur bahut hai sab ko tera bhai banata hun..😜😜😜,1
"खांग्रेस को पोर्किस्तान वाली बात पे भोंकने का कोई हक़ नहीं उसके 5.6"" वाले की सत्ता लालसा के कारण ही पोर्किस्तान का जन्म हुवा हे।  इसलिए खान्ग्रेसी भोकने बंध करे और खांग्रेस भवन के नाले में नहा के अपने पापो का प्रायश्चित करे।",1
Yeh bhains chara to ka gaya hajam nahin hua ab padna shuru kiya. Choron ko bolne ka haq nahin Hai lallu.,1
🐡    🌞Great🍂Super🌻Awesome🍁🔜 😘Add close💖Poke karo🍁😘 :* Bot Site (Y) Badshah.cf (Y),0
Yaar marva diya is Modi ne har roz naya natak.,1
Naveed Alam mai hota tho iss k gand mai apna lun b dalta ...ye Lundian harami hmary kashmeeri bhaio ko shaheed kr rhy hain pelt gun sy mar rhy hain unki anky zaya ho gae,1
तुमलोग बस घनटि बजावो दोसरा काम नही करसकतै तुमलोग बस घनटी ही लाईकहे,1
Bahot bahot badhai aap jio hajaro saal,0
Journalist sahab jara google kar ke dek lo apne desh ke sainiko ne bhi waha ke atankwadi aur sainik maar giraye hai. Jo Manmohan ke 3 saal se jyada hai. Jara padhai likhai kar lo keval journalist likhne se patrakar nahi ban jaoge. Dig vijay singh par aap kya kahenge. Jara boliye kya aap inki aisi baato ka samarthan karte hai. Jawa  jaroor de,1
दिग्गज बल्लेबाज राहुल द्रविड़ ने अपने कई शानदार शतक ऑस्ट्रेलियाई टीम के खिलाफ जड़े लेकिन इस स्टार बल्लेबाज ने स्वीकार किया कि उन्होंने जिस महानतम तेज गेंदबाज का सामना किया वह…#RahulDravid #GlennMcGrath,0
kaun musalmano ko pasand karta hai....pura duniya musalmano se tang a chuka hai......,1
Sabse bada aatankwadi hai Sab Modi सब मोदी करवा रहा है मोदी जी बैंक लूटा,1
Alam Azam khan ky salla. Yugi g cm hai . Bos ky rehna,1
Ye chamchagir bahut krti h,1
"फिर आरबीआई में जाकर क्या कद्दू बदलने का फरमान निकाला था, बेवकूफों???",1
nearu lazmaya beni choti loti loti,0
tere ko marne ke liye achi brand ka juta kyo kharab kare. fatti chappal se maro sale ko.,1
सिर्फ़ पोस्ट को उड़ा देने से बदला नहीं पूरा हो जाएगा,1
"Jab tak yeah soch rahegi, tab tak deshki koi kuchh ahit kar nahin payega.",0
Rashid Saeed -america to 512billion dollar ka weapon me spent Krta Hai to work darpok.....Mtlb tum sale bhikari ho to sbko apne catogery ka smjhte hokya,1
Tumhari ghr mein gus kr roz mar rhi hin indian suaro ko,1
Tu puch kis muu se raha hai ?? Jisne vote kiya wo khush jin logo ne vote nhi kiya unko hi sab kuch chahiye,1
Oooo रामपुर के कुत्ते तू घंटा उखाड़ ले हमारा साले बिना सब्सिडी हजज नहीं जा सकते।चले भोसहडिके यूनाइटेड नेशन जाने हट्ट साले फकीर कौम,1
Gomas khana chhod do vo ajan bhi krwa lega tumse but jb tk tum log gomas khana nhi chhodoge vo nhi karwayega vo pure hindu hai or hindu dhram me gomata ko bhut uncha drza diya gya hai mata ke saman or dusra ki vo ajan bhi krwa lega but kya ap sbhi aarti krne ko taiyar hai,1
Sonu banbra ke kutte se Gaya gujra hai.,0
BJP ka slogan sab ki watt sab ka vinaash,1
tere se 100gali jyda janta hu...phle pd ke bat kr..pdna ata h to.,1
"INDvsBAN:मुरली विजय ने अर्धशतक पूरा किया, 82 गेंदों पर सात चौके लगाए, टीम इंडिया का स्‍कोर 102/1",0
तुम ही शादी कीखबर देते हो तुम ही शादी  की  खबर को खण्डन करते हो । बन्द करो ऐसी खबर जब इन दोनों का बच्चा होगा तब खबर देना,1
Salman  bhai  being human,0
Defeated BJP? kon sa nasha krte ho bhai?,1
ha ha ha ! nahi nahi,0
Bhanchood  abp  walo ye  video  kisi  or country  ki h.,1
Rajnath ko khe do apna ladke ko bhaj de border per tab pata chalaga,0
Madrchodo AAP party desh me sipahi maraa hai Unki Tumhe Chintaa nahi,1
फर्जी निकली भारतीय सेना के POK में घुस हमला करने की खबर - http://hindi.siasat.com/?p=835173,0
Bhai  aaj  dil  khush  gya  Muslim  bhaion  ke  comment pad  kar. ..,0
"भारत vs न्‍यूजीलैंड : तीसरे टेस्‍ट के दूसरे दिन का खेल शुरू, भारत का स्‍कोर 267/3, कप्‍तान कोहली 103 और रहाणे 79 रन पर नाबाद",0
Net slow hoga to live clear kaise hoga,0
jin logoko modi se kuch problem hai na ..agli baar rahul gandhi ya mamata ya arvind ke vote dena bhai ..acha hoga desh ke liye...bohot acha hoga :v,0
Jai Hind bol ke samne apni formalities Puri kar de y h humara hindustan,0
Tou Iss hisaab Se tou BJP ke aadhe neta logo ko jute maarne pdega Kiyoki aadhe congressi tou ab BJP me shaamil ho gye hain  Hahahahahahaha,1
आजकल लोग नैताओं के फेन बन चुके है जिस तरह बॉलीवुड में हम अपने favourite स्टार की flop movie भी देखने को तैयार हो जाते हैं उसी तरह लोग अपने नेता के गलत फैसलों का समर्थन करने लगे हैं।। चाहे दल कोई भी हो।। कुमार विश्वास ही ऐसे व्यक्ति है जो सही को सही और गलत को गलत कहते हैं!!,1
बहुत बढ़िया बात कही है,0
Ye sab modi ji ki focus ko kharab karna chahate hai. AAP AND NCP dono milakar bhi modi ji ka kuchh nahi kar sakti hai. Kyunki modi ji ek imaandaar neta hai.,1
Modi ji me aapko batadu muje tumhari ye baat bahut pasand aayi...😄,0
"Ye theak hai koi bhe gelte kerta hai too bolo jerur phir chahe apna ho ya koi aur , aur logo ko bhe semujhna chaheye ke Jo aap gelte betata hai wo aap ka shubchantak hai dusman nahi vo chaheta hai aap dhang se kam kere",1
Kiricha suwar hi khate hy??? Hum leykin un ko kabhi bora nhi bolte!!!,1
Daud jaiso ke bajese politics k dukan chalti hai. Daud ka jo photo hai wo bhi 20 saal purana hai. Magar audio cd 1000 se jyada hai.,0
Modi ji Humko Bhi Le Ke Chaliye humko bhi Darshan karne,0
desh chalega constitution na ki ved se.mandir ka paisa khana walon sudhar jao.,1
उम्मीद है उच्चतम न्यायालय न्याय करेगा और बीफ पर चल रहा घमासान थमेगा।,0
Jaiso ko taisa wala baat tere muh se acha nahi lagta ...jis thaali me khata hai usi se deshdroh karta hai,1
Subah subah loud noise nhi honi chahiye,1
इन कुत्तों की तो आदत ही है पुलिस और सेना का मनोबल गिराने की।,1
😂😂😂 an bus train waly sy panga ho jaye fir maza ayega bc logo ko samajh my ayega insan class uske behaviour sy hoti hai ✈ or 🚆 ki seats sy nahi,1
वो सब बेकार था देशहित मे नहीं था। पर काले धन का क्या हुआ?? सब कालेधन को छोड़ कैशलेस के चक्कर मे पड़ गए।,0
अगर ऐसा है तो अपनी बात पर अडिग रहियेगा.बहुत सम्मान होगा.,0
Sala pagalllllllllllllllll bahadurrrrrr Chutiyaaaaaaaaaa aidaaaaaaa,1
एनडीटीवी इंडिया पर #NarendraModi #Loksabha2014 #Loksabha2014 #LokSabhaPolls #Elections2014 http://t.co/VB7lc4olmb,0
2019 Ko dekho BJP ...... Army and paramilitary forces Ko same karo.,1
लूट लो चादर डाल के मोदी जी आपको तो फ्री है सब कुछ हमारा हमारे पास रहने मत दो,1
Rozi roti to sabko lagu hai bhai..,0
वक्फ बोर्ड कर्तव्यों का निर्वाह करें वरना उन्‍हें भंग किया जाएगा: नजमा हेपतुल्‍ला http://khabar.ndtv.com/news/india/wakf-boards-should-perform-or-they-will-be-dissolved-says-najma-heptulla-1292357 #WaqfBoard,0
"Hm tumhe chahte hai aise,marne wala koi zindgi chahta ho jaise😢😢😢😢😢i miss u vinod sir ji.industry bin tunhare adhuri.",0
दिल्ली ने आप के साथ दो साल तक हनीमून मनाया और आज कह दिया   तलाक तलाक तलाक।  अब आप का हलाला कौन करेगा।  #bjpdelhi #mcddelhiresult #aapdelhi #delhiwale #dillikafaisla,1
agar Pakistan me edha huwa to bohot galatt kya Pakistani o.. esha nahi karna chahiye.. me.. ninda karta hoon .hmm log ek sath hindu bhai ke sth khel kud kar apni life gujara schools.. bohot yaad ata hai mujhe wo mera dost ko.. ab nahi mulakat hota.. sab apni apni.. pet ke liye koi bidesh to koi.. delhi me kaam karta hai..... lekin me wo din bhula nahi ..I love my india.. and indian.... ke khusbu.. kya rang lati hai mere dil par dosto....,0
Habib HR... Tumhari konsi missile... Nuclear power ke Naam pe nuclear bomb ka formula churaane waale... Tere scientists ban hue the or Jo gaali tu bakk Raha he wo bhi unhone khud khai or tere desh Ko khilai. Wese bhi tere yaha konsa Google sachh Bata hoga.... Wo bhi China ka duplicate hoga..,1
Koi bhi kyon na ho chaye Badra ho ya Sonia ya Rahul Sab ki janch Hoin chahiye. Ham log Tax dete hain. Bharsta chariyion ko jail Honi chahiye.,0
Sameer sharma #yahi toh problem hai tum indians ki kuch pata nhi hota fir b bakhte rehte ho...kounsa joke hai ki Kashmir mei mandir hai...kabhi aa k toh dekh leta par nhi tum toh sharma g k launde ho...fb pe he bohnkte raho gae!!ab rehne de tum jaisu ko samjhne ka matlab hathi ko chadhi pehnana!!!,1
Patra Ji goli ka goli dijiye tab ja kar Naxal aur Kashmiri terrorism bandh hoga ninda se koi nehi sudhrega,1
Chalo jo foji nahi kar paye wo kute to kar rahe hai foji bhai ke  haat bandh rakhe hai hamare sarkar ne but ye km accha hai char kute aur le ao,1
Agar inke bas ki nahi hai toh Hume bhej do border,1
Beta est bolty hn surgical strike ab sub yaad rakhna surgical strike ka word,1
MODI RSS BJP GUNDO KI SARKAR HAI,1
pehle kaun sa milta tha.,1
BANDE MATARAM .KALADHAN KHATAM MAO BADI KHATAM  DESH KI GADAR BHOLE BHALE LOGO  LOGONO KO  KHARAB KIYA ABM INKO NASA GRASTA KIYA .,1
"क्या क्या सम्हाले ये तो रोज़ का है।नक्सलवाद , पाकिस्तान, माओवाद। 2 साल में फिर चुनाव आ जायेंगे क्या उसकी तैयारी नहीं करनी है! और फिर भारत को कांग्रेस मुक्त भी करना है। क्या इससे बड़ा कोई काम है! ये कश्मीर,पाकिस्तान,नक्सलवाद सब तो चलता रहेगा।",1
"ये आरोप तो खुद भाजपा नेता सुब्रमण्यम स्वामी कब से लगा रहा है, पर मोदी के क्या फर्क पड़ता है ??",1
Ali Khan tumhe kisne kaha bjp bomb saplay karta he,0
Teri maa ki chut bhadve. She is an IPS officer. Padh likh kar exams top karke officer bani hai. MLA ki tarah vote ke liye bheekh mangke nahi bani hai,1
Kyu mera maazak uda rahi hai Shakira-(Vartika Gupta)😜,0
Yu hi chala chal rahi  Yu hi chala chal rahi,0
"((** कही न जाये, समय खराब न करे,एक फ़ोन करो घर बैठे 9 घंटो में समाधान , मनचाही लव मैरिज, सौतन /दुसमन छुटकारा,कर्ज,नोकरी,संतानहीनता,बीमारी,मॉडलिंग,नोकरी,बिज़नेस ,फैक्ट्री loss***)) w(hatsapp ))no. 💐💐+91-8968848458💐💐",0
अब वक्त आ गया है उस मुल्क को जवाब देने का कारगिल की तरह पाकिस्तान को मुंहतोड़ प्रतित्तुर दिया जाय,1
Jb logo ko majboor h log subidha hi nhi milti  Yha tk gun bhi purani h,1
Chor chor mosere bhai hai congress or bjp jisne bhi kaha sahi kaha yahi dono ko do ldne ko,0
Ab wo so raha hai moot ki nend,1
"Agar aisa hai to pahle BJP/ PM ko sabhi  rajyon, desh me istifa Dena chahiye, 10 me as keval 5 hi jagah to jite hai ??",1
"Dominar 400 ko test karte karte joo log sahud hue hai, yeah sab unka hi bhoot hai",0
Mujhe na modi se matlab naa congress se mujhe desh se matlab .....desh ke log sukuun se rahe aur hamara jawaan mahfuuz rahe....netaa kabhi kisi ka nhi hota wo apni wife ka nhi hota to aapka kahaan se hoga,1
अब बस बहुत हो गया इस बार मोदी जी अपने सैनिकों को ऑर्डर कर दें की जब तक भारतीय जवान पकिस्तान के प्रधानमंत्री नवाज शरीफ को लेकर भारत ना आ जाएँ तब तक जितने भी आतंकी रास्ते में आएं उनका सफाया करते हुए आगे बढ़ते जाना है क्यूंकि जब तक किसी देश का राजा गिरफ्त में नहीं आता तब तक कोई भी युद्ध समाप्त नहीं होता यही इस नीच पाकिस्तान के साथ करना होगा तभी इसको समझ में आएगा भारत से पंगा लेने का नतीजा क्या होता है,1
"मार्केट अपडेट : बीएसई सेंसेक्स में 500 अंक की ज़ोरदार गिरावट, डॉलर के मुकाबले रुपया भी 66.96 तक गिरा",0
Ra sonu nigam tera baap ni rokhata,0
Wak thu u #azam khan,1
पाकिस्तान सुपर लीग (पीएसएल) में कथित तौर पर सामने आए स्‍पॉट फिक्सिंग के मामलों ने मिस्‍बाह उल हक को दुखी कर दिया है. पाकिस्‍तान टीम के टेस्‍ट कप्‍तान मिस्‍बाह ने कहा कि ऐसी घटनाएं…,0
sirf kejrwl pe ni bole bhai,0
Sir mahengai bhi kam ho aisa kuch kadam uthaiye. Stock purchase ko control  kijiye . Mcx satta bazar on commodities. Like food product ko band karaiye,0
Isse bura kuch nhi ho skta...allah rahem kare uss gareeb pe,0
"fuckistani actor, actress bhikh mangane q aate h yaha bollywood me ?? adnaan permanent sift ho gaya us gareeb bhikhari mulk fuckistan ko chhod kar, abey chutiye fuckistanu passport ko jaldi koi mulk visa deta nhi bol q ?? q k terrorist mulk h fuckistan, khud k school, maszido me bomb fodne walo, kabhi america ghus kar marta h to kabhi hindustan, begairat to ho hi tum chutiyo",1
INKO BJP CONGRESS SE KOI DIKKAT NHI AB   Ye bhi wahi dekhte hai Jo media dikhta h,0
शामली मोदीजी इंटरनेट में मोदी जी आप यह शिकायत की किस तरह से इलेक्ट्रॉनिक मोबाइल से ट्रांसेक्शन किया जाता है 1 लेसन होना चाहिए,0
"BJP gov sirf ninda karte h karti kuch nhi ,,,accha h bs beth kar ninda karte rho ......,,dongi sarkar kangresh ko bhi piche chod diya inhone to satta k lalach me ,,,,,,Rohit ji",0
Manmohan singh kaam krte the prachar nhi.. Pak ki do chonkiya tbah krne se hmare jawano ka balidan pura ho gya.. Abe chutiyo andhbhakto thoda apne desh ke liye socho.. feku ke liye nhi.. Or ye abp news fake page.. desh ka kam or bjp ka dalla jyada lgta h,1
PM modi ji app b.j.p sarkar ka like 2024 tak,1
Q apni bhen ka karwana hai kya sorry os ka tu roz hota hai bus me school me office me ghar me road par har jaga q k ye hindu log ka sestem hai,1
Iske pahele bhi ek Paster ne  Muslim ko Kidney daan di .....  TV seiriel life -ok or Sony pe aisi report aayi thi ........!,0
app ko bhi mere tarap se india tv ke sabhi sadasyanko ram navmi ki subh kamnai,0
देश में बैठे पाकिस्तान के समर्थको से पहले निपट लो,1
Bjp n modi yeh nahi bata rahe ki ....50 din khatam hone ke baavjud ab logo ko pehele jaise cash kyo nahi mil raha.......! 97% old notes deposit ho gaye toh kala dhan kidhar hai.....? Woh toh sirf media meherbaan hai isliye note bandhi ke fail hone ke baavjud koi savaal khade nahi kar raha ....warna log toh ab modi ko sabak sikhaane ka mann bana chuke hai......bjp saare chunaav haare gi,1
Tama munda kharap hei galani,0
"आरटीआई: सुरेश प्रभु के मंत्रालय में अफसरों ने खरीदा 972 रुपए में सौ ग्राम दही, 2670 रुपए में 1 लीटर तेेेल",0
Gazab Bharat Men Ajab News: Heading Banana Toh Inse Sikhe Koei :D,0
"Desh badal raha hai , Aage nikal raha hai 🎉👍🙏",0
"मैं हर चुनाव में BJP के लिए वोट करूँगा... क्योंकि यदि मोदीजी कमजोर होंगे तो जेहादी मजबूत होंगे, राष्ट्रद्रोही मजबूत होंगे, भारत की बर्बादी की चाह रखने वाले मजबूत होंगे, पाकिस्तान परस्त लोग मजबूत होंगे, भ्रष्टाचारी मजबूत होंगे...और हमें यह कभी नहीं होने देना...मेरे लिए बीजेपी का मुख्यमंत्री पद का प्रत्याशी कोई मायने नहीं रखता...मैं हर चुनाव में सिर्फ मोदीजी को मजबूत करने के लिए वोट दूँगा, देश को सशक्त करने के लिए वोट दूंगा, हिंदुओं को सशक्त करने के लिए वोट दूँगा, जातिवाद की राजनीति समाप्त करने के लिए वोट दूँगा...  देशद्रोही गद्दार इस पोस्ट से दूर रहें... om namah shivay...",1
To ye bata tera paigamber apni behen se kyo shaadi kr liya ......aur pehle uska jawab de jo puch raha hu ..tu to subject he change kar de raha ...sahi jawab de he nahi raha,0
Calo Accha hova inke Sang me bar barta nahi ki Gai Sab ke sar Jagha par hi mil Gaay warna Bhagvan na kare kahi 7 to ke 7 to ke Sar Lee Gay hote to kiya hota,1
apako desh se jyada apani image pyara tha kahi mera image na kharab ho jaye isliye nahi  aaye the vahi ho raha hai aur jinhe apani image ki parwah nahi wo log lad rahe hai,0
Job🌵Job 🌵 Job अब घर बैठे कमाएं 15000 से 20000 महीना वो भी बिना पैसा खर्च किए। 1⃣ प्ले स्टोर से Champcash Money Free इनस्टॉल कीजिए। 2⃣ Sign Up With Champcash  3⃣ Refer ID डालिए *5458362* 4⃣ Complete Challenge   Note : ज्वाइन हो जाने के बाद आप को WhatsApp पर ट्रेनिंग दी जायेगी.. आप को id बनाते टाइम जो मागा जाता है उसको WhatsApp वाला नंबर ही डालें my whatsapp no 9056294740,0
विपक्ष मे जाने के बाद जुबानी बदला लेंगे सत्ता मे रहते हुये सिर्फ जुमले बाजी और नौटंकी कर सकते है....,1
"JOB JOB JOB →मोबाइल से 10000-50000 रूपए..  →प्रति महीनें कमायें बिल्कुल फ्री, तो →Play Store से *Champ Cash* →App को डाउनलोड करके अपना →रजिस्ट्रेशन करें। →Referal ID मांगने *14606214डालें.* --> 7 से 8 app डाउनलोड करके 2 मिनिट तक खोलें. -->जोइनिंग करते ही 62 ₹ मिलेंगे.",0
Nikammi juebaz sarkar pe koi farq ni padta ab .bs ninda kra lo inse,1
बीजेपी वालै को मालुम है कि वह पाँच साल में जीतना लुटना है लुट लो बाद मे वापस आना तो है नहीं,1
Baap tha karenge ek din,0
"अखिलेश यादव एक बेहतरीन नेता साबित होंगे,अगर उन्हें एक मौका और मिला तो वे ज्यादा बेहतर कार्य कर सकते है। भारी पारिवारिक दवाव के बावजूद उन्होंने पूर्वांचल किंग से गठबंधन नहीं होने दिया तथा शिवपाल यादव की नाजायज मांगो से किनारा किया। जाहिर है वे सपा में बड़ा बदलाव चाहते हैऔर अपने हिसाब से चाहते है।",0
Pory Kashmir ki ik awaz azaadi,0
MilgyA Congress ka 60 saal ka hisab,1
Abe andhe dikha to diya 2 ke badle 7 mar diye,1
Ham dada hai or dada rahege,0
Thanks pm g hamare liye itna sab khuch krne ke liye muje Garv h apne pm pr jay hind,0
Ye sala bat bat par un Jane Ki dhamki kyo deta rahta hai un me uska bichda baap hai kya Jana hai to jahanum me jaa,1
Y hijda h sina kya dikhauga land pujari bhagt apni maa chodayge,1
Bhag ja suar ki olad mulle tere muh me suar,1
Mein sandas ho ke aa gaya abhi bhi bike nahi aya,0
READ : #NepalEarthquake भूकंप से हिले नेपाल में मानवीय त्रासदी की दिल छू देने वाली कहानियां सामने आ रही हैं।  पोख़रा के गेस्ट हाउस से 80 घंटे बाद एक व्यक्ति को ज़िदा बाहर निकाला गया है। पढ़ें विस्तार से-  http://khabar.ndtv.com/news/world/nepal-quake-man-brought-alive-after-80-hours-in-debris-759031,0
Apne jo kadam uthaya hm uske sath hmesha rahege but middle logo ke liye bhi hme bahut sochna padega kyuki vo har baar in dono main pise hai or piste rahege,0
गुजरात चुनाव मे हार जीत तो बाद की बात हो गयी ! पहली बात तो ये है की कॉंग्रेस की दलाली कर पत्रकारिता पर से लोगो का विश्वास उठा के इन  NDTV  जैसे न्यूज़ चेनलो को क्या मिल गया सिर्फ़ चंद अरबी वोटी के अलावा....,1
दिल्ली और बिहार में बड़े हार के बाद वापसी,0
"दो ही चीजेँ रह गई है...मोदी जी के पास....देने के लिए भाषण और करने के लिए मन की बात....एक जुमलेबाज ने तोङ दिया देश का विश्वास.......अच्छे दिन की बहनो-भाईयो,   अब मत करना आस",1
In kameeno ko duniya me rahne ki koi jarurat NAHI hai,1
Modi ji u r a true pm aapko sat sat prànam. Eeshwer aapko lunbi umer de.aamen salute,0
Pani bijli r makan Dene se rahe  to jameen hi saff Kara di.,0
isse acha tvs sports wale kar lete h Kohli ko le k,0
Ye sab dikha na badh karo varna bjp vale aapki chanal vadh karva dege varna deshdro laga dege,1
"पूर्व सैनिकों ने राष्‍ट्रपति, PM को चिट्ठी लिख कहा- कुछ अनहोनी हुई तो सरकार जिम्‍मेदार #OROP  http://goo.gl/Vf2c4N",0
Naresh Agarwal bilkul sahi kah rhe honge kyuki jab SP satta me thi to ye bhi aatankiyon se milkar UP me mahol kharab Kar rhe the...,1
"( पंडित पुरूषोत्तम आचार्य जी )+91-7410969065 स्पेस्लिस्ट- लव मैरिज ,वशीकरण, सौतन दुस्मन छुटकारा ,पति पत्नी अनबन  नंबर ,, एक बार फ़ोन जरूर कर( धन्यबाद ) whatsapp+91-7728891693",0
Kashmir se dhara 370hata do or wahaan pr pattharbazai ka saja fasi kanoon laagu kr do or santaan niyantran kanoon lagu karo or wahaan industry lagao or hindu logon ko wahan basaya jaye to hi ye sb khatm hoga kyo ki mullon ka jamawada wahaan hai wahaan ka jamin kharidene ka adhikaar hr bhartiyaon ko ho dekbo kaise log wahaan jaate hai or bste hai wo dharti ka swarg hai jise jahannum bana diya hai mullon ne.,1
Hellow gays! Ma na bhhht sa rap song likha hua hain.. i am from azad kashmir.. ma ksi singr ko b ni janta ka us sa rabta kar ka maloomat hasil krun ka ma apna ganu ko ksa show kar sakta hun..?? Any body can  help me..????,0
Achhe din aa gaye hai dalito ke,1
Atul Kulkarni तूने अपनी माँ का चूत तूने देखा क्या?,1
Shut at side order ki jiya sir Government kiya kar rahe hain aisa to Hamare sab Jawan Sahid ho jeyanga,1
Modi ka kutta he tu anna to koi or party kese join karega kutye tu,1
Pagal bana rahai hai yai news waalai Apne story bana rahai hai   Faltu mai  In me report hone chayai   Aadhai Hindustan ko ladaanai mai in ka haat hota hai Yai vdo kaafe old hai   Kro kuch news waalo ka treatment,1
tariq mere real id say kya hoga?  muje khoj kar marega ya fir mere real id hoge tab he baat sach hoge?😀😁😂,1
अबे साले वह हमारे सैनिक को मार रहे हैं और तुम सब कड़ी निंदा ही कर रहे हो,1
सेहवाग ने तब तत्काल में मजाकिया कॉमेंट किया था ।यह  दुनिया में मैच खेलता है दुनिया निकट से देखी है और वे विचारों की अभिव्यक्ति का महत्व समझते हैं । उन्हें भी विचारों का बोझ पसंद नहीं ।,0
Bache k janam se Ladki ki shaadi tak ki yojnay toh Dekho sir ji,1
"Akhir pak army ki kom bhi to dekho , iske alava aur kar bhi kya sakte he",1
Bjp kala dhan niklwa rahi hai,0
"Amartya Shrivastava aisa kuch karo yaar  baba , aur idea creditzz dena mat bhulna",0
तु किस मुंह से बोल रहा है गद्दार तेरे कलंक आैर पाप बहुत गहरे हैं कमिने तु इस धरती के उपर बोझ है जनता के पैसों पर पलने वाले कामचोर।,1
Akshay Kumar Madar Chod samne aa teri maa ko Lund maroon,1
Khurshed ahmad jo tum dusre ko gandu gaddar khte ho tum hi gandu ki olad ho.,1
Sanjoy Debnath apne ap ko hosla dy skty ho...  I proud on pak army... Pak zindabad,0
Samarth tmhen to dob k mr jana chahiey bt krny ke tmez ne h tmhen media ka kam just jhot bolna h or wo bol k indian logon ko bywkof bna rhy hn,1
Congratulations manoj tiwari ji and entire team of BJP.,0
"Video press bnane wale ko trs nhi aai kya, kya we log sirf aur sirf khabar chhapne ke liye hai",1
"बेकार  का  बहस, बहस  कर के  शोलोसन  नही  निकलता  सिर्फ  समय  का  बर्बाद  |",1
वैसे तो हर एक वार ही हमारे लिए महत्वपुर्ण हे ! कोई वार या तिँथी खाली नही हैं लेकिन फ़िल्मी जगत भी हमारे हिन्दु समाज को बिगाड़ने में बहुत बड़ी भुमिका अदा की हे ! तुम सब तो धर्मनिरपेक्षता दिखाते जाओ ! मेरी अगली कॉमेंट्स पड़ो ! तुम उदारवादीयों को लगेगा कि हां यहां शुक्रवार को फ़िल्मों की रीलीज॒ में भी तुष्टेीकरण छिपी हे !,0
bjp ko vidhansabha election me support karne ka inaam mil raha hai,0
5 मर्दों का  के सहयोग से इस हरामी का जनम हुआ है।,1
P. M sir  aaj mujhe bhut khusi h ki delhi ke mcd chunav  jit gye h but blzz  p.m sir  sukma me  jo hamare army sahid ho gye h unke bare me to sochiye... Kyu agr aise chlta rha to.. Unlogo ka himmat aur dadhta  rahega... Plzz sir kuch kijiye. Aapke  action ka hmlog ko intjar h,0
Bol bhi kaun rha h amit Shah.. jo kHud itna bafa chor h..aur bolta h ye to jummla h.,1
Ha yr bhai sala chutiye ko pm bna dia h desh ka ab yhi hoga or kya,1
"दिल्‍ली-एनसीआर में भूकंप के तेज झटके महसूस किए गए, लोगों में दहशत http://khabar.ndtv.com/news/india/earthquake-in-delhi-ncr-1626441 #delhi #earthquake",0
Tu bhosdike.... ek to yaha jawan mare ja rahe hai....or tujhe bhosdike champcash ki padi hai... jhatu,1
रवि भाई क्या बात कही है! बढीया।,0
"+91-9660919340 प्रेम-विवाह }}{{ मनचाहा प्यार }}{{ काम-कारोबार }}{{ पति - पत्नी में अनबन }} +91-9660919340 लव मैरिज ,वशीकरण, सौतन दुश्मन छुटकारा ,पति पत्नी अनबन गृहक्लेश ,कर्जा मुक्ति , ,निःसंतान, एक बार फ़ोन जरूर कर Call Now +91-9660919340",0
"price bta do sidha sidha ,aur khtm kro ye show 😂",0
ser nahi pith piche se var karne walo ko kayar kahte h are tum to saitan ho sale khabees ho,1
उम्र के साथ मनुष्य को शादी कर लेनी चाहिये तो बहुत अछी बात है...,0
"#RIP_Soldiers Magar humne Suna tha #demonitisation (Notbandi) ne #Atankwad or #Naksalwad ki Qamar todh di hai... Aur ek Baar humne ye bhi Suna tha ki "" #Love_Letter likhna band krna chahiye or #Pak Ko uski #zaban me samjhana chahiye...!!😡😡",1
मुझे तो आज इस देश पर तरस आता है कि यह मेरे देश का दुर्भाग्य ही है जो आज इस देश का प्रधानमंत्री #मोदी वो नपुंसक है जिसकी आँख में #सूअर का बाल है।।,1
Gas petrol ke daam bde,0
Rahit ji in neta ke bacho ko plz crpf main bharti krana anivarya kr do ek bhi neta nahi bnega,1
Lol ..Abe chuthiye.. kaha se lata hai tu aise jokes 😂😂😂,1
O tu pakka kangesi h dub gai lutiya congresh ki,1
"9th Feb. 22016 ko JNU campus me hui desh virodhi naro evam gatividhiyon par bane videos par jis tarah tathakathit dharm nirpeksh shaktiyon evam swayambhoo budhijiviyon ne bikau media ke sath jaisi arajakta machai thi wah koi bhoola nahi hoga. An unhi videos par CFSL ki report aa gai hai ki samast videos sahi hai,  Kya ab drama machane wale log sharminda hain aur chullu bhar pani me doob marine se pahle desh se mafi NAHI mangna chahenge.",1
Aao jhukh kar Salam kare inhe jinke hisse me ye mukaam ata hai.. kis kadar khush kismat hai ye log khoon jinka watan k kaam ata hai,0
Unki maa ki chod Kar paida kiye us Sala Salman aur bhaduwe amir randibaaj sharuk Khan ko samja re kute log,1
Shikhar Chouhan Kuch seekh pandu,0
Yar waha atankwad na lejana please,1
यह गलत है जीवन अमूल्य  है चाहे किसी का हो गरीब हो या अमीर हो क्या गरीब होना गुनह गार है?,0
Bhai shunglu committee central ne banaya tha.election ke time pe hi unko dena tha apna report.bhai sab politics he tumhe kon bataya he ki ak khalistan ke sath Mila tha.itna jhut mat bolo yar.,0
jitna sahrukh aamir salman 5 saal me mil k kmarnge usse jyada bahubali 2 kma legi,0
मीट एक्सपोर्ट पर सब्सिडी क्यू नहीं खत्म की गयी और टैक्स क्यू नहीं लगाया गया मीट एक्सपोर्ट पर साथ ही मीट ट्रांसपोर्ट पर भी सब्सिडी चालू है इसको क्यू नहीं बंद किया गया इसका जवाब चाहिए चाहे हमे कुछ बाद में मिले सुविधाए पर पहले मीट पर बैन लगाना चाहिए.,0
कमाइए 500 - 1000 प्रती दिन अपने ही एंड्रॉइड फोन से...! सबसे पहले google play store से Champ cash App अपने android फोन में इंस्टॉल कर लें और उसमें साइन अप करके Refer id :- 9028334 सबमिट कर दीजिए...  ♦कृपया ध्यान रखें  ♦ (साइन अप करते समय whats app नंबर का ही इस्तेमाल करें...) बाकी जानकारी आपको whats app पर समझा दी जाएगी...,0
hm iski kdi निन्दा  krte h..shadat ka bdla lenge ....,1
"त्यागपत्र नही देना था , अधिकार हातमे हो तो और बहूत अच्छे काम कराके दिखाते थे",0
"चीन में दाढ़ी कटवाओ,☺ अरब में मुजाहिर कहलाओ😋 सीरिया में गला कटवाओ😁 अमेरिका में कपड़े उतरवाओ 😝  और जो देश #आजादी दे उसके खिलाफ नारे लगाओ🤔🤔",1
बंसल रिश्‍वत मामला : टीवी एक्‍टर को दो दिन में CBI के सामने सरेंडर करने के निर्देश http://khabar.ndtv.com/news/india/bansal-graft-case-actor-anuj-saxena-asked-to-surrender-to-cbi-in-two-days-1470635 #BKBansal #CBI,0
Sanghi Hramdev Adani Ambani ka social media gooons .....teri bahen ki chuuu,1
Jab congress wale ghadha tanasah hitler wo kiya kiya he,1
Jnu में भारत विरोधी नारे लगाने वालों के साथ खडे होने का परिणाम है ये ।बुद्धिजीवी बनने का परिणाम है ।बस हमारे देश मे ही ऐसे मानवाधिकारी पाये जाते है ।हमारे देश के नागरिक को फांसी की सजा सुनाई है पूरे पाक से एक भी आवाज आई मानवाधिकार की।,1
sare hinduo ko saath dena chahiye take firr ek baar wahin par darga bane ..,0
Ved k name bataye kaha likha h,0
आपके जीवन मे समस्या क्यों और केसे दुर होगी फोन करे सचाई जाने +91-7073636169 काम कारोबार मन चाही शादी में रुकावट नोकरी मे तरकी दुश्मन से छुटकारा एक फोन से जीन्दगी बदल जायगी 07073636169,0
Hhaahha salya Hun Das rha,0
O cow k peshan piny vali Qom  aram sy,1
"अगर आप part time job करके 15000 - 50000 Rs. FIXED INCOME कमाना चाहते है तो .......आइये Duniya ke pehle Zero इनवेस्टमेन्ट ka International MLM business (WORLDWIDE) se judiye.... JOIN होने के लिए आप  🔘 अपने फ़ोन के PLAYSTORE में CHAMPCASH लिखें और उस app को अपने मोबाइल में install कर लें ! 🔘 SPONSOR ID पूछेगा वहाँ पर 3525626, डाल दें।",0
Ind vs SA: दो ओवर के बाद भारत का स्कोर 12 रन। देखें लाइव अपडेट http://khabar.ndtv.com/news/cricket/live-update-of-ind-vs-sa-t20-cricket-match-1226439,0
pahle desh ke andar to nayay ki baat puri kar le,1
1 number are koi bhenchod india me muh utha k bass ki rarah ghus ja rha marde rha agar nhi hoti inse to khulla bolde hmari government ham har ghar se 1 bande jate hain are unke ghar me kya unke gand me ghus jaynge or 1 k badle 10 marke badla lenge but ye government ye bhi nhi kr sakti yaha admi mare chalega gay shi slamat honi chahiye bsf mare chalega rajniti krna jaruri ghin ati hai sarkar pe yar,1
BBC हिंदी | ऐसे पड़ रही है किसानों पर नोटबंदी की मार - http://www.bbc.com/hindi/india-38181602?SThisFB&ocid=wshindi.chat-apps.in-app-msg.whatsapp.trial.link1_.auin,0
jitne bhi hamare bharat javan shahid huve he kasamse agar 1 bar muje moka miljaye sab naksli yoko thok dunga..me to kehta hu sab madar chod ko thok do jabatak hamare bharat deshme hamare neta ladte jagadte rahenge tabatak aesa hi hoga na mardo ko kuchh asar nahi hoga hamare neta hi aese he bharat mataki jai ho...,0
Gandu idian goverment..... Kuch siko pak goverment sey jo Every Year jawano ka sar kaat kar ley jaatey hai.... Aur hamari goverment kebal yahii bolti hai..... Jawaano ka balidaan bekaar nahi jaegaaa...... Ek baar apney londey ko Army Mai join karkey dekoo... Jo bo maaregaa Tab khanaa.... Balidaan bekkar nahi jaaegaa......,1
पश्चिम बंगाल की मुख्यमंत्री ममता बनर्जी के भतीजे और तृणमूल कांग्रेस के सांसद अभिषेक बनर्जी एक बार फिर अपने बयानों को लेकर विवादों में घिर गए हैं।  #MamataBanerjee #AbhishekBanerjee,0
Jisko jo marji KHa sakti hai   Koi pabandi nhi hai..,1
Abp aka Anand bazaar patrika which has allegiance with BJP since ages. Not known to many i believe. Had to show this result..,0
"Virodhi kitne bhi ek jut ho jao, hindu ekta ke samane koi nahi tikane wala.",1
mera bharat zindabad yogi maharaj ki,0
Ms. Chalbaaz. Part 3 of 3,0
Ye to achhi baat hai.,0
Bhai sarkar ne lagbhag war declare kar diya h...ab aamne saamne ki ladai h...,1
RBI aur anya bank ka jo   staff fraud hai unke khilap sakht she sakht action le  lo sir ji,0
Abe macchiwale bahut pakaaya tune.. ab tu jaake so jaa,1
और तु कर भी क्या सकता है जब तेरी भैस खो गयी थी  तब भी तुझे  UN  मे जाना था. चुतिया साला  जो देश के प्रधानमंत्री के लिए ऐसी बात कर सकता है वो कल देश के लिए भी कर सकता है,1
"Hmmm.. Tu, aur nachega? Khud k shaadi mai bhi nahi..",0
"india walo kia bna gaa,,,,aap logo ka gay ko ami gee,,,or bal ko abu gee,,",1
Ye hindustni kabhi n sahi chlenge,1
baat hindu ya muslim ki nahi hai baat mulk ki hai,0
usme se ek tera bahen bhi hogi bhadwe,1
Or Gujrat godhra kand se may be,1
Ab aur saho ek feku ko,1
"सच में भारत सही मायनें में बदल रहा है | आम जन का पैसा आम जन के कार्य आयेगा | सत्ता सुख का साधन नहीं बल्कि सेवा का माध्यम है, ये सही स्वरूप में दिख रहा है | भारत को विकसित राष्ट्र बनने से कोई नहीं रोक सकता है |",0
Ye gaana gaakar  bata rhe hai mat lena bike hum samajh nahi paa rhe,0
"JOB JOB JOB →मोबाइल से 10000-50000 रूपए..  →प्रति महीनें कमायें बिल्कुल फ्री, तो →Play Store से *Champ Cash* →App को डाउनलोड करके अपना →रजिस्ट्रेशन करें। →Referal ID मांगने *14606214डालें.* --> 7 से 8 app डाउनलोड करके 2 मिनिट तक खोलें. -->जोइनिंग करते ही 62 ₹ मिलेंगे.",0
56 inch seena ka size bataya th ya apni gaund ka are bhai kabhi to gusa dikao,1
LOGO KO ISKE SHAKL SAY BHAI  NAFRATT  HO GYE  H....,1
श्रीनगर के बारामूला में मतदान के दौरान एक पोलिंग बूथ पर ग्रेनेड अटैक हुआ है। इसमें सीआरपीएफ का एक जवान जख्मी हो गया है।,0
Hum bhi disturb hote hain jab ek baraat nikalti hai aur 2 hrs tak road par sonu nigam ke gaane sunne padte hain.😃,1
HARAMKHOR BHAKTO.. ..  JALDI JALDI BATAO KOUN KOUN BHAKT MODI JI KO APNI MATAJI KA KHASAM BANANEY KO UKCHUK HAI.. ..,1
"मोदी जी रोते हुए मंच से भाषण दे रहे थे ! भाईयो , बहिनों ""मैने देशहित में घर, परिवार सब त्याग दिया"" ● मोदी ने कौन सा घर परिवार त्याग दिया.. जशोदाबेन का या पिता का.. ● मोदी के पास कौन सा राजपाट था भगवान बुद्ध की तरह जो उन्होंने त्याग दिया। ● मोदी के पास कौन सी IAS की नौकरी थी जो सुभाष चंद्र बोस की तरह उन्होंने त्याग दिया.. ● मोदी- महात्मा गांधी की तरह कौन से धनी बैरिस्टर थे जो सूटबूट विदेश छोड़ एक देश आजाद कराने के लिए- एक धोती में जीवन गुजार दिया और त्याग किया",0
Ashray AmanSALE mae 5-6 le lenge bhaiya..GIP  ya DLF se..😂😂,0
"World Famous Astrologer Baba ji +91-9001018938   जीवन की सभी समस्याओं का समाधान केवल एक फ़ोन पर 100% गारंटी के साथ करवाये। +91-9001018938 LOVE PROBLEM :-:: प्यार में धोखा मनचाही शादी प्यार में घर वाले मनाना पति पत्नी अनबन  BUSINESS PROBLEM:-:::  काम कारोबार में रुकावट,नौकरी ना मिलना व्यापार में लगातार हानि होना  Parsnal Problem:-::: घर में अशांति फैलना,किया कराया, ग्रहक्लेश सभी समस्याओ का एक फ़ोन पर तुरंत समाधान। +91-9001018938.",0
beta isme tere ko kya fyda hoga. chutiya phir se banane ko teyar ho.,1
#EVM की #गड़बड़ी 2029 तक ठीक नहीं हो पायेगी !  बाद में #योगीजी ही ठीक करने आएंगे😊😊😊 lekin humare aap wale sad ji rote reh jayenge,0
सुजुकी मोटरसाइकिल इंडिया ने अपनी प्रीमियम कम्यूटर बाइक जिक्सर और जिक्सर एसएफ के स्पेशल एडिशन को भारत में लॉन्च कर दिया है।,0
मै भारत के प्रधानमंत्री जी से  कहना चाहुंगा  की अब और बर्दाश्त नही कर सकते है हमारे देश के वासी जो भी करना हो वाह करो  हमे ऐसा देश का तरक्की नही चाहिए जो हमारे जवानो के  खून से तरक्की मिल रहा हो बहुत हुआ अब समय की मांग है पाकिस्तान को कब्रिस्तान बना दो हमे नही चाहिए विकास सिर्फ पाकिस्तान को कर दो बर्बाद निंदा करने से कुस काम में नई आयेगा और विकास विकास को क्या क्या करे प्रतिदिन जवान शहीद हो रहे है,1
abey tu toh nikamma captain tha. jaa chappel ke pichwaade mein chup ja.,1
Beocuf banega nahi . mahan hai.,0
Shivam Agarwal k ghr k jst samne hua ye Saswata Biswas :p,0
आज आप बिग बॉस के घर में मोनालिसा और विक्रांत की शादी होते हुए देखेंगे. यह पल बिग बॉस के 10 सीजनों के इतिहास में ऐसा पहली बार होने जा रहा है. #BiggBoss10 #MonalisaWedding,0
sare jaha se acha hindusta hamara,0
Ambulances ko inform jr du,0
sat sat naman veer jawan naj h tum pe hame,0
Are yar mat karo ye sab band karo ye China fida uthara bich me,0
GHATIYA Desh ne 1 baar fir apni aukhat dikha di apni GHATIYA harqat karke Kya ab bhi koi action nhi liya jayega Sarkar kya soch rhi hai,1
Phir se voting ho na chiye,1
विदिशा से बीजेपी की सुषमा स्वराज आगे,0
Tum logo ko tumhari maa bhain ki chinta Nahi hai,1
Aye bahiyoo aur behnoo... Eyse seriously mat lena.... Ye bhi ek jumla hai.... 😂 😂 😂 👍,1
नकस्ली क्या बेरोजगारी से ग्रस्त है इसलिऐ हथियार उठाऐ है ...... तो उनको सेना मे भर्ती करो .... पाकिस्तान के बार्डर पर डयुटी लगाओ ! इनका मारने का सपना भी पुरा होगा और रोजगार भी मिलेगा उनको,0
Peheli baar Jio ke slow hone pe khusi ho rahi hai😄,0
"Hotel industry,private college ,private school and private all company ke employee ko bhi dhyan merakhe",0
Narendra modi tum aage badho hum sab tumahare saath hain.,0
"JOB JOB JOB →मोबाइल से 10000-50000 रूपए..  →प्रति महीनें कमायें बिल्कुल फ्री, तो →Play Store से *Champ Cash* →App को डाउनलोड करके अपना →रजिस्ट्रेशन करें। →Referal ID मांगने *14606214डालें.* --> 7 से 8 app डाउनलोड करके 2 मिनिट तक खोलें. -->जोइनिंग करते ही 62 ₹ मिलेंगे.",0
"बिना किसी विचारधारा के कोई भी राजनैतिक पार्टी ज्यादा दिनों तक एक नहीं रह सकती ! फिर आम आदमी पार्टी तो समाज के  महज कुछ असंतुष्टों, निकम्मों, असभ्य, असफल और नकारात्मक सोच रखने वालों का जमावड़ा है !! कुछ दिनों बाद इतिहास के पन्नो में सिमट जायेगी....कुछ नासमझ फिर भी उछले जा रहे हैं !!",1
Chalo kam se kam bhakt campus me moot kar apni maa ki mahine bhar ki salary ka fine to nahi bharte. :V or phir gareeb gareeb chilla kar hyderbad flight se bhi nahi jate.,1
yeh lo koi to anti national launch hai aise bol raha hai,0
"हमारा एक ही नारा है। <B><FG=B0F00000>""गाय काटने वालो को  फाँसी दे दो सालो को""",1
"ABP wale AAP ka churan kha liya hai Jo ki hazam nahi kar pa raha hai, thoda mahol sant hua nahi ki dalali start..are ek v time Central govt ka criticize to kar ke dikha baitha ke pucho to sahido ka badla kab loge...",1
अबे कटुवे साले वो दिन तेरा आने वाला है क्यों जो कुछ बच्चा है तुम्हारा हाथ का वो भी बदनाम कर रहे हो ।,1
आवश्यकता है लडके एवं लडकियो की pantjali heath care में (राज्य एवं जिले अनुसार) हेल्पर- 8500+OT+ रहना+ खाना सुपरवाइजर- 12600+OT+रहना+ खाना (अनपढ से ग्रेजुएट तक)[उ०प्र० एवं बिहार मे and other states] सम्पर्क नं०- 7991766327 ( whatsapp),0
Haqiqat bol rahe h us masoom k ghar wale,0
"अब केजरीवाल क्या करेगा ,कल delhi वालो को धमकी दी थी के bjp को वोट दिया तो डेंगू हो जाएगा ,",1
bhai ye sab hone par thoda time lagega...........,0
Atif gandu ..Maine Saudi KO bola TRE GAND me KYU mirchi lgi Saudi Arab KA TU kya,1
क्या अखिलेश यादव ने आजा़न लगवाई थी,0
..modi ji ko and other party member ko bhut bhut vadai per meri request modi ji ko he ke antakwad ke khilaf sakhat karwai ho,1
Ye log laterin main plan banata wohi phortta .bahar aa kar gas phortta. Aaj tak mujhe samaj main nahi aaya ki bharat se sabhi war harne ke bad bhi saare general itna tagma kyon phentea hai. Wo india ko batanae ke liye. Dekho ji hum ne tagma pahen li aab marji aap ki giin looo,1
यही मोका हैअपने नौजवानों का बदला लेने का इस सरकार को नीचा दिखाने का  एक बार मन मना लो ।बहुत घमंड हो गया है मोदी जी को ।जनता से अपील है एक बार किसी राज्य मे घमंड उतार दो  बाद में सब ठीक होने शुरू हो जाएगा ।नहीं तो कीढे मकोढो की मरते रहोगे ।,1
Phir se AA gaya Bhai tu. 😂😂😂,0
Kyu ki bevkuf bana kae vote nahi lete yogi ji.,0
Tumahre comment behad gande hai,0
Jisko Modi pasand nahi hai ho vo hindustan chhodo 👋,1
Accha abe bhut bjp dekh rehe h na jab koe or party karti h jab ku nahi bolete lalu bade aaye bole wale.....ha abe to bole gye he na kyuki unhe modi ka progress hajam nahi ho reha h,1
दिल्ली में आम आदमी पार्टी की सरकार के कानून मंत्री जितेंद्र तोमर फर्जी डिग्री के मामले में फंसते जा रहे हैं। क्या आम आदमी पार्टी के सामने विश्वसनीयता का प्रश्न खड़ा हो गया है... एक चर्चा...,1
10 सर पाकिस्तनी सेना का काट कर ले आओ और पुरे भारत में घुमावो तब यकीन होगा 56 इंच का सीना है मोदी जी का।।,1
"कुछ भोसडी के मिडिया चेनल ईनके ठेकेदार बन बैठे है   मादरचोद ये नहीं देखते हमारी फौजपर पथ्थर फेकरहे है , गालियां दे रहे है और फौज को बदनाम करने की साजिस कर रहे है , विरोघी पार्टियां मौन बैठी है और ऊल्टा मोदी को बदनाम करने की फिराक में है ! सब भडवों को सिघा करदेना चाहिऐ ! nation first ये पोलिसि बनानि चाहिऐ",1
Delhi ko v bjp samsan bana denge bhai log soch samagh ke vote karna,1
Tu itne der se jab mudda he nahi smja to tujse kya baat kru nasamaj Syed Shanam Haider.......,0
#उत्तराखंडविधानसभा : बागी विधायक शैला रानी रावत की सुप्रीम कोर्ट में अर्ज़ी- स्पीकर के पास आयोग्य करने का अधिकार नहीं. बुधवार को होगी सुनवाई,0
09993333351 aishwarya eddy dev ki maakichut dekhne wale phone toh nai karenge gandu log behenchod.,1
Sirf ek community ko targate krne k purpose se kiya gaya tha ye kaam ab court khud dekhega sahi hai galat yogi ji bs bhashan dete rahe,1
Ashwini ji. aap kewal 100th century ko dekh rahen hain. Bangladesh mein Bangladesh ke saamne bhi 100 banana asaan nahin hai.,0
ham es ki kade sabdo me ninda karte hai...rajnath sing manmohan sing hamare ninda me kuch kami thi kya,1
भारतीय मीडिया को मिला दलाली का प्रमाण विश्वसनीयता पर 180 देशों में 136 वां स्थान ! Aree hijdo sharm kro...puri duniya me tumhari thoo-thoo ho rahi hai  Kam se kam ab to modi yodi ko chhodkar desh ki tarakki ki baat kro #bycottindianmedia,1
Nahi sir naya bihar sri nitish k  ka hai,0
ये विचारधारा किस बीमारी का नाम है .गरीब मजदुर असहाय लोगो को शिक्षा स्वास्थ देना ये ही विचार धारा है .,0
देश की जनता ने इस कुते खारिज एक बार मध्यप्रदेश मे इस कुते को लोगो ने थोड़ा समय दिया था लेकीन इस कुते ने भोकन्ना बन्द नहीं किया तो वहा से इसे भगा दिया तब से आतकवादियो का वकील बन कर ऊँहे बचाने की कोसीश मे रहता ह दूरभागय इस बात का ह की सरकार इस पर कार्वाई नहीं करती,1
2 geya 100 kategge ham to kishan He.. Aur jo bolrahahe o to madarchud He sale Aap ne behen ko chud ne bala bat bara bara karte He,1
प्रचार से हटकर थोडां बार्डर पर भी ध्यान दीजिए ।मोदी जी,1
Congressi kutte jab surgical strike hota hai to hamari army se saboot maangte hain.... Digvijay terrorists ki pairvi karts hai...,1
Prime time ka super hero ravish Kumar jodi tor  dak sune  k n asay  tobe  ekla c ray,0
"कृ० इस संकट की घड़ी मे धैर्य रक्खे,हिंन्दू मुसलमान या बी०जे०पी० या अन्य पार्टी का भी कोई प्रश्न नही है देश का जवान जब शहीद होता है तो न वह रमजान अली, सुलखान,अमित ,या राबिन्सन नही होता है वह हमारे परिवार का हिस्सा होता है।",0
"पिछले दिनों यह ख़बर बेहद तेज़ी से वायरल हुई कि यूपी के कैराना से सैकड़ों हिंदू सिर्फ इस वजह से मोहल्ला छोड़कर जा रहे हैं, क्योंकि वहां के मुस्लिम गुंडे उन्हें रहने नहीं दे रहे। न्यूज़ प्वाइंट की इस कड़ी में कैराना की हकीकत पर खास नजर...",0
Sahi hai Bhai. Babbar khalsa jaise samaj sevi sanghatan ki zaroorat hai Bharat ko.,0
कोई एक उदाहरण दे दे जो स्कीम किसी विशेष तो की हो,0
"Congressi neta is mamle per na hi Bolen to hi thik hoga kyun ki ye fasad ki jad to Congress hi hai. Modi se sawal puchhne ka huk sirf janta ko hai kisi rajnitik party ko nahi, kyun ki neta log sirf apni rotiyan sekte hain masle hal Mahi karte.",1
Do din rukne ki jarurat hi nhi aaj hi mar le Pak army ki,1
Tum hindu Muslim ki baat kyon karte ho move dekho maza karo,0
rajesh ji ni rhe ab.......?,0
#EarthDay2017: क्या कोई नदी चोरी हो सकती है? कनाडा में ऐसी ही 'रिवर पाइरेसी' हुई है. लेकिन 'रिवर पाइरेसी' क्या है? http://bit.ly/2pP2jej,0
"Teri juvan hi bata rahi ki tu kaisa hai  , pahle bhi tum log bhonke but aurgical hua , munh band huaa",1
# KUMSR JI. jo party ap ko Desh k liya bolne se rokti ha wo kiya is Desh ka Vikas karagi # Go away and do something for the India # JAI HIND,1
कुत्ते को उसी की भाषा मे जबाब देना जरूरी है और वो अभी,1
"पहले मनमोहन थे अब मोदी सरकार, जैसा पहले था वो आज भी है , कुछ नहीं बदलने वाला।",1
"पंडितो बाबाओ से धोखा खाए जरूर आजमाए +91-9928827268 Astrology, Horoscope,pt:vinod swami ji call & Whatsapp no +91-9928827268 काले ईलम के माहिर सभी समसयाओ का समाधान गारनटी से 72 घनटो मे 101% पति पतनी मे अनबन वशीकरण love problem solutions pt:vinod swami ji",0
Tamanna ka role he ni hai baahubali 2 me😣,0
Acche logon ko Modi G k sath aana hi chahiye.,0
Kya khub likha he Dost,0
Jab iska do....... Ki  अल्लाह ताल्लाह के फजल से पाकिस्तानी जेल में सज़ा काट रहे आतंकी जकी-उर-रहमान-लखवी की पत्नी पेट से है !😉  अल्लाह बडा हलालु है 😂,1
Sale kuch gaddar yaha b h jaise kasmiri atnkwadi wagarah wagarah bahut s h...,1
यही अच्छा मौका है सभी का लाइसेंस कैंसिल करें और किसी और को जारी करें,1
"Yhi plot hai batman ka, bruce wayne opera sai bor hoke jayega ab",0
Meat pr rok lga do. Aise v y khane ki koi chij hai. Bad thing. Smay wo aay jb amimal ko ek injection biksit ho jisse animal ko kuch na ho lekin khane wala khakr mr jay.,0
Bc or mc tu hai tu pee bus cow ka mutr jo tari oukat hai kya dharam hai tera jo larkion say rape kartay ho jocker jo bola me ne apni book khol k dek bakwas nahe kar or parnay k bad mata ka beef kha or jan bana,1
Jasodaben ko Akbar Owaisi sahab se shadi kar leni chahiye,1
"नरेंद्र मोदी हमारे नायक, झारखंड को तेजी से विकास के रास्ते पर लाएंगे : मुख्यमंत्री रघुवर दास http://t.co/3qun6QNgdB",0
Abe kya aatak gaya 😂😂😂,0
Pottappasanga  vera yaru pakistanis than,0
Ye niyam kisne banaya loud speeker ka...? Kya kuran me iska jikr hai ???,0
Aor tum kutte ke uper gobar laga jutaarana chahye kya,1
कॉकटेल की डायना याद है आपको..,0
Khud hi atankwadi bhre pde h aur unhi ko support Bhi krti h Jo real atanki h whi sb mil k desh ka kha k isi ko barbaad kr rhe h..,1
ye aap wale kab sudharengen....15 seats jeet rahen hain...fir bhi EVM ko blame ker rahen....they should hats off for delhi public...,0
जब तक 2 सर के बदले 10 सर नही आ जाते तब तक चैन नही,1
Pagal ho jana pak army ko soch soch k hahahaha,0
मोदीजी आप आगे बढो हम आपके साथ है ....आगे विजय ही विजय है ।,0
Cande sarkar KO bhumat ki mjbut sarkar hy khud fysla leti hy ab kiu bhgrheho?,1
Namo aap se aisha umid nhi hai sir ji aap ko election ke shamay aap jo wada kia unko pura kijia sir nhi too aap me aur kongresio me kya anter,1
Prakash stl me investment liya hi 2229 shear 1.35 ki karidari please,0
Ja k chek up kara le dimag ka,1
MAINE TO BOLA SACHAI kisiko dikhti nahi jaldi ....tere ankho me jo patti bandhi hui hai nahi dikhegi ....,0
तरीका ठीक नहीं है मोदीजी  ... *हराने की बात हुई थी रौंदने की नहीं।* 🤓🤓😊😊,0
पत्रकार बंधू जो सत्ता की चौकीदारी करते उन्हें लोकपाल की नियुक्ति केंद ने अभी तक नहीं की इस सवाल को अन्ना जी के सामने रख कर सवाल नहीं करते आप चुप क्यों है इसी बिल के लिए देश में बड़ा आंदोलन किया अब उस पर क्यों नहीं बोलते।,0
अरे ये मुल्लो को तो सब डाडी वाले ही चाहिए हिंदू से हिंदुस्तान से भगवा से नफरत है जो इतिहास में भी देखलो ये लोगोने हिंदू वो से कभी दोस्ती की है एक भगवा वाला मुख्यमंत्री बन गया तो सब जल गये।।मोदीजी भी संन्यासी ह ऊपर सफेद पहते है लेकिन अंदर में पुरा भगवा है मैं तो ये कहता हु की मंत्री सब साधु संतों को ही बना या जावे तो देश में भ्रष्टाचार होने का कोई भी डर नहीं रहे गा।।,1
आजकल सभी बड़े बड़े राष्ट्र- भक्त /सैनिक -भक्त बन रहे हैं| क्यों नहीं ये बड़े-बड़े सैन्य भक्त  उन सैनिको की टुकड़ी की अगुआई करते जो विभिन्न आतंकियों से लड़ने को भेजी जाती हैं| जब प्रिंस चार्ल्स युद्ध का अभ्यास कर सकते है तो ये कथित देश-भक्त क्यों नहीं|,0
pahli bat ye kejriwal ki anshan ke vaqt ki photo rakhi he aur dusri bat chuav se pahle vo income tax officer tha bhukha nahi mar raha tha .thoda to socho kuch bhi.,0
ma to khan ke na news portahu nahi Like krtahu,0
‌Part time job करके Rs.10000 - 50000 कमाना चाहतेहै तो.......आइये *CashLess DIGITAL INDIA* से जुड़िये......Zero investment.... JOIN होने के लिए आप1⃣ अपने फ़ोन केplaystore*में*Champcash money free* लिखो और उस app को अपने मोबाइल में install कर लो !2⃣ अब app पर click करो और sign up पर click करके अपनी डिटेल्स भर दो.3⃣ Refer id of sponsor पूछेगा वहाँ पर *12935304* डाल दो 4⃣ complete challenge aur apna id activate karke business se jud jao*Refer id 12935304,0
आवश्यकता है लडके एवं लडकियो की pantjali heath care में (राज्य एवं जिले अनुसार) हेल्पर- 8500+OT+ रहना+ खाना सुपरवाइजर- 12600+OT+रहना+ खाना (अनपढ से ग्रेजुएट तक)[उ०प्र० एवं बिहार मे and other states] सम्पर्क नं०- 7991766327 ( whatsapp),0
Lokpaal bill pe khmosi maar ke aap ne achcha nahi kiya abto sarkaar aur haalat aapke anukool hai kiun lokpaal ke liye aapki fusfusahat tak nahi nikalti?,0
Abe  kuch sarm bacha rkhi ho to bas kar or kitna niche girega,1
"लग रहा है आज की रात सूअर भूने जाएंगे..आर्मी चीफ कश्मीर में हैं..आने वाले 2, 3 दिन महत्वपूर्ण हैं. 👍",1
हाँ आजकल बहुत से कुत्ते बीफ बैन का विरोध झुण्ड में कर रहे हैं,1
Sir acha kam karte jao sab ko chalane do,0
अबे कटुओ श्री राम के भक्त है योगी जी,1
आप के पास Android फोन है तो इस ऐप से आप हर दिन 300 रुपये व इससे अधिक भी कमा सकते हे. . जिस पैसे से आप Mobile talktime या net पैक DTH भी रिचार्ज कर सकते है !! ऎप download होतेही आपको बॆलेन्स मिलना start हो जाएगा !! Apps केबल 2.5 MB का है 1 Apps  jarur install kare ! मुझे अभी तक 21000 रू मिल चुके है इस link se Download kre. http://17744665.earntalktime.com http://17744665.earntalktime.com http://17744665.earntalktime.com http://17744665.earntalktime.com http://17744665.earntalktime.com,0
ye sala khud atankbadi hai unse chanda bhi leta hai,1
Randi jada mat fuduk werna tera gang  bang ho jaya ga hindu sa musalmani ban jaya gi,1
Ise kahate hai kam bolata hai,0
Pehle bhi 5 transaction the ab bhi 5 hai...tera kya lutt gaya bhai?,1
saala mai itna khaata hu.. weight hee  nahi Badhta ..,0
Jo desh k khilaf h wahi Ye sab bol sakta hai,1
Retweeted NDTV Videos (@ndtvvideos):  स्वच्छता की गंधाती हक़ीक़त : सार्वजनिक शौचालयों का हाल - http://t.co/hwoYivJGxn,0
Jo deserve krte he unko bati jati h,0
"सच ही कहा है। आज तमाम धर्म गुंडागर्दी नहीं तो और क्या फैला रहे है। हिन्दू पंडितो की लूट मची है हर तीर्थ में। मुसलमानों का क्या कहें जगत जानता है। इसाई,सिख,जैन,बौध सब भ्रष्ट हो गए हैं। आध्यात्मिकता छोड़ सब ठग और व्यापारी बन गए हैं। दिखावा आडम्बर ही आडम्बर हो गया चारो तरफ। फिर भी बेवकूफों की समझ में कहा आएगा। वे तो पुराने आडम्बर को ही ज्ञान समझ बैठे है। हे राम।",1
Subramanyam swami k liye e bhashan naa k kisi aur k liye.samajhnay wali baat hai.,0
Dalito ko pura adhikar mile,0
रामचँद्र कह गए सिया से...भारत मेँ ऐसा गदर्भराज आएगा...एक गधा दिल्ली बैठेगा....एक यूपी मेँ राज चलाएगा...जुमलोँ से फिर देश चलेगा....अँधोँ मेँ काना राजा कहलाएगा,1
गुजरात लायंस के ड्वेन ब्रावो अब भी पूरी तरह से फ़िट नहीं हैं और आईपीएल 10 से बाहर हो गए हैं. #DwayneBravo,0
bakwass............ puri sajaa aise hi jamanat me nikal jaygi....,1
साख RBI की क्या देश की भी खराब हो रही है क्या किया जाए जब देश की जनता का दिमाग काम करना बन्द कर दे तो कोई क्या कर सकता है  ?,1
"[5/2, 10:45 AM] ‪+91 80033 91479‬: इस नौबत को लाने वालों,थोड़ा सा शर्म किये होते, तुम काश्मीर में सैनिक बन,केवल इक दिवस जिए होते, [5/2, 10:45 AM] ‪+91 80033 91479‬: दिल्ली में बैठे शेरों को सत्ता का लकवा मार गया, इस राजनीति के चक्कर में सैनिक का साहस हार गया,",1
Vag sali tumlog ko apne bhai se v chudwane me prblm nhi hota,1
Faraz Gerrard Jamal Kya ho raha Hai,0
kisi news channel ka owner apne channel pe aate hue dekha hain tu toh publicity ka bukha hain jo apney channel pe khud kee publicity ka bukha hain,1
Amara desh me desh droye pati hay ohi pati ehi cate hay C R P F more or sena mara zay,1
"पंडितो बाबाओ से धोखा खाए जरूर आजमाए +91-9928827268 Astrology, Horoscope,pt:vinod swami ji call & Whatsapp no +91-9928827268 काले ईलम के माहिर सभी समसयाओ का समाधान गारनटी से 72 घनटो मे 101% पति पतनी मे अनबन वशीकरण love problem solutions pt:vinod swami ji",0
👏 जब कही ना हो काम तो हमसे लो समाधान ! बडी से बडी समस्या का  समाधान समस्या केसी बी हो जड से खतम ! सबी जगह से धोखा खाअे ऐक बार जरूर संपरक करे [+91-9782165075] all problem solution babaji love vadhikaran specielist baba ji one call change your life 👍,0
Tension nahi lena hai bhai yogi rahe ya dhongi rahe galat karega to kendra sarkar hai media hai aap ne dekha nahi kaise modi sarkar ne mantriyon ka departments change kiye the bad performance par usi tarah cm ko v change kar shakte hai koi bari baat nahi hai aur nahi to hum public hai na sarkaar bana shakte hai to gira v shakte hai bhai,1
Yeh b style Hai Bhai apna Ki app line Puri  karo,0
एटीम कार्ड पर भी अतिरीक्त चार्ज लगता है जो देश के कही भी काम नही आता,0
*JOB JOB JOB**_```मुझे कुछ 50-100 ऐसे लड़के - लड़कियों की ज़रूरत है जो कि मेरे साथ टीम बनाकर अपने घर में बैठ कर काम कर सकें । काम केवल फेसबुक और व्हाट्स एप पर एड पोस्टिंग का है।```_**_```काफी अच्छा पैसा कमा सकते हैं बिना एक भी रूपया लगाये अपने पार्ट टाइम में । अगर आप इच्छुक हैं तो मेरे व्हाट्स एप 'JOB' लिख कर भेज दें।```_**(+919555486359)इस नंबर पर ।**_```नोट:- सिर्फ ऐसे लोग सम्पर्क करें जो मेहनत करके कुछ पाना चाहते हैं । बिना कुछ किए पाने की इच्छा रखने वाले मुझसे सम्पर्क न करें ।```_*,0
कब तक दलितों के साथ होता रहेगा भेदभाव? #ATCharcha #ATFBLive #DalitAttrocities #Dalit,1
2019 Mei Modi Ko Uthake Faq Do. Agar India Ko Bachana Hei To. Warna Manki Bath Shunkar Sho Jao?,1
Abe saalo Hume bhi dekhne do.. Yaha faltu me nhi baithe fb per,1
Wahi to wo hamare runner 🏃 behose hogeya pani milanehin unko pine ke liye ...e kesa insaf hai..bhai,1
Agar KRK me hai himmat to koi ek film banaye jo BAHUBALI 2 k ek din kamai v puri kar sake...,1
Aur Ryan Ryan tera surname nahi h kya ...kitno ne piche se maara jo pata nahi chal raha surname tera ...,0
Arrey yaar ithna tho swami aur priyanka bhi irritate nahi karthe,0
Dhokebaz jb dekha ki party doob gai to sath chhod dia,1
Rakesh Sharma jee ..aap sahi bolte ho muje in sab pr gussa nahi hai ..kuch log hai jo bahut sache musalman hai deshbhkt hai ...pr kuch paida ho jate hai in jaise v ..dhokebaaz gaddar hai ...na dosti niva pate hai ..deshbhkti to dur ki baat hai,0
"#China ने सीमा शुल्क अधिकारियों के तौर पर रोबोट्स तैनात किए, संदिग्‍ध लोगों का पता लगाने में सक्षम http://khabar.ndtv.com/news/world/china-deploys-ten-robots-as-custom-officials-1469222",0
🔘रोजगार बिलकुल फ्री में🔘 📲बिना इन्वेस्टमेंट के कमाइये 📲अपने एंड्राइड 📲से 📲8000-12000₹ 📲NOKRI लिखकर 📲9999629865 पर Whαtsαpp करे..,0
khan bhi south ki movie kr kr k aaj star bane h saale kabhi apni to bana hi nhi skte,1
or ye india  ke madrchod politicians jinko just speech he ddenni ATI  hai,1
Pushpendra Kumar sala gandu mc modi ka Naajayaz beta hai tu madarchod phone number  di teri maa chod dunga Harami,1
कांगी जानवरो प्लेट गन रुकवाने में तुम्हारी अम्मी क्यों मरी थी चम्पक चूतियों  तुम तो चुप रहो देश के दुश्मनों,1
lalla lalla loli duddu ki katoli dudu me batasha bajaj kare tamasha ... hahahaahah,0
जब तक देख ते ही गोली का ऑडर नही दिया जायेगा ऐसा ही होता रहेगा   मोदी बन गया बकचोदी मैन,1
न्यूज़ रूम में योगी की तस्वीरें गवाह हे ये दलाल मीडिया हे bjp की,1
🔘 15000-50000/महीना कमायें. 🔘 कंपनी गवर्नमेंट से Registered Hai  🔘 Play Store में Champcash Earn More लिखो और Install कर लो ! 🔘 अब App पर Click करो और Sign Up पर Click करके अपनी डिटेल्स भर दो. 🔘 Sponsor ID 5⃣5⃣1⃣9⃣6⃣2⃣1⃣ डाल दो.,0
sonepat me ek fy over h jisse public bahut pareshan h........plz us mudde ko bhi uthao,0
Aap kab se harishchandra ho gaye? Aapne to satta ka upyog karke 940/- ka mal bana liya. Ab aapke bate wahi kar rahe hai.,1
jaha pe video shoot kiya ha waha pe to ye koi lene wala bhi nahi hai,0
"ARE,RSS WALE KAHA HE ?? BHIYA TANEK THI K LINE LAGWAO",1
India Mein Bhi Kch Pakistani Supporters Ke Saath Aesa Hi Kch Hua Tha...Pakistani Team Ko Support Karne Ki Wajah Se,0
dube ji vikas ki bat to mat kijiye romio giri kijiye ar dharm ki bat kijiye kya jaroorat hai bhagwa pahan ke jhuth bolne ki,1
Modi shyad 2019 k baad he kuch kar shate hai.??????? Kyun Modi... G....sach.. Hai.. Na,1
Live अपडेट : काले धन से लड़ रही है हमारी सरकार : वार्षिक बजट 2017 पेश करते हुए वित्तमंत्री अरुण जेटली http://khabar.ndtv.com/videos/live/channel/ndtvindia #BudgetWithNDTV,0
Tum lombi ko aisa lagta hai ke log bevkoof hai and beheak jatte hai...tumko nahi mila vote toh behal gaye lok,1
तेरै सात चोदै गा भी तो तु कुछ नही कहैगी क्यु की तु पैसै पै बीगती है पता नही कितना पैसा लिया होगा पाबलीक को बैकबुकुब बनानै कै लियै,1
"Ye kurbani bekar nhi jayegi, me Adarsh Jha bachan leta hu ki desh me jitne v jawan sahid hue he,un sabke mout ka badla me Bharatiya Fouj me samil hokr lunga, Chahe iske lie mujhe apne jan ki kurbani hi kyu na deni pare, Jai Hind Jai Bharat",1
Aakhan chutiyyapp behnchoo ...gareebe upper caste yea lower caste nai dekhti....,1
M. L. A. साहब  ने गलत  किया  ईस के लिए उनको  अघिकारी से क्षमा  मागनी  चाहिए,0
nhi us ka naam hoga bablu k maa ki suji hui fuddi,1
"+91-9887795251)(Baba Umed ji)(प्रेम-विवाह }}{{ मनचाहा प्यार }}{{ काम-कारोबार }}{{ पति - पत्नी में अनबन }} लव मैरिज ,वशीकरण, सौतन दुश्मन छुटकारा ,पति पत्नी अनबन गृहक्लेश ,कर्जा मुक्ति , ,निःसंतान, एक बार फ़ोन जरूर कर Call Now +91-9887795251",0
Launching ka budget kam tha isliye ye gandmare bula liye,1
Good job hamare kuch log behere ho gaye,0
माँ भारती के लाल को सभी देश वासियो का कोटिश कोटिश नमन  खोल दो हाथ सेना के कबतक सेनिको के शीश कटेंगे  कब तक राष्ट्र भक्त युही खोए जाएंगे जागो जागो जागो राष्ट्र सेवक जी जागो  सेना को कदम बढ़ाने दो हर नामाकूल नापाक इरादों को कुचल जाने दो  भारत माता के हर दुश्मन की छाती पर अमर तिरंगा लहराने दो  जय हिन्द की सेना वन्दे मातरम जय हिन्द,0
Kabhi nahi kiyoki enlogo our aap longo ka betaa to marta nhi hai,1
"अब 1 के बदले 10 सर  लाने वाले मोदी कहेंगे -""जवानों का बलिदान व्यर्थ नहीं जायेगा। ""  राजनाथ -"" हमले की पहले वाले से भी कड़ी निंदा करता हूँ। ""  फिर ये दोनों और बाकी मंत्री यू पी निकाय चुनावों और अन्य चुनावों के प्रचार में जुट जायेंगे !",1
कश्मीर में सैनिक मर रहे है और ये पिक्चर थू थू थू,1
ye log na to janneta kahlane layak hai na hi insan. bas jumle kahne me mahir hain.,1
"To hindu kya kar rahe hai, kyon nahi badla leetey, badey bujurgoo ne kahaa hai jhookney ki koi seema nahi hoti kyon ki samanee wala phir kehtaa hai aaur jhuk per ek bar tan ke khadee hoo jaao tab kisi me himmat nahi hoti ki kahee aur tan ke dikhaa, is liye apney liye aur apni aaney wali peedhiyon ke liye sangarsh karoo.",1
Hadd ho gayi hai . G***D chatne ki,1
अच्छा शेर हो तो बताओ हलाला करने तेरी अम्मी का शेर तेरे घर आया था या अम्मी जंगल गई थी,1
"महिला कर्मियों को मोदी सरकार की सौगात, गर्भवती महिलाओं को मिलेगी 26 हफ़्ते की छुट्टी http://khabar.ndtv.com/news/india/maternity-benefits-act-amendment-bill-in-rajya-sabha-1442840 #maternity",0
yogi jese katil bjp k hero hai 😂,1
वाह सरजी आपने ऎसा मुद्दा उठा दिया..... जिससे देश का ज्यादातर घर परिवार परेशान है स्कूल माफिया से।,1
modiji sub acha kar rahe ha kishan bhaio ka liya bi kuch kariya,0
केरल के बिशप ने हिंदू युवक को किडनी दान में दी...,0
₹न्दितिवि वालों कुरान के सूरा 9.5 में भी बहुत कुछ लिखा  है जरा वो भी चाप दो दल्लों,1
#IPLAuction 2016: आर सतीश को 20 लाख रुपये के बेस प्राइस पर खरीदा कोलकाता नाइटराइडर्स ने,0
Madam yeh koy acha kaam nhi bolte hai acha kaam unhe bola jata hai ki really Mei neta ko chalna band kar diya jaiy res baati hata ne se kuch nhi hota shrf har state mein IAS PCS education bandi ki chalni chahiy na ki gundda neta ki chale...,0
Jo main 3talak h pehle uspe to bjp k sath dede uske bad sb aapne ap hoga,1
Opinion poll sab bikau hai maharaj...kisi ka vishwas nahi raha in main. ..,1
Hahaha tmhary india m bucha bi hota ha tu tmhara gando media and gando govt kahti ha ISI ny karwaya ha rendians 😂😇😍,1
सोनू निगम बधाई के पात्र हैं जो बात सही लगा उसे उठाया है।,0
10 Sal raj Kiya ab 5Sal tho puere ker  Le  do  hajma khrab ku ho rha hai b j p modi ji jinda bad,0
लगता है चमारो ने किसी को चोद दिया है इसलिए इतना चिडा हुआ है,1
Black Money sirf 3 ke paas he jana chaiye 1. Garib Janta 2. Kissan 3. jawan,0
BABA RAM DEV BILKUL SAHI KAHA HY  HAR HAE MODE  HAR HAR MAHADEV,0
Joote khud ba khud unje moonh ki aur lagne ko lalayit hain,1
योगी जी अब तो ईन मुल्लो कि गांड मारदो ज्यादा बोलरहे है कुत्ते कि दुम निच साले दलित से धर्म बदलकर मुल्ले कटेले बन गये पर रह गये दलित      कटेले भारत मे रहना है तो जय श्री राम कहना पडेगा ज्यादा जिद करेगा तो मरेगा,1
bc Bajaj ab Bajaj nai raha.. queen of Britain na ho gyaa,0
Anna Ji kejrival ke khilaf bol   kar apna man na girave,0
"भक्त (ISI ऐजेंटस) ना देखे, पल्ले कुछ नही पड़ेगा, फिर बेवजह कपड़े फाड़ेंगे  ...पढ़े लिखो के बीच फँसा फ़र्ज़ी हिन्दु पार्टी खाजपा का गधा अलग ही नज़र आयेगा😂😂",1
डब्ल्यूएमए द्वारा जारी किए गए बयान में कहा गया है कि डॉ केतन देसाई ने शुक्रवार को एसोसिएशन के अध्यक्ष के रूप में ताइवान में हुई उसकी वार्षिक बैठक के दौरान उद्घाटन भाषण दिया. #KetanDesai,0
Mohabbat hone ka ye matlb bhi nhe ke madarchod apna khatna he kara le hum lo. Apke Akhilesh bhaiya Namaj bhi padh sakte h unka bhi tm log pehle khatna kara do to Jane sale chudiya kahe ke,1
KKR tu bachho ki lulli me jami huyi gandgi hai,1
Congress ne itna keechad kr diya tha desh me ab Kamal to khilna hi tha,0
Jityan Sharma sabse pahle tameez se baat karna sekho or ak baat btao ki tum videsi aarya log kahan se aaye ho or agar nhi pta ho to history pad lo,1
"👍🏿👍🏿👍🏿👍🏿👍🏿👍🏿*₹₹ Free Job ₹₹* →अगर आप नोकरी करना चाहते हो..  →Android मोबाइल से 15000-20000 रूपए..  →प्रति महीनें कमायें बिल्कुल फ्री, तो →Play Store से champcash  →App को डाउनलोड करके अपना →रजिस्ट्रेशन करें। →Referal ID मांगने पे *3525626* डालेंimportant  Hai Note kar lijiye →Helpline Whatsaap no - 9634666717",0
yeh india hain yeh india hain yeh india hain yeh india hain.,0
फिकर ना करो जिस दिन पाकिस्तान को मोदी के 56 इंच के सीने को दिखाने की सुरुवात होगी उस दिन बात आखरी अंजाम पर खत्म होगी,1
ये तो अपने  मुह मिया  मिठ्ठू   बन रहा,1
Sonu tu to chutiya nikla! Aaj se tere gaane sunna band!😠😬,1
🚩🚩🚩🚩ओ३म् श्रीहरि:शरणम् ।। 🚩  🚩🚩।।ॐ।।राधे राधे। 🚩🚩 श्री कृष्ण गोविंद हरे मुरारे हे नाथ नारायण वासुदेव । आपका हर पल गोविन्द मय हो ।।ॐ,0
Acche din.... Aa gaye hain,0
Aap ke batane se pahle hi hame pata lag gya hai.thanks for information,0
Mai office me hu. Ab so jao plz.,0
khangressio tum apni 56 inch ke Jeebh band hi Rakho to Acha hai..tum ne kya ukhad liya tha....jo modi ko bolte ho....Sare Fasad ki Jad to tum hi  ho....Abhi modi kuch karega to Saboot magne lagoge....,1
Homik Mittal IITian log bhai. 😂👻,0
Muje lagtahey hey Hindu or Muslim vitar danga vadkane chate hey,0
Abhay dixit aj to jamanat bhi jabat ho gyi aam admi party ki,1
"Sb propaganda. Hai donu traf sy, awam k jazbat sy kheltay, awam ko bewakof bnaya hua,  Yh bik gae hain gorments",1
bike launch kara rahe hai ya ghost dikha rahe hai:P,0
bhagwaan ka uphaar ya azaab hai..humpe ?,1
दलित के भेदभाव बंद होना चाहिए दलित को सताने वाले के ऊपर कार्यवाही होनी चाहिए,0
"breaking news.....राष्ट्रीय दामाद वाड्रा , भाजपा के गुज़रे अध्यक्ष गडकरी ,बैसाखी चोर खुर्शीद, और अम्बानी के बाद अब बारी आई है कपिल सिब्बल की ! आज दोपहर 2 बजे अरविन्द केजरीवाल और प्रशांत भूषण गैर कानूनी मंत्री सिब्बल की पोलखोल करेंगे ! पोलखोल की अगली कड़ी में ये देखना दिलचस्प होगा कि सिब्बल के कौन से छिपे कारनामे सामने आते हैं !.....",1
प्रचार  तो  अनेको  तरीके  से  जोरदार  चलता  ही  रहता  है.,0
बॉलीवुड की मशहूर अभिनेत्रियों में से एक काजोल का शुक्रवार को बर्थडे था. इस खास मौके पर काजोल ने अपने फैन्स के लिए एक प्यार भरा वीडियो बनाया और उसे अपने इंस्टाग्राम एकाउंट पर शेयर भी…,0
"Digital india से जुडिये अपने Android mobile से अब Rs. 10000-15000/महीना कमायें. बस आपको Advertising करना है. और कम्पनी आपको हर माह आपके बैंक एकाउंट मे रूपया देगी... बस आप इस whatsApp no. (8447997907)पर ""info "" लिख कर send कीजिए.",0
काश मेरी जिंदगी मे सरहद की कोइ शाम आए मेरी जिंदगी मेरे वतन के काम आए ना खौफ है मौत का ना आरजु है जन्नत की लेकीन जब कभी जीक्र हो शहीदो का  काश मेरा भी नाम आए काश मेरा भी नाम आए,0
Bhai 3 saal say ek hi raag bhaktgun chupp ek lambi khamoshi...... ARMY Ke haath kholne Ki ab zaroorat bahut hogaya,1
Inko apne kamo pe barosa hain ke nahi jo itne sare pracharak LA rahe hain ab galyio main bhi kendra ke mantri kam chodhkar gumenge?,1
Modi Ka Bhi Before And After Dikha Do Bhai Mere,0
buri baat hoti hai god father ko asa nahi khatay hai bhool gaye kiya jab bhi tum logo country k daily opertion ko meet karna hota hai tab dawood ibrahim hi support karta hai jab election campaign karni hoti hai to dawood ibrahim hi support karta hai show some respect toward dawood ibrahim,1
1 sit jit liya to istifa fir to M p me shevraj Singh chohan ko bhi dena chahiye,1
bilkul sahi kaha b j p ne,0
Desha no 1 chenel bata payege DCHL share kab 72 PAR JAYEGA,0
5 rupees ka khane ka coupon dega babar,0
Jahanum jane ka waqt aagaya hai un jaake  kya karega,1
अनिल कपूर ने एक अवार्ड शो के रेड कार्पेट पर कहा कि मेरी जिंदगी पर फिल्म बनाना ठीक नहीं। कौन देखेगा मेरी ज़िन्दगी पर फ़िल्म। मैंने ऐसा कुछ भी नहीं किया है कि मेरे ऊपर फिल्म बनाई जाए। #AnilKapoor,0
bike launch na hua ashutosh govarikar n ram gopal verma ka mix breed movie bana dal,0
"Jb koi andhbhakt,bhagva aantkvadi khe to sochna padta h agar hum jaise ko  aantkvadi kh rhe h to aantkvadi kaisa hoga",1
"उकसाओ मत यह सब तुम लोगों की नपुंक्सता की देन है ५६"" जल्द ही ६०"" होने वाली है आंखे बंद कर सो जा",1
Isse accha to animal's yaa poor people ko de dete milk,0
"सबुत दिखाओ हमें भी पाकिस्तान के सैनिकों के शव चाहिए उनकी छाती फाड़ कर कुतो को डाला जाए,जय हिंद जय भारत,",1
मुंबई वालों लगे हात कप भी ले लो ना खत्म करो IPL सुर्यवंशम देखते है,1
naya research  akash jain...,0
इस झांट बराबर आबादी वाले भिखमंगे मुल्क पाकिस्तान पर जिस दिन भारत ब्रह्मोस मिसाइल गिरायेगा उस दिन इस मुल्क को अपनी औकात पता चल जाएगी। उस दिन पाकिस्तान की पार्लियामेंट पर भी तिरंगा लहराएगा और उसके नीचे खड़े करके नवाज शरीफ और पाक सेना प्रमुख से हमारा राष्ट्र गान भी गवाएंगे और भारत माता की जय भी बुलवाएँगे  जय हिन्द,1
are nallo ki sakrar hai... modi ji sirf virodh paksh me hi ache the... kam se kam jawano ko himmat to dete the... ab to bs ninda hi karte rehte h,1
सपा और कांग्रेस का गठबंधन दोनो पार्टियों के लिए बिलकुल सही कदम है इससे फायदा ही होगा नुकसान नही होगा,0
life ho to Salman bhi jaisi .,0
Bhai jo banda live streaming kar ra h tu to smjh,0
लखनऊ: बीजेपी कार्यसमिति की बैठक में अमित शाह ने यूपी की योगी सरकार के बारे में देखिए क्या कहा है..,0
Ye sarkar desh chala nhi sakti isko bhagao yaha se inhone gareeb janta ko had se jada preshan kar diya h abki baar is nikkami sarkar ko vipaksh me he bethna hoga,1
Manavta sirf lalit modi ke liye hai...aam garib janta se chor BJP ka kya lena dena.,1
सोनु की बात छोडो  indian express और jansata कि क्या राय है ?,1
Chamcho ki kya kami bharat me,1
Ajam khan ke jaisa ek illiterate Indian bhi aisi murkhatapurn baat nahin kar sakata hai.,1
Hadd ho gai Rajniti ki...,0
Ha bhai bol de to ham teyar h mrne marne k liye.....lekin bhai sabhi sarkar aise lagi mujhe abi tak.....,1
यह परती तो खतां म होने के कागार पे है . ऐस का मालिक ही पगाल है .,1
bilkul  sahi  bat,0
Pura dest Bahubali2 mei Kattapata ko maarne ki wajah jaane k liye jitna paagal ho rakha hai Kaash unta hi pagalpan apne jawano ke saat huyi barbarta par dekhate .par afsoos ki sarkar NINDA kar k chup ho jaati hai aur hum bahubali2 dekh kar so jaate hain,1
Sare news channel me dikha rhe hai Modi k virodh kr kr k mar jyga modi to hamesha PM rahenge,1
2000 ke note me naino chip Laga hai treas kro note signal dega or pakad Liya jayega jyada jankari ke liye sudhir chhi news wala or Anjana Modi se contact kro,0
Banking transaction tax and g.s.t will be replaced with scrapping income tax as advised chanakya artha kranti sanatan. Jai ho bharath maathaaki jai namo namaha vandemataram,0
जो आदमि अपना अंदर का गोड या अपना अंदर का 5 एन्दर्या प्चान लत ह वह वल्ड़ का सब्सा जदा ज्ञान वसआ ह,0
ईसके जैसा कमीना अादमी भारतीय धरती पर क्यो पैदा हूवा ये हमारा दुर्भाग्य है,1
"पाकिस्तानी सेना ने भारतीय चौकियों पर फायरिंग की, भारतीय सेना ने भी दिया जवाब",0
Neha Jadhav...indianised version nko kaa!!!😂,0
पागल हो गया अब सोनू रफ़ी साहब की कॉपी करता है,1
Achank se vemula ki yad ane ka karan? Sales kam ho gae h kya commi thug? Fake DALIT ban k country ko destablize krna ajkal fashion ban gya h leftist thugs ka.,1
Kitna shhid honge hamare jawan pm hai ya chaprashi kch karta hi nhi,1
IS HARAM KHOR KO AB SAMAJH MEIN AA RAHA HAI  ?,1
Navneet bhai bas kar yar ... har batt pe hindu muslim math la... yea aachi batt nahi ... han krk ne galti kiya par inme relegation math laa,0
Jawan ko mar rahe hain aur ham hatyare ko Indian kah kar bacha rahe hain !,1
Main iss gaane k baare me hi bata rhi thi tje..ed sheeran ka,0
faisle ke 11 saal ke baad fansi hua. Kya yeh enogh nahi tha..,0
Mangi baat change to donkey baat,1
abey to kaan se khun nikalana chalu ho gaya hai,1
ab badminton se hi thodi umeed hain.,0
Hamare desh ka jo jra v nuksaan pahunchaye usse uska 4 guna basool kro tbi aukat me aayenge ye log,1
"सुषमा स्वराज के इस्तीफे के लिए विपक्ष की मांग का जिक्र करते हुए उन्होंने कहा, 'गलत लोगों के इस्तीफे की मांग की जा रही है। मैं आपको आश्वस्त करना चाहूंगा कि तूफान आने वाला है। कई और इस्तीफे भी आएंगे।'  पढ़ें पूरी खबर  #LalitModi #SushmaSwaraj",0
Jis video ne Ander se hila diya uske liye maafi mangne ka dabav Kyu .....,1
dekhte kyo ho bhai ji,1
Sarkaar bane ya na bane ye to saata ke do pahlu hai  Kabhi raja runk kabhi runk bhi raja banta hai.  Jaroori nahi modi 2019 ya 2024 tak p.m. bane. Rahi baat dar ki dar to dabko hai bhai,0
Indian media reports k mutabiq 13 jawan patroling kur rahy thy jb BAT ne ghuss k 2 ko maar k sur kaat liye . Yahan yeh sawal bunta hai jo koi indian nehi dega k baaki 11 buzdil jawan iss doran apni geeli pents lekar kahan chup gaye thy?????😂😂😂  Chalo maan lia k pak army ne chup k attack kia hoga magar 11 fouji muqabla kurty toh Sir toh na katy jaty becharon k ..... bhartiyo jawab do 11 buzdil kahan bhag gaye thy tb????😍😅✌💕 esay khtay hai ghus ky marna,1
Nhi yar ilzam nhi hai 100% Sach hai k pakistan ny Mara hai alhamdulilla,0
Mera pass ab kuch nahi hai kaeval 500 1000 ke note hai kya karu kase luch karu subh se kuch nahi kahya gali dena ka man kar raha hai magr no,1
After 95/96 se market lagatar naye high kar rahi hai keya o bhi modi ke bajese huithi ?,0
Indian dog tum tumari army border pe soai rhti h kia .jo samny se hum aye .hhhhh,1
Pagal hai dhoodh waste karde ne kise garib de muh vich pao,1
Ye mulle bhi gajab madharchod h post sala Kashmir k patharbajo p tha aur ye madharchod aake enka samarthan krne lge,1
Aap sabhi ko sat sat naman.bhagvan aapke parivar ko ye dard sahne ki himmat de.. Jai hind .......!,0
बिलकुल यही खेल जनता से खेला गया है।😃😃😃,0
"*ना गीता बुरी है ,* *ना कुरान बुरा है ,* *ना हिन्दू बुरा है ,* *ना मुसलमान बुरा है,* *ना खुदा बुरा है ,* *ना भगवान बुरा है ,* *दिमाग में जो बैठा है,* *वो शैतान बुरा है !!!* *एक बनो--नेक बनो*",0
Kia bana Na tha Kia bana Diya.....   Humne bhaktu k liye digital India bana Diya......,1
"भाऊ मी केजरीवाल चा फॅन नाही आहे , मी सत्याचा फॅन आहे। सत्य जिकडे तिकडे मी।",0
🎏शायद🤔 कुछ ❓और 👍#चुनाव 🗳जीतने 🎊बाकी रह गये हैं❓वो 👆भी जीत🏅 लें  फ़िर😏 #आतंकवाद 🔫और♨ 💣#नक्सलवाद 🤺से #लड़ा🤼‍♀ जायेगा😔😫💯,1
Muje kaha dance aata hai,0
"मोदी को संतरा पसंद हैं, अमरुद नहीं।  Presstitute मीडिया द्वारा आज का विचार",1
Modi Modi Modi Modi Modi Modi Modi Modi Modi Modi Modi Modi Modi Modi Modi,0
हर जगह ऐसा ही चालू है कश्मीर मे भी नेता साईडमे ऊनके लडके पता नही कहाॅपर मरते है आम लोग,1
"#VIPs की गाड़ी से गायब होगी लालबत्ती, खबर है कि पीएम की गाड़ी पर भी नहीं होगी 'रेड बीकन' http://bit.ly/2oMKhGH",0
"This is what I say to kashmiris ' jo Apne mulk ke na ho sake , wo kisi or mulk k Kya honge'",0
"IPL RPSvsSRH:पुणे ने हैदराबाद को 6 विकेट से हराया, 34 गेंदों पर 61* रन बनाकर धोनी बने हीरो, 20 वें ओवर की आखिरी गेंद पर चौका लगाकर दिलाई जीत",0
Tum bhi.masjid maim bhajan karwao.agar mohbat tumhe bhi hai,1
Ab samaj main aaya Kijriwal... bohot bjp ko tok raha tha... hahaha ab aaye ga maza.,0
जैसे बिहार में हार देखी दिल्ली में ३ सीट आने पे मोदी जी ने इस्तेफा दे दिया था,1
Bhai o aur beheno ... bike dekna hai tou .. surgical strike karna padega ...,0
"शिकायत ""मौत"" से नहीं ... ""अपनों"" से थी मुझे....!!!  जरा सी आँख बंद क्या हुई .... वो कब्र खोदने लगे...!!!",0
क्या हम अपने ही देश को बरबाद कर दें? ऐसे वीडियो और ऐसी खबरों को वरीयता देना ग़लत है. इस तरह हम देशद्रोहियों का साथ देते हैं.,1
Pad nahi Mila to bhavuk hona to lazimi he Amanatullah ne konsa jhooth bola tha,0
"Siba Sankar Sahu Sahi bola Bhai, ye kejriwal ne itne wade kiye or ek b pura nhi kr paya or Delhi k aam logo ne MCD election me usko aukaat b dikha di. Ab uska Minister b uski let rha hai 😂",1
"पाक के खिलाफ शतक ठोकने के बाद विराट कोहली (107 रन, 126 गेंद) बने सोहैल खान का शिकार http://khabar.ndtv.com/leaf/cricket-scorecard/filename/inpk02152015173982 … #JeetoIndiaJeeto #IndvsPak",0
Aaaj ksi bhi desh me PM per tk rkh de waha ki super power tk uske per pdti hai tum kya jano kueee ke mendak,1
"कैसे सोऊ सुकून की नींद में साहब ""  सुकून से सुलाने वालों के तो शव आ रहें हैं""""              ||शहीदों को सलाम||",0
Vishnu Ji ka naya awtar   papiyo ko mitane  ke liye,0
Choro ki sarkar se azadi mil gaya,1
काल भी क्या करेगा उसका जो खुद भक्त हो महाकाल का,0
Anuj Verma Bhai ye dekh ke 3rd semester yaad AA Gaya :D,0
Acha Hume bhi h phir,0
oyy tum jaise leadro k to burka(nakab) pahan k niklna chahie koi pahchanega nahi.. to dar kis baat ka,1
"Chaddi gang ka post dekhiye...kitna jhootha, abhadra, asanvedansheel aur murkhtapurn...bilkul rawan ke vansaj lagte hain apni bhasha se",1
इंडियन एक्सप्रेस वालो एक नही लाखो नोजवान नॉकरी के लिए तैयार है,1
अमित शाह को कब गिरफ़्तार करेंगे? ये बताये !,1
Hahha pig🐶margaya ha ab ro  raha han bigs ki trha 😂😂,1
sir ek baar PM je se mare baat Kara do,0
Har din koi na koi pakda ja rha h black money k sath to koi minister ku ni pakda ja rha jab ki sabse jada black money unhi k pass h,1
Abe salo chutiyo chundiyo uske liye to me hu bhutni ko apni biwiyo ko chod do babo ke pass niyog karwane ko tumhare lulle me to jaan h nahi jo babao ke pass chodte ho ine krao niyog aur tum muth maro,1
Chaliye negi ji hmne bi bdi shiddat se lke kr liya.khuda khair kre ??,0
Anna hazare ka paryayewachi chutia  hai.  Ye aadmi ek failed chutiya hai. Let's stop taking him seriously,1
Vote kisi ko do jitega bjp hi EVM hai na,1
"Ye vahan ke netaon ki majboori he, theek usi tarah jaisi mumbai Maharashtra me neta ki daud dawn ke samay thi. Aisa aaj bhi harek rajya me he, katil ki nazar se bacho.",1
Ye sab aap kar chuke ho dr sahab wo bhi ek ganndey inshaan kejriwal ke saath,1
ऊटपटांग बयान देकर क्या पूरी तरह से कांग्रेस को मिटाने की कसम खा रखी है आपने क्या आपके इससे बयानों से जनता आप से नफरत करना चालू कर दिया है शायद आप इस और भी ध्यान दिया करें सिर्फ बयान देने पर ही ध्यान केंद्रित ना करें लोगों की भावना भी समझने की कोशिश करें भारत की जनता क्या सोचती है क्या चाहती है,1
67 mla bjp ke sampark mai. Kal bjp sarkar banane ja rhi manoj tiwari c.m.,0
"Koi kota koi institute kuch ni kr sakta but vo way jarur dekhaty baki mehnat k anusar phal melta hai. ""mr . A""",0
Wah beta bata diya tumne ki desh drohi ho tum...gawar jahil sale,1
"Dur hat,tofat jao molla #azam",1
Krne de rahe hai ibadat islye kar rahe ho ..shanti aman se ..smje ..,0
Ghatiya baat Choro yr moulana.....inlogo k liye aaj aise din aya,1
Cashless mudda hai to 2000 ke Naye note ki Baat samajh nahi aati,0
To manuwadi se mil jayega,0
अगर आपके पास एन्ड्रोयड हैं तो इस 2 MB की छोटी सी app से आप दिन में 500-600₹ का रिचार्ज व इससे अधिक भी कमा सकते हैं। क्लिक करें:-App #earn_free_mobile_balance__earntalktime,0
"Tum logon ko aisa lagta he bhai ki kuch action ni liyaa,,, her cheez media me ni btayi ja sakti",0
Babbar bangaya Gobar  !,0
#आजतक और #ABP News आज दुनिया के नक्शे से पाक को मिटा कर ही दम लेंगे!! 😂😆😜🤣,1
Ab ye Biharion ko chara chaur bhi kahen ge. Kia Bihari ise bar dast karen ge?,1
"Aur bhai, Aniqa ki khitte me sab thik he ki nahi.",0
1.36 lacs k candy le k jaunga bc.. aj tak jitne jama kare h,0
Ye dono k mume dedo koi. Sale chila chila k paka rahe hai,1
देखें लाइव - महाराष्ट्र के मंत्री के रूप में पद एवं गोपनीयता की शपथ ले रहे हैं दिलीप कामरे - http://t.co/eLmK8LCk04,0
"NEWS UPDATE : बीसीसीआई सचिव अनुराग ठाकुर का बयान, पाक क्रिकेट बोर्ड संबंध बहाली का इच्छुक।  + पाक क्रिकेट बोर्ड भारत के साथ क्रिकेट संबंधी फिर से बहाल करना चाहता है - अनुराग ठाकुर।  + बीसीसीआई के सचिव हैं अनुराग ठाकुर।  + बीसीसीआई के मुताबिक़ शहरयार ख़ान ने इस संबंध में हाल हीं में उनसे मुलाक़ात की है।  + पाकिस्तान क्रिकेट बोर्ड के चीफ हैं शहरयार ख़ान।  + इस मामले में अंतिम फ़ैसला विदेश मंत्रालय करेगा - अनुराग ठाकुर।",0
"Har baar inke banaye hue Jaal mein Phans jaata hai India,  Babri ho, Dadri ho, Beef ho, ya ho Love Jihaad!  Dil mein vinaash, aur Moo par Vikas,  saala Sab Satyanaash.... :(",1
देरा के लिए आपके जज्बे को सलाम  किन्तु R.B.I. में यू . पी. ए. शासन की फैलाई गंदगी को भी साफ करने की आवश्यकता है,0
Nikhil .. extra mil rha ..  Bhaav mat kha😂😂,0
"Desh Badal raha hai , Aage nikal raha hai 🎉👏👍👌",0
Hassan Champion  Teri maa aane waali hain kya bey madarchhod? Toh yahi rukunga 😄,1
Sabse gandi BJP ki sarkar,1
Saswat D. Nayak kab ? Phantom ma ? hahahaha Beta The Diplomat Magazine parha kar chal Forbes hi dekh lena tha Sir G Kal strike py chal yar BBC News hi dekh leta LOLI strikes,1
Tu apna sadak chhap logic apane pas rakh aagaya besharm jaise Indian pages pe muh uthake,1
"kayde se tum jaise beimano ko hitler hi sahi kar sakta hai,tum jaiso ko tou gas bhatti mai daal dena chahiye",1
ladka bola ki jhoot mat bolo nanaji ko piles hai,0
Suwar to sale tum jaise log lagte hai bahanchod tum sab aukaat hi kya hai sirf bhokna jante ho,1
"Abey katuao ki ammiyo ki bhosdi fatt gyi. ..khali babri masjid girayi. ..wait Kro Abhi to tazmahal, kutub minar sabka num lagega. ..uss din ka wait kr majeed tu.. ..teri ammi ki bhosdi me suar ka Lund ghusega. ..",1
Sharm karo tm log ek gaye bail ke susu pete ho os ke poja karte ho..ye kaise maa hai tm logo ke jo pore dunia me bekte hai gosht k nam pe..jahil logo agar itni taleem hasil ke hai tm logo ne tu pir oska kya faida??,1
"accha, to tu hai wo jiske paise se india ko roti mil rhi hai,,bete mujhe mat sikha, agr tm log bajaye madarso mein jane ke, kisi shi se school mein jaake pdh likh liya kro to wha zaka hazamat banane ki naubat hi na aaye, aayi baat smjh, ""Economist""",1
Rizwan Shaikh haan haan teri royal ko meri pulsar 150 kaafi hai race karneko,0
पाकिस्तानियो को पकड़ के नालियो का पानी पिला पिला के मारो।,1
Shayad 2012 ki baat kar rahe the,0
Lahor to tum logo Jo bhikh m de diya tha hmne madarchodo,1
"देश में नफरत की बीज बोने वाले दो ही (परजीवी प्रजाति) है ।  1- नेता 2- धर्म के धुरंधर  ये दोनों सुधर जाय तो, फिर भारत सोने की चिड़िया बन जाय ।",1
आम आदमी पार्टी तो ऐसे आम हो गई  जैसे भरे बाज़ार में मुन्नी बदनाम हो गई..,1
"dig vijay shingh ek jokar hein congress ka aur usse bhi badi baat ye hein ki ye khud s.i.m.i ka dalaal hein, jo ye banaras ke sheetla ghaat hamle aur batla huse encuntar ko farzi bata kar is kutte ne ye s.i.m.i aur aatankiyo ke bekhe hue biskit khakar rastrawadiyo ke jese r.s.s ,ramdev b.j.p aur anna hazare par betuke byono ko badi neechta se bhokta hein, ye kehta hein ki ye samprdayikta wadiyo ka virodh karta hein, two jo asali sampradayik hein jese s.i.m.i aur I.M ke aatankiyo ki vakalat karta hein, osaa",1
tab tum kukurs unhi ka support korta tha. aur tum montri bhi tha.,1
साबित हो गया कि फ़िल्म के सफल होने के लिये अश्लीलता और बड़े नाम वाले हीरो की आवश्यकता नही है।,0
तेल कंपनियों की ओर से यह नया साल मुबारक कहने का एक तरीका है।,0
Piyush Kumar ab bapu nu ye na kahio i20 deke ye le ava sath😂😂😂😂😂😂😂😂,0
आवश्यकता है लडके एवं लडकियो की pantjali heath care में (राज्य एवं जिले अनुसार) हेल्पर- 8500+OT+ रहना+ खाना सुपरवाइजर- 12600+OT+रहना+ खाना (अनपढ से ग्रेजुएट तक)[उ०प्र० एवं बिहार मे and other states] सम्पर्क नं०- 7991766327 ( whatsapp),0
Or ye ABP news k kutte BJP ki apni channel me news kam or MODI BHAKTI zada krte h,1
"ABP ABP jra too sharm kro BJP nhi aap ko thaika mila h btanai ka, ki BJP kab kya kraigi, Ek sujao h ABP chainal kai logo Kai leye    Pichle 3 Months ka Apna News dheko pta chal jayega ABP kar kya rha",1
"विधायकों व सांसदों की योग्ता में एक शर्त लगा दी जाय की आपके बच्चे सेना में अवश्य जायें फिर देखिये सेना के लियेे क्या क्या करते है ,सैनिकों की किस्मत चमक जायेगी |",0
1971 ki war yaad kro bjp k hijdo Indira Gandhi ne dikhaye thi 56 ki Suvo Chatterjee,1
Tumara rab mere jhat se,0
Jb a jayenge dono sath to m khud tv pe dekh lunga.... bc mc,1
Warna inke bhai log h na roj hmare Army k hatho me kutho ki mauth marthe h unse poochlenge jannath kaisa h?,1
Surya Prakash Goyat हिन्दी में बोलता हूं क्या इससे पहले साधारण जनता आराम में थी या फिर इस सरकार के जाने के बाद आराम में रहेगी।  बताओ अगर आपकी मनपसंद सरकार आज फैसला ले  की चीनी २ रुपए किलो मिलेगी तो सारी जनता खुश होगी (जनता में सभी आते हैं ) lala dhukhi hoga  क्या आपको सही में नहीं पता की उसके बाद कितना काला-धन पकड़ा गया? कितना नकली रुपए जलाये या काटे गये?  किसी पार्टी को सपोर्ट करना अछि बात है पर सही - गलत भी तो पता होना चाहिए.,0
Lekin Bihar ka take it 15 saal me bhi nahi,0
"SRH BEST BOWLING LINE UP!!!  . . 6 over 48, aasar tho dekha hi tha sayad!!!",0
Chara khake pagal hogeya he..beta mitti chor !!!,1
Abe 5+7=12 hi to hue Naksaliyo ne to 25 maar diye aur 7 jawan k penis long bhi kaat ker le gaye woh kiya hai modi ka desh bhakti haaaaa,1
Syed bhai teri baat m dm h...,0
Bharat ke neta pad tak pahuchne tak kuchh bhi bol sakte hai chahe wah kisi bhi party ka ho wo bas bate aur wade kar sakta hai,1
Yar bdi bar dekhlee mini❤️ haye beard wala khaskr n kya coordination e cool moves ka,0
"दिल्ली पहुंचे रघुवर दास, झारखंड के सीएम पद के उम्मीदवार हैं दास, पार्टी के केंद्रीय नेताओं ने बैठक के लिए बुलाया",0
Muskil Hai rajeshathan Me kuch kam hi Nahi kiya vasundra raje ne.,1
Koi allan ko kuch nhe bol raha h tm log he allah ne kam ko kharab kar rahe ho tmhara jo man hota h karte ho or bolte ho ye allan ne kiya h,0
भारत सरकार  का नमक  खाते है और इस ही गदारी करते है,1
Shkal daykh ainy  main Pahl  shkal sa hi kuta lagta ha   Bohnk  kuty bohnk  Bohnk bohnk  Bahnchd  bohnk  Mc,1
"शादी की ड्रेस पर इतना खर्च क्यों? शेरवानी , इंडोवेस्टर्न ड्रेसेस , कोट-पैंट , जोधपुरी सूट किराए पर लै। और पैसे बचाये  अब खरीदे नहीं?  किराए पर लै। पता- मैं रोड MCD पार्क के सामने , छत्तरपुर नई दिल्ली 110074 मोबाइल नंबर 8588044100                     9540067976 #sherwanionRent8588044100 #dressesonhire #ethniconhire #topsherwanis #topindianwedding #weddingshare  #Exoticceations #sherwaniofdelhi #Sherwaniworld  #Sherwaniinchatterpur #Southdelhisherwanionhire #topvrandedsherwanionhire #Jodhpurisherwanis #Indiansherwani #indowesterndressesonhire #mensSherwanicollection #Embroidedsherwanis #Arifmansoori Sherwanionrent",0
Pak walo ke muh me maruga g   niche se niklegi,1
Salo in chote chote election ko bhi chila chilla ke bade bana do salo,1
Laloo tera baap hai kya ya Tu bhi najayaj chara ghotale ki paidaish hai,1
"Juzer Hussain,, kahi aapne b to susu ki chuski to ni lga li aaj,, jo jahilo jesi bate kr rhy ho,, jhut p jhut boly ja rhy ho 😃",1
मेल खाना भी नहीं चाहिये,0
Bhai itna mehnat apnee soch sahi banane me kar lete. Modi ji desh ke PM hai. Aur tum is desh ke nagrik.,0
lal dehy lali lasay aru dhary laal langur..braj dhey danavdalan ...jai jai kapisur,0
धरती बनाई अल्ला ताला ने मगर सारा #दिमाग दे दिया #काफिरों को 😂😂😂  #इसरो 👍👍👍👍👍,0
"Sahi bole bhai.. Ranjan Rajan Gupta .. jab b desh k birodh koi karta he na ye log ajate he muh utha k support karne, award wapas karne ko.. yahi sab log hi he",1
kha li to kya ho gaya bahut se log khate hain kyun bematalab ka news banate ho,1
Hn ma to bas dikha rha tha ki cool h,0
Qamar bajway sab ne kaha hay hmaray Armi cheif ne k ...hum ne koi bhi india k fuji ka sr aLag nahi kiya .. or na hi koi or bay hurmti ki hay,0
Ye to hona hi tha....AAP ko BC band karni chayein nahi to abhi toot jaayegi party........EVM issue modi issue dengue issue na jaane ab kya....????,1
Tomary jwano ki chodon mata and didi es ko kehty hain ghus kar marna juthy modi ki taran nahi jis ka koy proof na ho ghus kar esy maro jese ham marty hain jis ko dunia dekhy hahahaha 10 thy 7 saly bhag gy,1
"भगवा कपड़ो को देखकर सबसे ज़्यादा मुँह हिन्दू ही बनाते है, की हार गया क्या जीवन से? ओर सनातन संस्कृति में भगवा वस्त्र "" राजाओ "" के वस्त्र थे । भगवा वस्त्रो की कद्र करना शुरू कर दीजिए ---- क्यो की इस्लाम का पाप का घड़ा भर चुका है, ओर आगे "" भगवामय "" भारत ही होने वाला है । जय श्री राम",0
"कुछ तो बात है मेरे देश की मिट्टी में ग़ालिब,  सरहदें कूद के आते हैं  आतंकी भी  यहाँ दफ़न होने के लिए!",0
"ये बात तू Sultan Quraishi तेरे ऊपर भी लागू होती है,या भी भेड़ चाल ही चलनी है, या फिर मोदी के विरोध में तुम लोग गोबर को भी केक बना कर खा जाओगे",1
Dear Pappu Modi uncle. Aab kdi ninda krne ka time aa gya hai.  Hathon me chudian pahan lo,1
Hindu apni maa chuda k in logo ko hi vote dega...inke sath esa hi hona chahiye,1
Hamre resqt ra modi jee say Action lany ka liy,0
"पीके' के खिलाफ प्रदर्शन तेज हुआ, गुजरात में थिएटरों में तोड़-फोड़... http://t.co/thCJOpVXDe",0
"फिलीपींस के राष्ट्रपति रोड्रिगो दुतेरते ने कहा है कि जब वह देश एक दक्षिणी शहर के मेयर थे, तब पुलिस के सामने मिसाल कायम करने के लिए उन्होंने खुद संदिग्ध अपराधियों की हत्या की थी.",0
चल ठीक है। अब चुनाव बाद ही बात होगी।,0
evm band karo desh ko barbad hony sey bachao chunao aayog,1
भारत मे रहना है ।तो यह सब सहना है ।,1
"जनता को कड़क चाय और माल्या समेत 63 को मलाई मार के ? ई न चोलबे ,साहेब 😌",1
UP congress ka king prashsnt kishor ko mili 112 seat ! congress ke chunav pracharak honge Akhilesh !!!,1
आखिर कबतक चलेगा ये सब... सेना के 45  जवान महीने भर मे शहीद हुए लेकिन किसी CM या मंत्री या PM के पास समय नही है... कोई गाय क साथ तो कोई रोड शो मे मस्त है.... ऐसे मे और क्या होगा...,1
SAHI KAHA HAI KUTTE KO GHEE HAJAM NAHI HOTA BJP KI HALAT YAHI HO RAHI HAI,1
Meri jaan tiranga hai ! Meri shaan tiranga hai,0
1Lacs fuckistani chutmulle fouji yaad h ?? aur nhi yaad to puchna abbu means tere mamu jaan se 1971 ki kaisi chudai ki thi hamare foujiyo ne tumari k bangladesh naam ka pura ek mulk paida kar diya tha hamne ab ki phir se ungali kiye to aisi chudai hogi fuckistaniyo ki k kam se kam 4-5 alag mulk to besaq paida ho jayega akhir abbu h bete ham 125 Crore hindustani tumare :p,1
Ja re bhoshri wala tum log desh batwa ke rahega apna popularity ke Liya aaj tak ye bhi pata nahi h ki cm office me rajya sambandhit kam hota h na ki azan padha jata h azan padhna h to masjid me ja na re madhar chod,1
अब  जाे  चल  पडे राह पर ताे  मंजिल पर  पहुँच कर ही दम लेंगे,0
"लाल बत्ती हटाने से देश का कितना बोझ कम होगा,? क्या लाल बत्ती हटाने से V.I.P कल्चर खत्म हो जायेगा,? अगर हटाना ही है तो -Z+ सुरक्षा हटाओ, फ्री हवाई यात्रा हटाओ, रेलवे की मुफ्त यात्रा हटाओ, संसद की कैंटीन हटाओ, सांसद,विधायकों की पेंशन हटाओ, नेताओ के आगे पीछे रहने वाले I.A.S-I.P.S हटाओ, यह सब करने से देश की जनता को लाभ हो सकता है बिना मतलब की नौटंकी से आम जनता कोई लाभ नही होने वाला है.!! अगर आप सहमत हो तो शेयर अवश्य करें,,,",1
hahhaah kya fekta hai yaar,0
चमार की औलाद है चमारो वाली ही बात करेगा कांग्रेस का समय आने दे फिर देख तू कहाँ कहाँ अपनी बचता फिरेगा,1
कोई बात नहीं है। हमारे गृहमंत्री श्री राजनाथसिंहजी कड़े शब्दों में घोर निन्दा कर देंगें और सब ठीक-ठाक हो जायेगा।,1
Bina pade likhe Des Ke raja se janta Puch rahi jabab nahi de sakte Hain and her nagri chauptt raja jai hind,1
Behan ji videsh mantri ho na ki lok kalyan mantri ..,0
"isko hamra gaw diyara bhej dijiye din bhar goytha thokegi dimag thik ho jayega, tab pagal jaisa nahi bolegi",1
chara khaa ke kaya kiya tha .. satta ka upyog ..?,1
Ise bhi Mental Asilam bhejdena chahiye.Wahan iske layak shrota bhi miljayenge aur ise jutiyanewale bhi.,1
अब चाय के बगान मे कमल भी दिखेगा,0
Modi to sher ban rahe the me ye kar dunga WO kar dunga or ab beaf ki biryani khayi thi pak me uska ehsaan sainiko ki jaan lekar utaar rahe h,1
Bache ho bache ban k rho baap bane ki koshish me to tumhri kitni saltne uzad gyi,1
Main desperate nai hu na isiliye😀,0
Magarmach ka asu ro raha hai sab karbahi ke nam par sabka fus ho jata hai,0
Ranjeet Kumar chutiye tu apna ilaaj kerwa bey sanghi suwar,1
gambhir ki dahard ami kkr,0
"नितिन गडकरी की मानहानि के मामले में अरविंद केजरीवाल ने किया जमानत लेने से इनकार, जेल भेजे गए",0
krk should be jhannu. kuch log bakwas kerne ke liye hi paida hote h,1
tariq ali apne koum ki haarkat phele dekh le. bada name kaama rhe hai. bhut ijzat kam rhe hai. modi ko tumare koi jarurt nhi hai. pata he hoga barnol lagya karo.😀😁😂,1
ये तो ऐसा हो गया जैसा dro और प्रोमटी अफसर के बीच कर दिया boi,0
bc ye media wale jute khane walo ko celebrity bna dete h aur bnane wale ko bhikhariii],1
Kapil sharma ke diwane  . . Ek ladki apni dost s ushki suhagrat k bare m puch rahi thi...  Girl 1st :- kla tera pahli bar tha na kesa lgaa???  Girl :- hmm yaad bhut accha lga but ek dikkat bhi aayi...  Girl :- vo kya.???  Girl 2nd :-yaar jab vo mere pass....see more,0
apna kam jo nikalwana hai,0
"Sangh join kr rahe ho kya Anna ji,",1
सादे कागज पर घोषणा पत्र देकर भी अब खुल सकेगा बैंक खाता। पढ़ें खबर... http://goo.gl/ULXrMl,0
Bura to nahi hai khane ki cheez hai khavo aur rab ka shukar karo,0
Sultan Baibars kedar B insano ka khon behta hai mojy bohot dukh hota hai dukh isbat ka k 2 beti or 1 beta yatem hogaye.,0
भारत सरकार पागल हो गया है। कोई एक्शन नही ले सकता,1
संसद में बोलना था पर वहां भूकम्प आ जाता था राहुलजी बोले थे,0
muze nahi pata ki modi kya kar rahe he. hume arthvavsta ya jo kuch bhi ye muze likhna bhi nahi ata. par fir bhi hum lok pichale 10 sal tak aaise logo ko pm ko zel rahe the ki vo bolte he nahi the. ye bol rahe he aur hume kuch 'ACCHA' sunai de raha he. inhine sirf 50 day mange he. to agar hum galat nahi to pure 365 days dene chahiye.,0
Samru....apni bhn ko randi bnakr ...khus nii ho kya,0
"Ukraine ki Rastra-matao, aaplogo ko prostitutes kahna, prostitutes logo ka apmaan hai.......",1
Or modi ko pm banao bhaqto,1
India ka satellite space main ja ker Tatti karay ga jo wapus Mudi kay mu per aa ker lagay gee. Daikhna.,1
Rahit bhae pahle unko delhi jit ki kusiya to bitor lene do.Koe unke ghar ki aurat bidhwa aur koe bacha aanath thode hi huwa hai.Unko kya fark padta hai. Ha unki kursi kisi bhi kimat pe nahi jani chahiye.,0
Gaurav Chaudhary....Shayad tum padhe likhe anpad ho. Kya mandir me ghanta Bhagwan ko Jagane maarte hai kya...Nahi na Yaar har Dharm apne apne anusar kuch niyam rakta hai.,0
"पहलवान नरसिंह यादव का मामला फिर उलझा, वाडा ने मामले की सुनवाई की, नरसिंह पर नाडा के फैसले को नहीं माना, 18 अगस्‍त को फिर है सुनवाई",0
Dar usko lagega jo galt hai kahan se itni nafrat late ho BJP k khilaf hr Jagah comment krte ho baki partiyan kya itna acha kr rahi hain TMC hamesha Hindu virodhi rahi hai dikhta nahi ya dekhna nahi chahte,1
Modi ji to apne bhaqt ko home dilivree kar diya tha nooton ka,1
Baaki state mein kaise EVM se jeet rahe ho woh sab saamney aa chuka hai......,0
गैमलिन नियुक्ति मामले में केजरीवाल को मिला कांग्रेस और सीपीएम का साथ। पढ़ें खबर... http://goo.gl/dD5XSI,0
Ye galat hai bhaiya kitne bachho ko dudh nahi mil pata iska virodh un logo ko karna hoga jiske photo per dudh chadhya jata hai dudh bhagwan ka hi diya hua amrit hai hame adhikar nahi use barbad karne ka,0
Madam chod kar mat bhagna kon karwa rha ye sab janty h bjp,1
mms ka pehla haq banta hai ab bahut shant reh chuke woh,0
Bank me Paise hi na daale 😊😊😊😀😀,1
मुंबई लौटे आईएसआईएस के कथित लड़ाके आरिफ मजीद को एनआईए ने गिरफ्तार किया। पढ़ें खबर... http://khabar.ndtv.com/news/india/how-i-fought-with-is-what-arif-majeed-reportedly-revealed-today-705503,0
"पोस्ट को तबाह करने से पहले पाकिस्तानी सैनिको को को जिन्दा मारो तब बात बनेगी अन्यथा पकिस्तांनी सैनिको के अहेवानीयत का खून हरामीपना करे बिना नहीं रुकेगा। लातो के भूत बातो से नहीं गोलियों से ही मानेगे। कश्मीरी पत्थरबाज ,नक्सली और पाकिस्तानी सैनिको को सिर्फ गोली की भाषा समजाओगे तभी भारत और भारतीय सुरक्षित रहेंगे।",1
Syed Moiz Gallick Gunner hum is umar mein mitthi khate honge .-.,1
Famous hone ke liye aisa mt kro smjhi na English midiam,1
Diplomacy re pura fail e govt,0
कॉंग्रेस ने 65 साल तक इन मुल्लो की गार मारी है ! जिसकी आदत इनको अभी तक है इसलिए ये मोदी विरोध कर के फ़िर से कॉंग्रेस चहते है ताकि इन मुल्लो की गार की सर्विसिंग फ़िर से चालू हो सके !!😂😂😂😂,1
"Han bhai,mujhe bhi tajjub ho raha hai.I am startled.",0
"वह मर्द नहीं जो डर जाये हालात के खुनी मंज़र से, जिस दौर में जीना मुश्किल हो उस दौर में जीना लाज़िम है.. https://www.facebook.com/iconverttoislam/videos/1262802087102082/",0
आम आदमी पार्टी मतलब अरबींद केजरीवाल और कोई कुच्छ नही,0
Mamta ko samjhao parnav ji,0
Jab un teen kutoon ki pucture lagti hai tab tum kahan pankchar bana rahe hote ho..,1
वीडियो रिपोर्ट : बदल गए कर्नाटक के शहरों के नाम  http://t.co/Yj6Mt04WKP http://t.co/Hbj2HVOcSp,0
Kanhaiya to JNU me khushiya mana Raha hai Lal salam,0
"Ek Din Islam aayega.  Insha Allah, Insha Allah",0
"आंध्र और ओडिशा को जो भी सहायता की जरूरत होगी, केंद्र सरकार मुहैया कराएगी : गृहमंत्री राजनाथ सिंह",0
Q k tmhary media jhot bolny mn mahr hn wo hr wqt jhot bolty hn,1
Nindh aata hai dimak mai.,0
Retweeted NDTV Videos (@ndtvvideos):  हमलोग : गंगा सफाई सरकार का ही जिम्मा? - http://t.co/pLT7TqeNGL,0
Vinod Urdu ya English main lekho kuch samajh main to aaye,1
"chief cook - Rajdeep your history channel, t.v 9 telegu  is not good get me some thing good .......fed up watching the repeat telecast",1
और तु कर भी क्या सकता है जब तेरी भैस खो गयी थी  तब भी तुझे  UN  मे जाना था. idiot  साला  जो देश के प्रधानमंत्री के लिए ऐसी बात कर सकता है वो कल देश के लिए भी कर सकता है.,1
Lekin sena ke sath hua barbarta ka jwab Kiya hoga,1
Army aur police dono ko ek najar se dekhna ckahiye,0
"दिल्ली के कई इलाकों में बूंदाबांदी, तपती गर्मी से फौरी राहत",0
PM talakh pe buzzy hai,1
Han Nobel prize toh bas chai bech bech k hi mil jata h,1
"Hey bhagwan, kaise neech kaam karti hai tu🙄",0
"Yasir ek baat bolu dil pe mat Lena, Teri maa ka bhosda bhosdike... Hafeez iska baap hai na bc",1
ईंट का जवाब पत्थर से  हमारी सेना दुनिया की सबसे अच्छी सेना है जय हिन्द,0
Bhaiya ek photo bhaiya ek photo. Mume lelo mera moto,0
Indian media reports k mutabiq 13 jawan patroling kur rahy thy jb BAT ne ghuss k 2 ko maar k sur kaat liye . Yahan yeh sawal bunta hai jo koi indian nehi dega k baaki 11 buzdil jawan iss doran apni geeli pents lekar kahan chup gaye thy?????😂😂😂  Chalo maan lia k pak army ne chup k attack kia hoga magar 11 fouji muqabla kurty toh Sir toh na katy jaty becharon k ..... bhartiyo jawab do 11 buzdil kahan bhag gaye thy tb????😍😅✌💕,1
"desh hindu ya muslim ki nhi hoti. desh insano ki hoti hai. pahle insan ban jao phir bolna...... apke geeta mahavarat orvi bohat hai jo hum nhi jante lekin aap hindu log jante ho kahipe vi likha hai kya Musalman ki upat attyachar karo, pahle apne dharm ko acchese jano. kisiko vi haq nhi kisivi jati y dharm ka apman karneka.......",0
Modi ji dulara prim minster ka sapna mat dekho agar jawab nahi diya to,1
Kya kre Sir hamre srkaro ne kbi politics se upr utkr action lene ka hosla dekaya hi nhi,0
56 inch seenay wala kahan chup k baith gya ab desh k jawan shaheed ho rhe hai aur Modi and party goraksha k naam pe gundagardi kr rhi hai,1
"Exit polls ko bhul jao, 24 hrs bache hain, sach samne hoga apke",0
logo ko asal me pata hi nahi hai commen civil code hai kya kyonki iska aajtak koi draft hi tyar nahi hua aur kuch be-akal log ise dharm se jod rahe hain,1
"T.M.C. k pap ka ghada Bhar Chuka h , vha par b Kamal khilega",1
Sb jhut he pakistan kisi army ke sath aisa suluk nhi kar sakta ye sb indian polititions ki gandi chal he kb smjhenge public inki bhondi chal ko jo hindu musalman ko ladana chahte hen jung to wese bhi hal nhi siway tabahi ke kch hath nhi ayega,0
Abp ka ye servey ulta sabit hoga likhlo,0
gadhe ki aulaad hai ye..,1
"Love problem solution Rk BaBa ji जब कही ना बने काम तो हमसे लो समाधान +91 7732865596 स्पेस्लिस्ट- लव मैरिज ,वशीकरण, सौतन दुस्मन छुटकारा ,पति पत्नी अनबन गृहक्लेश ,कर्जा मुक्ति ,लॉटरी नंबर , एक बार फ़ोन जरूर कर Call or whatsapp  no +91-7732865596",0
Amit shah wali bat q nhi published kya be,0
आज क्या nd tv का प्रसारण बंद है ?,0
ये श्री भी बगला भगत हैं,1
Ye to confirm he hai ....Power Gujarat me hi rahgi..,0
Iski hum kade sabdo me ninda karte hai..... Ab tak ki Sabse kamzor aur bekar goverment hai,1
hahaa...bhai ham har jagh updated rehte he,0
"फोटो गैलरी : विद्या बालन भी पहुंचीं कान्स फिल्म फेस्टिवल में, जूरी में शामिल होकर...  देखें : http://khabar.ndtv.com/photos/show/vidya-balan-makes-grand-entry-at-cannes-15188?KhabarFB=007",0
Baat diya hindu ki Raajnetik Roti sekne ke liye.  Jis Din hindaun ki ek jaati ho jayegi  Me khta hu MERA DESH 100% Badal jayega.  Pl Hindi Ekta.,1
Kashmir ko lekar niti badlo.. hath se jaa raha hai kashmir .. ankhe kholo ankh valo andho,1
Ghar me ghus ke mara tha,1
Jojo news ko jhoota bata rahe wo asal mein dar rahe hai aur kuch nahi,1
मोदी जी बहुत शर्म की बात है की भाजपा सांसद इस तरह के वाक्यो का प्रयोग करेगे किसानो के हालात केंद्र सरकार से छुपे नही है जहा गोदामो मे खाद बीज नही नहरो मे पानी नही ऐसे सांसद को बर्खास्त कर देना चाहिए जो भारत मे रहकर किसानो के लिए ऐसी सोच रखता हो,1
Hun kyu ni krda dharnA,0
acha g.........sir g ye media na pagal bana degi kisi din hum logo ko dekh lena aap,1
"दिक्कत तो लाउडस्पीकर के इस्तेमाल पर है फिर वो चाहे नवरात्रि में हो, गणेशोत्सव पर हो, अज़ान में हो, नेताओं के कार्यक्रम में हो या किसी पार्टी या अन्य किसी उत्सव पर हो। किसी एक पंथ पर निशाना लगाने के बजाए सबके द्वारा लाउडस्पीकर के इस्तेमाल पर आपत्ति उठानी चाहिए थी सोनू निगम को।",0
"मेरा देश बदल रहा है, अब भक्तों को हमारे जवानों की जानें जाने पर दुःख नहीं होता । #पुंछ #कश्मीर #2_जवान_शहीद",1
suchi h to kr do apne aap ko  surrender court tujhe riha kr degi...............,0
Beaf khaya ya goo khaya tere ko kya re gaandu hatti..... tune kya khaya woh bata...... gareebo ne aur kisano ne kya khaya bata...,1
Kuch to khya bha bhi to jeev mara gya khud ka baccha hota to kya karti,0
कांग्रेस नेता शशि थरूर ने अपनी पत्नी सुनंदा पुष्कर की रहस्यमय परिस्थिति में हुई मौत के मामले में ताजा घटनाक्रम पर कोई टिप्पणी करने से परहेज किया,0
"सब नेता मिल कर पाकिस्तान से कैसे लडेगे, इनमें बहुत सारे नेता तो पाकिस्तान के दलाल हैं",1
"तालिबान के खिलाफ पाक सेना का अभियान, 184 आतंकी मारे गए...खबर पढ़ें...http://khabar.ndtv.com/news/world/pakistan-armys-operation-against-taliban-184-killed-522887",0
Kitna jhut bolega abp janta ka gussa thanda karne ke liya kitna liya h modi sarkar se,1
Gajab..  Mere toh bank me bhi nhi hai..  😂,0
"Only znews ke ankar jo hai wahi desh ke baat karte hai, baki sab paisa paisa karte hai.",1
09993333351 aishwarya eddy dev ki maakichut dekhne wale phone toh nai karenge gandu log behenchod.,1
Bhut afsos huva ye sunkar k ek nanhi pari is dunya se chalbsi !!! Kash k un logo k dil my thodi si dayaa hoti . Jo hema malini ko aspatal lykar gay is bacchi ko bhi sath lykar jate to shayad aaj ye hamare bich jinda hoti,0
पढ़ें : फीफा वर्ल्डकप को गूगल के डूडल का सलाम - http://t.co/P9ZVKa27qU http://t.co/IjJvLacVPi,0
Manoj Nimbria dekh le bey tere jaisa tharki boss,1
is duniya me sb musalmano ka ek hi khuda h wo h allah. aur tumhare itne sare h ki roj puja krne betho to ek saal baad b numbr dubara nhi ata us bhgwan ka.aur allah is duniya ke har muslim ka khuda h. tera bhagwan jo bas sirf india tak hi simit h. bahar videsho me koi inko pehchanta b nhi .,0
Bc aisa log parishan ho rha h jaise kajol ne establish. Kiya h beef ko khana.... Ku6 animals earth pe khane ke liye hi banaya gaya hai...,1
"Jaisa guru oyesa chela, jab chela ko pair chhune ka dil Kiya to guru ka Hina pair chhuyega ki Kisi jaj Sahab ka",0
समाजवादी मुल्लो की सरकार ने यह क्या गजब कर दिया? एक बेकसूर मुसलमान को फर्जी इनकाउंटर में मार डाला !! इशरत जहाँ की आत्मा आज तडप रही होगी ।,1
"चिंताएं, परेशानियां, दुःख और तकलीफें  परिस्थितियों से लड़ने से नहीं दूर हो सकती,  वे दूर होंगी अपनी अंदरूनी कमजोरी  दूर करने से जिसके कारण ही  वे सचमुच पैदा हुई है !!",0
Sabhi ko mil jul kar Chalna Padega अब गुंडाराज समाप्त होगा,0
आईपीएल में अपनी टीम के दूसरे मुकाबले में बेन स्‍टोक्‍स ने पैसा वसूल पारी खेली. #BenStokes,0
अभी थोड़ी देर बाद 56 इंची फेंफड़ों में दम भरके कड़ी निंदा करेंगे। खैर छोड़ो.....अगला चुनाव कब है शहीदो को अगली जीत समर्पित कर देंगे,1
Punya Prashanta Subudhi yeh kya hai bhai???,0
Dikha do yr 56 ka warna36 ka hi dikha do 😂😂😂😂😂😂😂,1
"Digital india से जुडिये अपने Android mobile से अब Rs. 15000-50000/महीना कमायें. बस आपको Advertising करना है. और कम्पनी आपको हर माह आपके बैंक एकाउंट मे रूपया देगी... बस आप इस whatsApp no. ( 8017025376 )पर ""info "" लिख कर send कीजिए",0
Abhi se gaand phat gayi salon abhi toh 3 saal hi hue hain kaam se kaam 12 saal aur baki hain,1
Madar chod tum log sale desh drohi kyu tum logo ka history hi gandi h Hybrid quality ki fasal converted suvar,1
To sir aap bun jo...🤐,0
Abe lol maine isliye tag kiya kyuki video acha hai😂,0
#MoreToGive Walkathon में हज़ारों लोगों ने हिस्सा लिया और अंगदान के प्रति जागरुकता पैदा करने की कोशिश की,0
bhai Samaz me nahi ata ki Khans se compair kyu karta hi,1
Suna kar sawaab milega khabeej... :-D :-D,1
isliye india ko hmsa se sikho pe garb ho ta hn .tab b jb sikho ne zalims kutte jigadi mughulo ko mar mar india se dafa kr k arab main send kr diya tha.....,0
"jisko tu news channel samajta hain na voh purr dunia key andar comedy channel kehlata hain,  tum choti moti jagha dikhney key layak ho bari jaghao par toh tumhari entry bhee nahi hoti. Sale tu apni doh biwion ko akela chor kaise deta hain pure din tujhe mera darh nahi hain kya.",1
"jeet ka nasha apne aap ahankaar le aata hain akalio,praves,manjeet apne aap. sab updesh jo sirsa,prave,nupur ne pehle diye sab bhool kar ahankaar mein chale jaate hain.",1
bjp me shamil ho ja  bjp me kuchh banega,1
Jab manipur mai 22 jwan mary to koi bi nai bola. Aj 2 par bohat bokh raha ha medai.,1
Haa bhai paida kar aur aurat ka jina haraam kar ..kar paida...kyoki piche se tumari koi marega to aage se varaas v to tumilog nikaloge,1
Baat bana raha hai tu . Eik din k wastey daroo pina band ker de nind aney lage gi,1
EVM hai bro tension ki jarurat nahi hai,0
Bkwas jyade h news walo k pass..kb se aa hi to rha h sunil,1
"पाकिस्तान में भी आतंकवाद की जड़ जिहाद ही है ,अगर पत न हो तो भौंको नहीं ।",1
Sabhi neta  log humle ki ninda kar dengy or sabhi log sab kuch bhoool jayengy us maa se pucho jisne apna beta khoya hai...,0
"Aap aap ho gaye bavajah, him tum ho gaye be vajah",0
Itali ki rani murda bad modiji jinda   bad,1
Gud hai 10-12 awara kuta chhod kr enko sbko smjana hoga,1
Akhilesh g me nhi election commission ne kaha hai,0
Ranjeet Yadav जी देखिये आज काम बोल गया😜,0
Abhishek Kumar ab karo trai trai :D,1
"#Punjab में मतदान के दिन मौसम डाल सकता है खलल, हो सकती है बारिश : मौसम विभाग http://khabar.ndtv.com/news/assembly-polls-2017/could-be-rain-in-punjab-on-polling-day-weather-office-1655724 #Rain",0
नमस्ते_जी ॐ नमः शिवाय 🙏🙏 जय_श्री_राम 🙏🌷 जय माता दी - जय श्री हनुमान- सतनाम वाहगुरु - हर हर महादेव🌷 गणपति बप्पा मोरिया 🌷जय श्री झूलेलाल।,0
Feku k chamcho 16 may ko janta bjp rss ko aukat bata degi,1
ap chanal bot acha ha,0
"#BreakingNews पंजाब के गुरदासपुर जिले में स्‍थ‍ित बटाला शहर में आतंकी खतरे का अलर्ट जारी, पुलिस और सुरक्षा एजेंसियां आई हरकत में",0
Hahahaha.....  Ye sahi tha,0
Tino Ko milna chaheeye khelne,0
Manish singh puch lia papa se unhone bataya m teri ma ne hi paida kia hai mujhe..,1
Array zeeshan tum kitna b bol lo but her dharm k log tum logo ko apna bhai ni mante h. Or tum logo ko pehchanne lage h.,1
Sale kann me laga ke soja b**we,1
"Mihir Chaudhary ji ye important nhi ki vo 12th me kitne laya important ye he ki uska ye invention kitne kaam ka he,.",0
matlab kya powerdrift k ducati diavel ka baap extended version hai kya ?,0
"भारत-चीन हमारी नौकरियां ले रहे हैं, उन्हें वापस लाना होगा : डोनाल्‍ड ट्रंप http://khabar.ndtv.com/news/world/india-china-taking-our-jobs-will-bring-them-back-says-donald-trump-1241057 #DonaldTrump",0
Kuch nhi kiya cement ki jgha ret lagvadiya,1
"रे मादरचोद रण्डी की औलाद, मादरचोद तमीज से बात कर ,नहीं तो तुम्हारी माँ, बहन को चोदकर चूत का भोंसरा बना दूंगा ।",1
केंद्र में सरकार बदलते ही सुरक्षा के सरोकार भी बदल गए। कई पुराने नेताओं से सुरक्षा वापस ली जा रही है। देखें किन नेताओं से वापस ली गई सुरक्षा... http://khabar.ndtv.com/video/show/news/341883?khabarfb=007,1
ये कौन सी नई बात है इसके पहले भी आतंकी छुडाने के लिए अपना अपहरण करा चुकी है मिली हुई नहीं उनकी घरवाली हैं,1
ज़रूरी है कि जब लाखों-करोड़ों लोगों को एक साथ ऑनलाइन या इंटरनेट बैंकिंग सिस्टम के दायरे में लाया जा रहा है तो उन्हें सुरक्षा को लेकर भी उसी पैमाने पर सतर्क किया जाए. नए ग्राहकों के साथ धोखाधड़ी की आशंका काफी रहती है. आप लापरवाही न भी करें तो भी गारंटी नहीं है कि डाका नहीं पड़ेगा.,0
"Upper wala Yaa Mathi "" pathar kuu Mathh Puchoo Bolraa . Khulay Lafzou mai . Uss khudaa ki Shaan hee kuch Alag hai.",0
Kaya yaar speech bhi tho sahi sai diya karo pm sahab English tho bilkul atti hi nahi hai,0
khush raho chahe jitna dard kare par ziyada din nhi  umaa bharti ko jante ho ???,1
कोलकाता के नजदीक 23 साल के एक छात्र को मौत के घाट उतारने वाली भीड़ का नेतृत्व करने के आरोप में तृणमूल कांग्रेस के नेता तापस मलिक को गिरफ्तार किया गया है। इस छात्र पर एक भैंस…,0
"Bolne ki tameez seekho amol jaahil hone ka parichay mat do pahle , tumko chutiya mai bhi bol sakta hu,opinion poll se logo ka perception change bhi hota hai, sabko apni baat rakhne ka haq hai. Poora padho aur samjho tab bolo",1
"मोदीजी आगर आप के पास काश्मीर, नक्सलवाद, आतंकवाद, बांगलादेशी घुसपेठ, पाकिस्तानी मुल्ले, भारत मे रेहने वाले कुत्ते कि नस्ल, हिन्दुवो पर हो रहा अत्याचार, कलाम ३७०, सामान नागरी कायदा और राजकीय मुस्लिम चाटूगिरी का कोई हाल नाही है तो..... प्लिज... प्लिज .... आप अपने पद से इस्तीफा दे दिजीये ..... हमे काँग्रेस मुक्त नाही .... उपरोक्त गंदगी मुक्त भारत चाहिये ....!!!!!!",1
ये न्यूज़ तो कल रात में ही छपवा दी गई थी वो भी 12बजे के पहले ही.  सबूत ये रहा. सच और झूठ खुद पता करो. पेपर आज के हैं..😂😂😂 ये प्रमाण है कि राष्ट्रवाद का गाना कैसे कैसे किन किन माध्यमों से गाया जा रहा है.,1
":-) O:) 7 साल बाद इस अंदाज में लौट रहा है लोगों का पसंदीदा सीरियल 'साराभाई वर्सेज साराभाई', जानें कब और कहां होगी सीरियल की शुरुआत...  Sarabhai vs Sarabhai  7 साल बाद इस अंदाज में लौट रहा है लोगों का पसंदीदा सीरियल 'साराभाई वर्सेज साराभाई', जानें कब और कहां होगी सीरियल की शुरुआत...  Sarabhai vs Sarabhai  7 साल बाद इस अंदाज में लौट रहा है लोगों का पसंदीदा सीरियल 'साराभाई वर्सेज साराभाई', जानें कब और कहां होगी सीरियल की शुरुआत...  Sarabhai vs Sarabhai    Visit : MultiBot.Ga",0
आप जरा मुझको बताना की वेदों मे ऋद्धि सिद्धि के लिये कब गाय की बलि दी गई थी,0
Modi ki gulaam media ka janta key naam jhootha sandesh,1
ईस से तो लगता है कि EVM की सेटिंग पूरी हो गई...☺☺☺,1
India tv walo aapka swagt h   fb par,0
"ये महेज बकवास है l  मोदी & समूह की कूटनीति का नतीजा जो फड़नवीस चल रहे है l  ना रोज़गार है, ना विकास का कोई नया काम है l  पूरानी सरकार का काम अभी राज में चारों तरफ़ चल रहा है l  और कुछ नहीं है l",1
delhi ko samjhana to bhrashet mantrio se dosti kar lo sab smj me aa jaye ga          dost vase to angrej bhi delhi ko samj nahi paye the,1
Amit Negi Bhai tune ek dum sahi baat boli ...hum sab Bharatiya hai bus ye yaad rahko ... Or kisi ka bi religion galat nhi hota na he unke rehn sehn or sab ka Malik ek he hai chae wo ram ho ya raheem,1
Bhaii g neta g ab bina shadi wle bn rhe h to bcche hi kah  se ayge,1
aur tu maa chudwane aaya tha up me.....jab vote tha tabb 52 relly kiya jo,1
Saalo muni ya shilla hi Baja dete. Kch smjh toh aata...,0
Sam Teri okat to dikh gyi tu kha stand krta he salay ladkio ko kin krtay he asay ganday cmnt hramkhor narak jayga tu,1
Ya maderchode garna hai kamena sala aur pagel be hai apni........... Samjo maderchode,1
"आज ही के दिन हिंदुओं को बताया गया कि- तुम सवर्ण हो , तुम OBC हो , तुम SC हो , तुम ST हो , तुम पिछड़ा वर्ग हो , तुम दलित हो , तुम अति पिछड़ा वर्ग हो , तुम आदिवासी हो , जबकि ये सब के सब हिन्दू थे, पर मुसलमानो को बस एक शब्द बताया गया कि- तुम सिर्फ अल्पसंख्यक हो , जबकि उनमे भी शिया , सुन्नी , अहमदिया, बरेलवी. अल हदीसी, हयाती , पठान , मुगल , धुनिया, कुरैशी, सैय्यद , सिद्दीकी , ममाती, देवबंदी , वहाबी जैसे तमाम थे ,  हिंदुस्तान बंटा था 15 अगस्त 1947 में , हिदू बंटा 26 जनवरी 1950 में  🚩🚩वन्देमातरम 🚩🚩",1
Bhai pareshan mat ho jindangi mai utar chadhav hote rahta h.,0
Par bhakt kehrahe hai k modi ji ko mila  Fadnavis ne toh twitter par wish bhi kardiya modi ji ko,0
Export k liye feku kuchh nhi kar paaa rahe jisse ki hmari economy strong hogi videshyio ko bula rahe hi desh lootne k liya,1
Me desh ke lite Jan dene wale  foji  bhai yo  ko salute karta hun je  hind je  bharat,0
Lagta he Delhi mein nagar nigam nahi vidhansabha lok sabha ka chunav he,0
Lekin fir itni gande mentality k logo ka flesh kha k india k kutto ko khi pet kharab na ho jaye  Itni gandi parwarish h inki Shi hi h sare sexist h  Thank God india me chahe koi v majhab k log ho ladkiyo ki. But respect krte h,1
😂😂😂😂 Bol lo bol lo  Ku6 aata hi nih inko bs sex k bhukhe h sare Jao be apni family me kisi k saath kro It suits ur mentality Apne ghr me kisi ko sober choda h ki ni ki Sbko spoil ke diya h I doubt,1
ममता बनर्जी रण्डी छिनाल कुतिया मै ने आज तक नही देखि साली हिन्दुओ की कातिल,1
Isme sachai ho sakti hai kyuki Mehbooba ka hamesa se terrorists ko leke soft corner raha hai.,1
Sonu Nigam jab concert karte hai . Tab kiya noise pollution nhi hota hai..,1
Inki maa chod denge to sab thik ho jaayega,1
यह तो होना ही था।,0
humare india me politics ke alawa kuch ni ho sakta,1
"Aisa mat krna nahi toh tumhare actors bhooke marr jaenge, Hindustan ke tukdo parr pal rahe😂😂😂",1
Ab Delhi walo ka  56 inch dikh  raha hai...Jai Shree RAM,0
Lol Sarkar lol Kam hai sab pata nhi katai gamar Bethe hai sab k sab  Koi planning nhi had hai ye desh badalega.,1
इतना जहर सेहत के लिए ठीक नहीं है।,0
Priya Mehra 🆓🆓ONLINE 🆓🆓 ✔PART-TIME-JOB ✔अगर आप घर बैठे कमाना चाहते है ✔15000 से ज्यादा बिना पैसा लगाऐ ✔तो 7355538054 पर JOIN लिख वाटसेप पर मैसेज कर,0
"दोस्तों मै आपको एक *Digital Smart Work* की जानकारी देना चाहता हूँ, जिसे बिल्कुल मुफ्त में कोई भी अपने मोबाईल से करके बडे़ आसानी से हर महिना 10,000 से 50,000 रूपया या इससे भी ज्यादा कमा सकते हैं क्या आैर कैसे करना है:- 1) आपको अपने मोबाईल के *Play Store* से *Champcash money free* एप्स Download करना है. 2) उसमे अपनी जानकारी भरनी है. उसके बाद Sponser/refer ID मांगेगा वहा *12584116* डालना है *Verify* करें 3) अब आपके सामने एक Chalange आयेगा उसको पूरा करना है ! इतना करने पर आपको *1$ =62 rs* मिल जायेगा.",0
"“गाय को पवित्र माने जाने से पहले गाय को मारा जाता था. उन्होंने हिन्दू धर्मशास्त्रों के विख्यात विद्वान पीवी काणे का हवाला दिया. काणे ने लिखा है, ऐसा नहीं है कि वैदिक काल में गाय पवित्र नहीं थी, लेकिन उसकी पवित्रता के कारण ही बाजसनेई संहिता में कहा गया कि गोमांस को खाया जाना चाहिए.” (मराठी में धर्म शास्त्र विचार, पृष्ठ-180). ”",0
#BreakingNews दिल्ली विधानसभा ने बहुप्रतीक्षित जनलोकपाल बिल पास किया,0
Shayad hahi ek rasta hai .dog squod bana ni chahiye. Patthar fekne walo pe kutte chod ne chhiye.,1
Sarhad par dehshatgardon ka qabza hai....desh pe jhuthe hamdardon ka qabzaa hai...1 ke badle 100 sir ki ummmeed na rakh..delhi tujh pe naamardon ka qabzaa hai,1
चार दिन की चाॅदनी फिर अंधेरी रात,1
Icici focused bluechip mf me sip continue rakhu ya dusra sip start kru,0
अब तेरा जादु नहीं चलने वाला लालू जी. अपने 15 साल के कुशासन को याद कर पश्चाताप करो.,1
Aaj kal yahi chal raha h koun kya kha raha koun kaise so raha h bus yahi kaam rah gaya h dusro ki jindgi me jhakne ka,1
Yeh Galat h Cm to muslim bahut bane h Mujhe Jyada to Yaad nahi but Jodhpur ka jo cricket stadium h barakatuallah khan stadium woh rajasthan ke CM ke name se hi H to thats means cm to bane h,0
"Prem Chopra ki 1 Dilogue yaad aati hai mujhe...""Nanga Nahayega kya...Nichodega kya"".....Lekin Main apna sunata hoon doston.... ""Bikhari ki Katori me Rs 5/- v bahut hai""....😃😄😂",0
Ankur Chaudhary bhosdi key zyaadah paad mat warna hagney key qaabil nahi bachega bey. Lauda full pagal log hai sarwa.dheechoda ankur chaudhry.,1
Marj badhta hi gaya jun jun dawa ki,0
Bhai ...inn jesse logon ko Gali dene se nehi hoga ...jiski power par ye sab kar rahe he ...khud election se pehele Kitna wada karte he aur ek baar ban Jane ke Baad apni man Mani karte he ...inn jese logon ko vote nehi Dena chayiye   Usske Baad pata chalega ek aam Admi ka respect Kya hota he,1
Such badalne ki jarurat hai.....,0
Jb Tk Media Wala Sath Deta Rhega BjP Ka,1
अमित शहा आता स्वपक्षियांची दिशाभुल करु लागले आहेत .,0
Abe fake ID thu sanghi hai sabko pata hai,1
bhai hm list de kya duniya me sb se zaada terrorist kaun hai,1
"Bike to dikhaayi hi nahi..koi bol kar, koi ro kar chala gaya :D",0
Budhe Ajay Kumar...Zara netaon se bhi keh sakte ho ke jhoti jan sabha me bina mike ke baat kar doge...,1
India TV Meri Ashique Ab Tum Hi Ho :)   :|] Kia keh Dia Zalim 🏡 India TV :|] 🏡 Saturday 📆 29 📆 April 📆 2017  🏡 Gul Hassan 🏡 Ch Botters 🏡 India TV 🏡 :)  I Am On Fire :)  53 seconds ⏰ 🏡 Personal Bot By  Hijran Ahmad 🏡 site: DIL-WALY.TK 🏡,0
"कैसे सोऊँ सुकून की नींद मैं साहब,  सुकून से सुलाने वालों के तो शव आ रहें हैं.। *.........*  *""शहीद हुऐ जवानों को नमन।""* 🌹🙏🙏🙏🙏🙏🌹",0
Alllah or Tum sab ki Maa ka halala suar kare.....Yahi kamna hai hamari,1
kash k khuda meri jaan le ker usko zindagi de deta.,0
देखें वीडियो - लखनऊ : प्रदर्शनरत शिक्षकों पर पुलिस ने किया लाठीचार्ज - http://t.co/k8zn3mBXUw,0
We proud of you but sir koi nahi  manega k apka koi neta black money wala nahi he kyo inka koi case samne nahi aa raha ya kisi bhi party ka koi neta nahi pakda ja raha sabse jyada black money too inke pass he is desh ka bacha bhi janta he pl do something.,0
Iska shakl dekh..lene se.pura din khrab ho jata hai. .,1
लोकसभा अध्यक्ष सुमित्रा महाजन ने सदन में कांग्रेस के उपनेता अमरिंदर सिंह का इस्तीफा आज स्वीकार कर लिया.,0
tum to chup hi.baitho Babaji....tumhaare jaso ne hi inke bhaav badha diye hai,1
Hahahah .bewkoof India mei ghus k maara aur WO bhi chupke ..haha.  Aur Kashmir p already India ka kabja a..mere stupid bhaia,1
Wajid Hasan Khan tere bhai ko mera salaam ....dil se,0
Tb to asaram bapu bhi asli aur sachcha Hindu hai,0
Naksalwad ko rokna garuri hai,0
bhusan bhai aap ye batao sai tha ye ....jo huwa ....,0
बूचड़खाने बंद होने के बाद जो लोग बेरोजगारी का रोना रो रहे हैं उन्हें जल्द ही राममन्दिर निर्माण के काम में लगाया जायेगा ।।जय श्री राम।।,0
"Apne beto ko to MLA our MINISTER banate ho,dusaro ke beto ki lass ginte ho.sharm he Home minister per.",1
Un Jake kya ukhadega be madarchod sale murdon ka kafan khane wale chindichor harami dikha denge tuze,1
"मगर जनता थप्पड़ , अंडे ......",0
Saala. Itna sporty avaj aa jaaye toh maan jau bajaj walo ko,0
Chal man ge bai but eh ta Das oh revolution gyi kithe Hun na Ramdev dikhda oppose krda na hi anna.. moreover ehna wala khda issue resolve krta bjp ne... na black money ayi te na hi jan lokpal.. Anna Hazare is just a shadow of rss,0
मानवता के हत्यारे अब लोकतंत्र पर हावी हैं।,1
Ab inki bari hai ha ha ha,0
"Are yr tumhara kuch nhi ho skta hai, dimag bdhao aur vacancy hota hai ""vaikensi"" nhi",1
लालु राबड़ी के कपड़े पहने गे अब  आरएसएस ने मार्केट सारे कपड़े खरीद लिए हैं लालू को टेन्सन हो गई  अब राबड़ी के कपड़े पहनने पड़ेंगे,0
Desh ko loot rahi hai sarkar  850 Avi hai jab Congress k sarkar thi 400rupiya tha ab bolu bhakt tu,1
Ye toh pehle se hi pagal tha ab toh certificate bhi dikha Raha hai,1
हा हा हा हा हा #गजब के पीछे पड़े हो भाई #आप के कसम से हस हस के पेट दुःख गया।,0
Jai shree Ram .Ram rajya ho ea hamara wishes hai. Jai modi jai bharat,0
Kayer napak...ek bar samne SE bar ker Teri okat bta dage..chutea sale,1
बस सर चाहिए उनका कोई पोस्ट तबाह हो या कुछ भी तबाह हो हमसे मतलब नही है,1
sach me naine bhe feel kiya,0
Sir free hi rhne do,0
kya yar ye kon gaint hai,0
#ElectionResults | बीजेपी के दिल्ली मुख्यालय के बाहर पार्टी के नेता और कार्यकर्ता पहुंचे. लाइव कवरेज देखिए https://khabar.ndtv.com/videos/live/channel/ndtvindia,0
Chup kar feku k dalle suar........ 2019 me congress sarkar........,1
"Love marriage specialist+91-9829743797 समस्या बताये समाधान पाये ! जब कही ना हो काम,हमसे पाये समाधान लवमैरिज,घरवालो को मनाना,सौतन दुश्मन छुटकारा,निराश प्रेमी संपर्क करें। chat on whatsapp 9829743797",0
Sharm karoo zimmedaroo falto neta giri se achcha hai kisi ke kam awoo,0
Sir ab dekha nahi jatA.  Main majaak nahi kar raha sir. Main ek  achchha  planner hoon.  But mere pass koi proper channel nahi hai govt ko approach karne ke liye.  Plz meri baat govt tak pahuncha dijiye.  Main inka kaam bahut easy kar doonga.,1
"दुनिया के सबसे मोटे शख्‍स की गैस्ट्रिक सर्जरी की तैयारी पूरी हो चुकी है. मीडिया रिपोर्टों के अनुसार, मैक्सिको के डॉक्‍टरों ने इस सर्जरी के लिए तारीख तय कर दी है. समाचार एजेंसी जिन्‍हुआ…#JuanPedroFranco",0
O modi k kr k chode ga ab koi jebabe deve ga koni ye marn lag re ine foji bhai ne,1
बच्चों के लिए देखभाल के प्रॉडक्ट बनाने वाली कंपनी जॉनसन एंड जॉनसन (JNJ.N) को अमेरिका के मिसूरी राज्य की एक अदालत ने एक परिवार को 72 मिलियन डॉलर यानी करीब 494 करोड़ रुपए का जुर्माना देने का आदेश दिया है। कोर्ट ने ये आदेश तब दिया है जब इस कंपनी के प्रॉडक्ट इस्तेमाल करने और एक महिला को कैंसर होने के बीच कुछ 'संबंध' पाए गए। हालांकि कंपनी का कहना है कि उसके प्रॉडक्ट पूरी तरह से सेफ हैं। #Johnson&Johnson #Cancer,0
ऐसे कांग्रेसी जब भी बोलते है तो साधारण जनता इनसे अपनी दुरी बढाती है।जब भी देश का कुछ बुरा होता है तो ये राजनीतिक रोटियाँ सेकने लगते है।,1
Modiji chup rhiye mera paisa nuksan karaya note bandi se,1
Nice Name Hai Tumhara @ABP News@ O:)    Visit : MultiBot.Ga,0
Ab unki photos dekhne se hmra kya fayda? hm q apna time waste kre...???,1
dominar hai bhai pehle dominate karennge bad me chehra dikhega,0
Ye gita babita to publicity ki bhuki h,1
"अब RS 50,000/महीना कमायें Work on FB & WhatsApp only ⏰ Work only 30 Minutes in a day  आइये Digital World Wide से जुड़िये..... और घर बैठे लाखों कमाये....... और दूसरे को भी कमाने का मौका दीजिए... कोई इनवेस्टमेन्ट नहीं है...... आईये बेरोजगारी को भारत से उखाड़ फैंकने मे हमारी मदद कीजिये.... 🏻 🏻 बस आप इस whatsApp no 8017025376 पर "" JOIN "" लिख कर send की karo ..",0
"मोहाली टेस्ट : टीम इंडिया जीत से 3 विकेट दूर, दक्षिण अफ्रीका को जीत के लिए और चाहिए 116 रन  http://khabar.ndtv.com/news/cricket/india-vs-south-africa-test-series-1st-test-day-3-at-mohali-1241052 लाइव स्कोर यहां देखें : http://khabar.ndtv.com/leaf/cricket-scorecard/filename/insa11052015179425 #INDvsSA #MohaliTest",0
57 साल के भारतीय की पिटाई: अमेरिका ने की कार्रवाई...2 पुलिसकर्मी गिरफ्तार..  लिंक क्लिक करें और देखें वीडियो...,0
Bhai hain aap hath badhaiye hum gale lagne k liye tayyar hain.  Aap sath diye hum ladhne k liye tayyar hain. Fir chahe woh koi ho.,0
"Punah karnataka ke doctors ke liye shubh samachar! Kyunki kejriwal sahab phir se thanda      panee pee pee ke dilli ki janta ,modi jee avam  evm ko kosh kosh kar apna gala baithakar dilli ke tax payron ki paisa ko thikane lagane hetu jaldi hi padharne wale hain? Jai ho aap ki &kejriwal ki..............",0
🚲 launch ho gye hai yeh cnbc wale repeat telecast show rhy hai,0
up sarkar agar itni tol tax legi to ishe aur mahengai badhegi ye logon ke subhida ke liye banaya hai ki sarkari khajana bharne ke liye banaya hai,1
Sorry maine eshe word ka ishtmal kiya par aaj kal hindu aasha ke prati Etna ghatiya ghatiya comment karte he gair hindu or hindu dharm kya he ushko jane bager ushke upar rai rakhte he ishiliye gussa aata he,0
"सुनील पाल ने फेसबुक पर अपना एक वीडियो संदेश पोस्‍ट किय है जिसमें वह सुनील ग्रोवर से काफी भावनात्‍मक शब्‍दों में अपील करते नजर आ रहे हैं. सुनील ने कहा, 'डीयर सुनील ग्रोवर, मैं सुनील पाल आपसे हाथ जोड़कर निवेदन करता हूं कि आप कपिल के शो में वापिस आ जाओं क्‍योंकि... #SunilGrover #SunilPal #KapilSharma",0
Ye log kavi bete ko kv bhej ke dekhe tab pata chale ga mehant kisko kahte hai,0
"बाहुबली ने तीन दिन में ही भाईजान की फ़िल्म की आल टाइम कमाई को पार कर लिया, आज का मिलाकर कुल 336 करोड़ और बजरंगी भाईजान की फुल कमाई 320 करोड़।।   क्यों भाई, अब क्या सोचा है? प्रभास का कोई तोड़ नहीं, कहो कुछ भी।।   मैं कहता हूँ, तुम तीन, सलमान, शाहरुख़ और आमिर मिलकर एक फ़िल्म बनाओ, वह भी बाहुबली के एक पार्ट को पीछे नहीं कर पायेगी।",0
Theek waise he jaise tm n pakistan banaya,0
Yar aisi kya rocket science h isme,0
Last time bhi mantri logone kahata sainik logoki sahadat bekar nai. Jayegi abitak to kuch nai kiya es bar kitana time lagata hi pata nai,1
"कहा है खुजली, आपके पिछवाड़े में??",1
Adwitiya Rao aisa kuch karo yaar,0
bahubali movie ka is sawal ka jawab kisi k pass nahi hoga,0
AREW   WAH... KAJOL JEE AAP TO BHAKTO MEIN SUMAR HEI.....GAYE MAT KHAIYE.... KEWAL  BHENS KHAIYE....  lol,0
gaurakchhak to bhej do sardana ji naxxali se ladne ko jo police walon par aur begunah logon par hamla kar rhe hain hain,0
sab chor bante jaa rahe hain. system hi kachda ho gaya hain.,1
Tum gandu ho our tumhari soch ghatya hai desh ke bhitar tum jese log gaddar hain desh ke andar kamjor ko mar ke mardangi dikhate ho,1
Sah8 baat hai bas iska jawab dena hoga int ka patthar se,1
Kisano ko aatmhattya karne kly majbur karo Dhanna setho ka karj maaf karo,1
Madam itne sare aap agar phone me install kar denge to phone ka kya hal hoga Pata hai aapko....,0
Seia ta chariade asu but kichhii farak padu nahii,0
"2019 मे कांग्रेस का सफाया तय है, दिग्विजय जैसे नेता काफी है सोनिया को इटली भेजने के लिए",1
Chara chor jab sattta me tha tab Chara KHA k chare ka sadupayog kiya thaaaa are Bhaiins akal bale Avi vbi sudhar Jao .... Jai Hind Jai Mata di,1
Mahyavansi Chintan madarchod jab ghotale hue to tera baap apni maa chudva rha tha kya. Tab kyu nahi bola,1
मैगी पर नेस्ले के ग्लोबल CEO पॉल बुल्के ने सफाई दी.. देखें यह वीडियो... #nestle #maggi,0
Jai hind jai bharat ma ke veer saputo sat sat pranaam,0
"मुंबई इंडियंस ने गुजरात लायन्स को हराया, सुपर ओवर से हुआ मैच का फैसला",0
Bjp ko agar 2019 ka election jeetna h to usko abhi se sare Hindustan ka dil jitna hoga or Pakistan par yesi karyabahi karni hogi Jo itihas me kabhi kisi nai na to suni ho na dekhi ho,0
Mrigendra Singh Chauhan bothni k kabi apnai abaaaa ama sardaroon ki koi ijat hai india mean  pr siraf khotai hai,1
Hamare desh mein ek Naya rule PARLIAMENT mein pass hona chahiye 65 KE baad koi POLITICIANS jinda nahi rahna chahiye KANOON usko goli seea Dena chahiye tabhi ye FALTU statement band ho jayegi.,1
Apni behan paish kur dey sochta hn kuch phir mn iss barey😉,1
Tum media a badala lag raha hai o hamare jawana ko Mar raha aur hamari government poster fadawa rahi a bdla hai::::::::kitna rupaya diya hai modi ne parchar karne k liye,1
Tere parcham ko laker bare jaye hum.....aach aye vatan par to mar jaye hum...jai hind,0
dikh rha hai kitna bold hai apna pm narender modi  israel se hi seekh lo yr kuch,1
"UP CM Sri MYogiAdityanath मै आपसे अनुरोध करना चाहता हूँ कि पूरे प्रदेष के शहरों में हर 50-100 मीटर की दूरी पर एक कूडेदान को स्थापित कराईये, जिससे शहर में गन्दगी कम हो सके। यह योजना हमारे प्रदेष के शहरों को स्वच्छ बनाने में मदद करेगी।",0
Tu apne khuda se darr. Dusre dharm walo ko apne khuda ka khaof mt dikha. Hm v sirf apne bhagwan se darte h. Aur hinduo ne kvi suruwat nhi ki h dusre k dharm ko bura bhala kehne me. Ye baat yaad rakhna.,1
Kuch aur dino ki baat hai jis tarah se kashmiri aawam ko mara ja raha hai or militry ko badhaya ja raha hai kashmir ek militry state ban kar reh jaayega 🚷,0
Tare maako choodna ve sekhata hai  Rande ka aoulad   Mayank Saxena,1
Pak army ko pata hai ki India kuch nahi karega.,1
#CNBCTV18 and #BajajAuto Manvendra Sengar i thought khatam hogya finally!  inka kuch nhi hosakta!,0
चुनाव आयोग ने साफ किया कि एक्जिट पोल पर प्रतिबंध 12 मई तक ही रहेगा। इससे पहले चुनाव आयुक्त ने कहा था कि यह प्रतिबंध 16 मई तक रहेगा।,0
पटना में रावण दहन के बाद गांधी मैदान के पास मची भगदड़ में कम से कम 25 की मौत। देखें लाइव... http://t.co/4omCrGNZph,0
Aur pad rahe hai jutey aap Gujrati Gadhe baap ko ghabraye nahi aap ko bhi padenge suar ki awlad hai saale,1
TRAMP VARAMP KO CHODO......HARAMI PAK KI NAPAK HARKATO KO THOKO..........JAI HIND,1
Live: पांचों राज्यों में प्रत्येक सीट पर इलेक्ट्रॉनिक वोटिंग मशीनों (ईवीएम) का इस्तेमाल होगा http://khabar.ndtv.com/videos/live/channel/ndtvindia,0
Kiron main ya ham tujh jaise nahi hamara mazhab kisi ki burai nahi sikhata bura to insan hota hai jaise tu hai agar sanskaar acche na mile Ho to aise hi shabd muh se nikalte hain.,1
Ye madharchod sala samjhta kya h apne aap ko bhosdi wala madharchod,1
Abey Arif Khan tu bhul gaya ki 71 Mai hum lahore Mai ghuskar tumhare jaise kitne lauvande paide kiye hai. 68 aur kargil bhi bhul gaya aur humne banganladesh bhi banaya ab to sindh blachistan banana rah gaya wo bhi bana denge,1
Yahi sabsw bada cartoon he bewkuf he  iski bat serious lene ki jarurat nahi,0
yogiji ke MLA. ne kia hai toh sahi hi kiya hoga..,0
Ye bat aj muje v achi lagi.,0
Shankh bajte hain mandiron m bajen Masjidon ki azaan ko mat roko  (MAJID deobandi),0
अबे sale दलाल मीडिया मोदी की दलाली करने वाला ना तुम्हारा मोदी बाप कुछ करेगा हमारे सैनिक को आदेश तो दे फिर देख तमाशा,1
Sale bjp jawan ka koi bhaylu nahi hi trre raj me.pachtaoge,1
Sultan Abu Rohan Zulfiqar Ahmed  Madad agai india ki jandal ki trf say,0
Aap party choro ka giroh thi jab batwara nahi ho paya to chor bhagne lage,1
Bike na chale toh Kam se Kam gaana toh chal jaye..,0
महाभारत में 'मैं समय हूं' की आवाज़ के लिए पहले किन्हें चुना जाना था..,0
dusre desho me petrol jab 32 to 35 rupaye milta hai to hamara desh me kiun nahin milsakta,0
"Sabih Ahmad Moazzam Shaikh mullo sudhar jao,ISI ke trap mai mat faso",1
Mai phir bi tumku khavunga  Mai phir bi tumku khavunga,0
Jab tak jati vadi se vote mangte rahenge tab tak  Or ha dalit ki kisi ko padi hui nahi hai ek vote ke liye,0
"mileage ki tension na lo, India me 40 k upar nai degi, roads itne ache jo h",0
Jai. Hind.     Bharat.  Mata.  Ki.   Jai0,0
Champcash application बोहत बडीया app है मेरे 20 दिन मे 20 dollar earning कि है यदि आप भी मेरे जेसी earning करना चाहते है तो जल्दसे Champcash app download किजीये ओर 505245 ye id डालीये आपको भी बाताउगा joining kese karte hai my whatsaap no 9049042221,0
"Saheed hone k bad , body ko bhi  chitad bitad kiya , parts kat diye , pak army ne , BAT team (ek atankiyo ka group,) ki help se ye Sab karte h , unka koi usool nhi he , hevan he ,",1
Kutte ko 500 jutee lagao.Hamare paiso per mauj karte hai kutte.Apne paise se ticket kharido,1
सुप्रीम कोर्ट ने जयललिता की जमानत अप्रैल तक बढ़ाई,0
"Job job job :::::::::::::bina koi invest kiye aplog v  5000-40000  Rupees monthly earing kar sakte ho:::::::::::: (1) Play store se champcash application  instll kijye ,sign up kijye (2) Sponsor id 3680423 Dalna h (3) 7-8 Apps instll karke unlimited earning me lag jayiye",0
gud news...but uska to usi samay encounter kar dena chahiye tha....,1
"अबे मवेशी मुस्लिम महिलाए ही तीन तलाक , हलाला , मुता़ह से परेशान होकर सुप्रिम कोर्ट गई है तब सुप्रिम कोर्ट ने सरकार के राय मांगी है. मौलवीयो को चाहिए की अपने अंदर झांके मुस्लिम महिलाओ को न्याय दिलाए दुसरो पर दोष मढणे से कुछ नही होगा.",1
Chopra sahab zab ap saans lete h lakho germs ka katal ho zata h apke fefdon me za ke,0
Jib security sb ko pasand he app jaise logo ko bhi tum log bhi nhi chhodoge usne chhoda yaha to vidhayak rhte hue bhi log saansad ka chunav ldte he kyuki agar haar gya to vidhyak to rahunga . Kisi ko bhi itna khtm na karo ki tumhaare koi aur khada bhi na ho fir na kahan ki bjp aur congress k alawa koi option hi nhi h,1
Kash aisa koi letter Pakistan ke kisi nagrik ne kisi Hindu ke liye bhi likha hota....,0
Hahaha😂😂Kedar Shewale Patil bhau asa kahi hona shakya nahi....pan tumcha ashirwad asach amchya mag rahudya🙏,0
जेलो हम तो सोच रहे थे यह मुल्ली फराह खान से शादी कर कर उसको हिंदू बना देगा पर.....यह तो खुद मुल्ला बन गया ......कित्ता हरामी निकला...😬😬,1
Arre Uday bhaiya humare Hritik Roshan hai 🔥😂😂😂,0
मोदी जी को चुलु भर पानी में डूब मरना चाहिए।।।,1
naresh ko malum he ab bolane ke liye jyada din shesh nahe bache he,1
Bjp yehi kar sakta he aur kaam kiya he kese funding karo sata apna hona chahiye maro jake border per koi parbha nehi he,1
रवीश कुमार के प्राइम टाइम में आज देखिए पटना का हाल और जानिए वहां के वोटरों का मिजाज-  लाइव देखने के लिए क्लिक कीजिए :  http://khabar.ndtv.com/videos/live/channel/ndtvindia?pfrom=home-khabar,0
"To ab Kan khol ki sun lo Congresiyo ...56 '' ka Sena Modi Ji to bahut jald hi dekhane Wala hai par tum Congresiyo antakiyo ki marna par Rona, or inko bachane ki Liya rat ko supreme court Jana, sarjikal staik ka sabut mangna, or antkiyo ki Liya khulla supportr ban na or manisankar , degvijay or nirupam jaisa antaki supportro ka gala kab dabne ja raha ho pahala yeh desh ko batao....",1
cingress me sab chaplus hai,1
Hahaha acha mzaak kr lete h survey wale....,1
Par time job 15000 se 20.000 ke ley online job beef ke shop band ho rahe hai new shop open ho rahe hai egg online shopping bout joro sale ho rahe hai sampler ke kame hogi hai,0
"हालात यही रहे तो जो हिन्दु-मुस्लिम के बीच आज दरार है वो कल खाई होगी,  भरेगा कौन❓  लाशें‼️  भारत में जितने हिन्दु-मुस्लिम विवाद बढ़ेंगे, पाकिस्तान उतने ही ज़्यादा भारत में अपने रंग दिखायेगा,  मुस्लिमों की गिनती सिर्फ भारत तक ही करने की भुल मत करो!!!!",1
यार तू चाहे यूएनओ जा चाहे कहीं और भी पर इस देश से चला जा,0
तो फिर दूसरों को टैग कर ओर पूछ दिखा क्या?,0
"Dikh ne keliye Congress ko jibit rehena padega, abbse to ye akhri sas le Raha hai",1
"jisko tu news channel samajta hain na voh purr dunia key andar comedy channel kehlata hain,  tum choti moti jagha dikhney key layak ho bari jaghao par toh tumhari entry bhee nahi hoti. Sale tu apni doh biwion ko akela chor kaise deta hain pure din tujhe mera darh nahi hain kya.",1
"हलो...दोस्तो ,क्या आप घँटो इंटरनेट यूज करतेँ हैँ जिससेआपको कोईफायदा नही होता ।तो मैँ आपको bata ta हूँ।ऐसी साईट के बारे मेँ जिसको उपयोग करके आपहरदिन100 से 500 रुपये तक कमा सकतेँ हैँ जानियेकॆसे_Googleplay स्टोर से App को डाउनलोड कीजिये,Installकरतेही आपको 50रुपये Bal मिल जाएंगे,मॆंनेभी किया था ऒर Bal मिला हॆ मुझेइसलिएआपको भी बता Rha हूँ।।only 1mbaplication इसेयहाँ से डाउनलोड करें! http://7803435.earntalktime.Com",0
Budget bhi hoga aur bjp bhi jitegi up me.,0
धनयवाद आपका हमारे यहाँ केबल नही आरहा पर fb पर आपका साथ पा कर बहुत अच्छा महसूस हो रहा है । Bjp की जीत से खुशी।,0
Matter ye hai ki mlm company hai pesa marketing pvt.ltd. usme join karo and work karo,0
aise v ap to Bjp ko vote dene walo me se nehi lagte he.,1
बांग्लादेश ने माफिया सरगना दाऊद इब्राहिम के एक शीर्ष सहयोगी को उसकी कैद की सजा खत्म होने पर सोमवार को रिहा कर दिया. उसे भारत प्रत्यर्पित करने की अटकलें लगाई जा रही हैं जहां उसे बॉलीवुड संगीतकार गुलशन कुमार की 1997 में हत्या के मामले में दोषी ठहराया गया है.,0
"पोस्ट ताबाह करने से क्या होता है हमारे सेना को ज़ितना मारते है उससे दस गुना अधिक पाकिस्तानी सेना को मारना चाहिये ,तब अक्ल टिकाने आयेगा !",1
चुतिया तुम किसको बनाए गा रे कौन दूध का धुला है रे हमको भाजपा को हराना है,1
Yehi to sachchai hay bhai....may Pune me rehta hu aur yaha beef ban hay...lekin bhains ka meat restaurant me milta hay... Waise bhains to mahisashur ka bahan tha...kisko padi hay uski...,0
HAHAHAHAHA ENdian puri dunya me kutte wali horhi h tumhari,1
Modi ji me aapko batadu muje tumhari ye baat bahut pasand aayi...😄,0
कटप्पा ने बाहुबली को भल्लाल देव के षड़यंत्र में आकर शिवगामी देवी के कहने पर मारा।  अब जाओ बाहुबली देखने।😂,0
ye sb politics nahi kothe pe baith ke dhandha karte ha.,1
News channel bik gya Hai...,1
Ye haal hain pade likhe nalayakon ka..itne serious matter par bhi apni bigoted thoughts ki frustration nikal raha hai...,1
Side se gaana sun ke log bhi ja rhe the,0
"ye villagers agar guilty pae jae to inka sab kuch band kiya jae , pahle ghar ke andar thik karna hoga",0
ha ha sahibat panchal ji,0
Vishal Sharma raghu ram rajan sir ka twitter account check karo mere bhai,0
Sahido k ghar walo ko santi nahi milegi jab tak ham log  inlogo ke ghar me ghus kar inko marege nahi  tak tak inki antama ko santi nahin milegi ..........maro salo ko......,1
अरविन्द त्रिपाठी tera baap dekhne gaya tha kya ......kya kar rahe hain ya nahi...........,0
Toh aapne un gareeb logon ki maut ke upper majaak udaa rahe ho haans ke...jo nasht hue woh gareeb log the...ameer log ko kuch nahi hua,0
Itna dudh kisi gribo ko pila dete bo tumhe bahubali smjhta bhaiyo,0
"सही है , ये संघर्ष आप को रसातल तक लेकर जाएगा ।",0
इस तस्वीर को देखो और सोचों भक्तो की नजर में देशद्रोह की परिभाषा क्या है।,1
सरकार को पहले के कुछ महीने trail करना चाहिए..ना की अचानक लगू करना चाहीए ..जनता अभी इसके लिये तेयार नही है...,0
Mera exam hai aur mein ye chutiyapa dekh raha hoo,0
# रोड शो  अभी से पार्टी के प्रचार में लग गए और कहते हैं गधे के तरह देश की सेवा कर रहे हैं l,1
Haa DC tu ne chara khaya beta mitti kha raha hai bete ke bete tatti bhi kha sakte hai 😂,1
"जा सिमरन जा , खा ले भैंस का मांस, पी ले खून उसका  और जी ले अपनी जिंदगी",0
Bhakt banna asan nahi Mishra...  Ye thook ka daria hai jo chaat kar par jana padega.... 😆😆😆😆😆😂😂😂😂😂,1
Chlo bhai chlo..bike kal ayegi.ptrol khtm ho gya h uska,0
Congress jindabad   bjp election me nahi border par dhyan do,1
Retweeted NDTV Videos (@ndtvvideos):  राजस्थान के 16 मंत्रियों को धमकी भरा ई-मेल - http://t.co/HdnOBcx61a,0
नहीं भाई इस्लाम नफरत नहीं सिखाता  हम सब  भाई है और रहेंगे  मेरे हिन्दू दोस्त मानते नहीं है इस्लाम को पर फिर भी मेरे धर्म का अदर करते है  क्यों की हम indian है  है न भाई....😊,0
"शुक्रवार से काउंटर पर जाकर दो हज़ार रुपये तक के ही पुराने नोट बदले जा सकेंगे, फिलहाल यह सीमा 4500 रुपये है : सरकार",0
इसी तरह तो जनताको भरमाया जाता है । इसी तरह ही गिरा हुआ भी ऊपर ऊठता है और समय आने पर इसी रास्ते से ही गिराया जाता है। ये सब पैसा फेक तमासा देख वाली बातें है।,0
मोदी जी आपके शासन में ऐसा ही होगा इस पर क्या करोगे पानी कब बन्द करोगे और पाकिस्तान को सबक कब सिखाओगे सब सम्बंध खत्म कर दो और जेटली की जगह किसी और को रक्षा मंत्री बनाओ,1
आवश्यकता है लडके एवं लडकियो की pantjali heath care में (राज्य एवं जिले अनुसार) हेल्पर- 8500+OT+ रहना+ खाना सुपरवाइजर- 12600+OT+रहना+ खाना (अनपढ से ग्रेजुएट तक)[उ०प्र० एवं बिहार मे and other states] सम्पर्क नं०- 7991766327 ( whatsapp),1
aap ki kamyabi ka issi se pta lgta h,0
Bs aap hkikat kya dikhaoge sirf aab ye abtao ge aisa kuch nhi hai abe bikau media,1
Rajniti me haar jeet hoti rahti hai........... ye koi asthai cheez nahi hai.......... kal fir satta paltegi............... yad rakhna..............,0
देखें लाइव - भारत के लोकतंत्र की ताकत को पहचानें : प्रधानमंत्री नरेंद्र मोदी - http://t.co/eLmK8Mt7og,0
Kal ko ye log bolenge bakra Eid band krwao ye band karwao etc.or Sonu nigam ko abi kyu yaad aya ye smjh ni aya mujhe... Jab usne pehli baar ye suna tab kyu ni bola wo ... Ye sab drama hai or kuch nhi,0
Koi kaam nahi hai padma bhushan chahiye hogaa yaaa mp ka tckt 2019 m rakhi sawant yaa ajaz khan se idea liyaa hogaa media m bane rehnaa ka,1
Ravish ji aap great ho,0
"modi, ne sab ko beggar bana diya, khud bjp n modi, loot liya public ko, aur amir ho gaye.?",1
Iskee MA ki choot dalle ki bahan ka loda gandua Sala madarchod kutte ka beej,1
Ab koi kyu fir se khelega jab ek baar me hi jivan bhar ki kamai ho gai,1
Dhoni  ko openning karna chahiye kyuki dhoni tik k khelne bala khilari h,0
Chai bechnae walae pm ko kaun samjayae. Adani aur Ambani ke salahkaar h desh ko barbaad karnae ke liye.,1
भारतीय नौसेना ने सभी भारतीयों को सुरक्षित निकाला..  शुक्रिया नौसेना..  #yemen   #OperationRahat,0
Tera baap gea thaa dekhne kitne poste oda di sala,1
तिरुवनंतपुरम: उच्चतम न्यायालय के पूर्व न्यायाधीश मार्कंडेय काटजू ने सोमवार को कहा कि शीर्ष अदालत ने सौम्या मामले में आरोपी को दिए गए मृत्युदंड को आजीवन कारावास में बदलकर गंभीर भूलें कीं और इसकी वजह यह है कि न्यायाधीश लंबित मामलों के भारी बोझ की वजह से मामलों पर ज्यादा समय नहीं दे पाते हैं.,0
I believe you Modiji.. you're the only one taking tough decisions even if it hurts you...,0
Aj man ki bat se mujhe v PM sahab biti bato ka yehsash karaya,0
Bhut shi kutto se nuchwado madarchodo ko ye yhi layak hai,1
In media valo ki news dikhane ka manner dekhiye jaise kisi movie ki reviews dikha rahe governments ke sath sath inki b aatma màr gai hai......,1
Naksal log Aur rajnaitik party k beech mey Police Force's pistey rehtey h... Unki Kya galti rehti h wo Toh apni jimmedari nibhatey h!,0
"आजम खान के बेटे... अब्दुल्ला आज़म,  रामनरेश अग्रवाल के बेटे नितिन अग्रवाल, बेनी वर्मा के बेटे..... राकेश वर्मा, बहु..... अपर्णा यादव, मुख्तार अंसारी के भाई..... सिगबतुल्लाह अंसारी, नसीमुद्दीन के भाई..... हसीमुददीन , राममूर्ति वर्मा के बेटे आदि तमाम लोगों को मुलायम के बेटे अखिलेश ने टिकट दी ..  जो सोनिया गांधी के बेटे..... राहुल गांधी से गठबंधन किये हैं...उस समय मीडिया समेत तमाम लोग मुंह में दही जमाये हुए थे... ..वंशवाद का कोई आरीप नही लगा।  अब जब भाजपा ने पार्टी संगठन के लिए लगातार 20 साल से काम कर रहे..... पंकज सिंह को नोएडा से उम्मीदवार बनाया तो इन मीडिया वालों को..... वंशवाद याद आने लगा।",1
Madr-----------netao sena ko khuli sut do nhi to jitne neta hei sabke ladke border par bhejo pta chle ki jinke ladle sahid huye hei unpe kya gujrati hei,1
"Ush Se pehle 14 Aug. Ayegi Jo Pakistan ka independent day hai , wohi nahi bhejenge , aap pehle kyu sochte ho",0
Avi v modi behanchod hath milane ki bat karega sala raduwa,1
Jab se tmhra fake juice beer jawano ne peena start kiya tab se endia k foujji weak hogye aur ab hal ye h ke inke sar ka ptta nhi chal patanjali baba.:D,1
"गृहमंत्रालय में राज्यमंत्री ऐसे लोगों को बनाया जाए जो राजनाथसिंघजी को सही सलाह दे सकें। पूर्व गृहसचिव बिहार के सांसद आर के सिंह,सांसद करनल सोनाराम, राज्यमंत्री वी के सिंह जैसों को मौका दीजिये।राज्यपाल शासन कश्मीर में लागू करके किसी रिटायर्ड आईपीएस किरण बेदी जैसी को राज्यपाल बनाया जाय।ऐसी ही समय की मांग है।",0
Q India mai rehkar Indian Army pr shaq karte ho ki surgical strike hui hai ya nhi kya Army civilians ko bhi proof de surgical strike ke,0
agra h sabse bara pagal khana,0
"लड़ाई सिस्टम से है,नेताओं से हैं तो उनको मारो,जवानों को क्यों मार रहे❓❓❓",0
Kaam na Milne ki wajeh se dimag kharab ho Gaya hai,1
"“अंबेडकर ने लिखा है, “ऋगवेद काल के आर्य खाने के लिए गाय को मारा करते थे, जो खुद ऋगवेद से ही स्पष्ट है.” ऋगवेद में (10. 86.14) में इंद्र कहते हैं, “उन्होंने एक बार 5 से ज़्यादा बैल पकाए’. ऋगवेद (10. 91.14) कहता है कि अग्नि के लिए घोड़े, बैल, सांड, बांझ गायों और भेड़ों की बलि दी गई. ऋगवेद (10. 72.6) से ऐसा लगता है कि गाय को तलवार या कुल्हाड़ी से मारा जाता था.””",0
Toh puch kyu rha hai,0
वेस्ट इंडीज ने बोर्ड के साथ भुगतान विवाद के चलते रद्द किया भारत दौरा http://t.co/TuYps74ZUS,0
Congres wale ko jute marne chahiye aur inko gand me danda dalna chahiye,1
"अब RS 50,000/महीना कमायें Work on FB & WhatsApp only ⏰ Work only 30 Minutes in a day  आइये Digital World Wide से जुड़िये..... और घर बैठे लाखों कमाये....... और दूसरे को भी कमाने का मौका दीजिए... कोई इनवेस्टमेन्ट नहीं है...... आईये बेरोजगारी को भारत से उखाड़ फैंकने मे हमारी मदद कीजिये.... 🏻 🏻 बस आप इस whatsApp no 8017025376 पर "" JOIN "" लिख कर send की karo",0
"( पंडित पुरूषोत्तम आचार्य जी )+91-7410969065 स्पेस्लिस्ट- लव मैरिज ,वशीकरण, सौतन दुस्मन छुटकारा ,पति पत्नी अनबन  नंबर ,, एक बार फ़ोन जरूर कर( धन्यबाद ) whatsapp+91-7728891693",0
kyonki  aap pehle se hi bjp me hain,0
Sahib Sada huzur hai kya uuchi Kare pukare,1
9वीं की छात्रा ने स्कूल के शौचालय में दिया बच्ची को जन्म; टीचर्स-पैरेंट्स सकते में http://khabar.ndtv.com/news/india/student-of-9th-class-aged-13-has-baby-in-school-washroom-teachers-had-no-idea-1249542 #hyderabad,0
Umeed hai Ab Utter Pardesh ki Janta ne Jo Ummede BJP se Lagaaye hai or UP ki Kamaan Di hai..UP ki Janta ke wo sabhi ummeed BJP dwara poori hogi...,0
Hahahahaha aap k jawan serf marny k lie hai pak army k hato,1
EVM ban karo phir election karao,1
In loog ke ghar ka koi banda bhoka nahi so raha hai is liye ye loog right pm likh rahe hai,0
Bahut achaa kaam sir bus ab arakshan hatao aur desh k jarurat mando ko do,0
"Bahubali 2 se inspired hona chahiye modi ji ko ,      Baap ka badala beta ne liya",1
Jitne bhi Khulasa Karna ho Abhi Kardo. Baar baar time waste karne ka nahi,0
Pirti jinta ji lal batti se nhi suvidha khatam kar ne se hoga janta ki bhalai  kam  or ye  modi ka nhi ye to 23sal pehle ka soprim qort ka aades he,0
Ony for BJP aur Modi ji iss se bada tofa aur kuch bhi ho nehe sakta. Thanx Modi ji.,0
Bhainsiya Bach gayi na shukra manao nahi to ee aadmi aapka bhainsiyo kha jata😁😂😂,1
sunny ko le athe na dance karwane ache digthe ise,0
Arun Chawla Susheel Raina Shraddha Nand Singh kal ki chai pe charcha jari rahegi,0
अफवाह की भी हद होती है।भला सेना और अर्धसैनिक बलों की भी नौकरी कोई छोड़ेगा।अगर कोई पद खाली हो तो मुझे बताना भईया।सैकड़ों नौजवान जाने के लिए तैयार बैठे हैं वो भी आधे वेतन में।,1
Babar or uske gey yaar babri ki story nahi malum dikhe....,1
Bhaiya ham aap ke sath h,0
Negative effect bhi ho sakta hai Sare kam cash hone lag sakta hai  our bank jane se mukti mil jayegi,0
sabhi mahilao ko apni baat kehne aur samghane ka kanooni adhikar hai.sabse jayada mahilayen sarab se pareshaan hain,1
Are pagal ias kejriwal ka koi baat nahi sunta..... Bichara,0
Vacancy hoga to hum hungei,0
"हड़ताल कार्यवाही से बचने के लिए है, ईमानदार है, तो क्यों डर रहे हो।",1
Le fir dkh ..ab dikhaaa,0
"कांग्रेस दो मुह वाला साप हे, एक नेता कहेता हे कि मोदी पाकिस्तान को युद्ध के रूप मे जवाब दे, तो एक नेता बोलता हे, मोदी चुनाव जीतने के लिए, पाकिस्तान से युद्ध भी करवा सकते हे.",1
Lage raho hum bhi hai sath me good and great p.m.,0
Kya dalit dalit laga rakha h tum jaese dogle midea & Neta ne hinduo ko bant rakha hai,1
Bus karo ... Bus karo... Dimag ka dahi kari diya :D,0
Brijesh Dave Bhai phir BJP ko vote kiyon karte ho. zara meri ghalat fehmi lojically door karne ki kirpa karain,0
"इसी खुशी में दो भारतीय जवान शहीद हो गये , , कुछ तो शर्म करो भक्तों ।",1
Kejry wall himmat nhi harna him log aap ke sath hai,0
#moti pagla gaya he usko an samaj nahi pad raha kya kare kya na kare #moti ab tum rehne do Gujarat vapas chale aao,1
"dil me kuch karne ki tamann hai, my ngo shahido ko  salaam karati hai, jay hind vande matrum",0
Ye tere baap ka desh ny h..... ye hamara desh h.... Hindu ka,1
"मोदीजी आगर आप के पास काश्मीर, नक्सलवाद, आतंकवाद, बांगलादेशी घुसपेठ, पाकिस्तानी मुल्ले, भारत मे रेहने वाले कुत्ते कि नस्ल, हिन्दुवो पर हो रहा अत्याचार, कलाम ३७०, सामान नागरी कायदा और राजकीय मुस्लिम चाटूगिरी का कोई हाल नाही है तो..... प्लिज... प्लिज .... आप अपने पद से इस्तीफा दे दिजीये ..... हमे काँग्रेस मुक्त नाही .... उपरोक्त गंदगी मुक्त भारत चाहिये ....!!!!!!",1
Kuchh logo ko passnd nahi ki Pak ka bura ho sale khate kahan ki hai gate Pak ki hai  m.c.b.c,1
Sallo mullo hum india wale ek sath paishab bhi kare na to tumare terriostan pak m flood aa jayega,1
Ye galat baat h kisi k bhi dharm k izzat krna chahiye bht galat h,0
अढाई साल मेँ टूटी आस...और चलो मोदी के साथ....ना रोजगार ना विकास....बस नोटबंदी और बकवास...सबके साथ समान विनाश...बस भाषण और मन की बात....,1
Aree Congresiyo  tomko bolne  ka hak nahi he  my mp moodi ji ne to  aury me 56 keya 58 'ka sena bataya tha  malam he na 18 ke bedel 40 ko mara tha,1
"मेरा विश्वास कीजिए जो लोग सर्जिकल स्ट्राइक का वीडियो मांग रहे थे वह भी इस जवाबी कार्रवाई कभी वीडियो मांगेंगे, कुछ  कम्युनिस्ट मोदी विरोधी इस सरकार का प्रोपेगंडा बताएंगे  मीडिया को सरकार ने खरीद लिया है  लेकिन मुझे मेरे भारतीय सेना पर उसके सौर्य पर है तनिक भी संदेह नहीं है  मेरी भारतीय सेना किस मीडिया के मोहताज नहीं ना किसी के सर्टिफिकेट की  मैं तो बस यही कामना करता हूं कि  दो के बदले  2000 को आज 72 हूरों के पास पहुंचा दो  जय श्री राम  शुभ रात्रि",1
Kisiko nahi ...ainvayi likh diya....Message dena hoga toh pm kar denge..,0
Divay tu nachega to sab dekhenge.. Jyada viral hoga,0
चीन  द्वारा  वीटो  का खुला  दुरुपयोग  है.इस  प्रकार  के  वीटो  को  नज़रंदाज़  करना  ही  सही  रास्ता है.,0
Madam Swaraji Aapko Mere Shubkamnaya aur Aap Swast Raho Ye mera Dua Hai. Jai Hind,0
Thalle cment padi Zara. Att kraandi janta b,0
Pragati Prerna  aaj phr mod hai mere sath sex krne ka,1
Yaarr har baat pe armmy ka compare mt kro... woh apni jagah best hai hatsss off hai unhe... par inhone jo karke dikhaya hai woh b kam nai..  desh ki betiyan hai yeh... ladke jo nai kre woh inhone krke dikhaya aur izzat rakhi desh ki.. army b jo krte hai desh k liye krte hai yeh b ki hai desh k liye hai ...,1
Border pa baat ka marna ka Kay Fayeda ya to reply karo  Jab vo maar ra ha hamare force ko order ka kya wait karna fir Government ka order ka chakkar me Esha he ho ga,1
सोनिया और पप्पू के तलवे चाट चाट कर मानसिक सन्तूलन खो बैठे है यह डुगडुगी मियां । एक पगले के प्रलाप से अधिक कुछ नहीं है इस के बयान ।,1
उसकी माला पहनाकर इन अभद्र भगोडे पार्टी के नेता को लोकप्रिय वाहन गधे पर बैठना चाहिए,1
Rohit aap kiyu nahijate nakshal Ariyame kaho vaha jakar hamare javanoko na mare,0
कुछ दिनो की कहाँनी नही है. बात केवल  राजनेतिक  परीश्रम की भी नही है.,0
Sameena Anjum bhai tum kaun ho? Kyu fake id bana kar bol rahe ho?,0
"स्वच्छ भारत मुहीम से जुड़े सचिन तेंदुलकर, बनाई टीम, की सफाई .. http://t.co/EvIHDalDxP",0
Indian media reports k mutabiq 13 jawan patroling kur rahy thy jb BAT ne ghuss k 2 ko maar k sur kaat liye . Yahan yeh sawal bunta hai jo koi indian nehi dega k baaki 11 buzdil jawan iss doran apni geeli pents lekar kahan chup gaye thy?????😂😂😂,1
"हरियाणा जाट आंदोलन : हिंसा में 16 लोगों की मौत, रोहतक में हालात सामान्य नहीं #JatReservation #Haryana",0
Tujhe 3 talak ke bare me bola isey dikat h islye aj jawano ki chinta kr rha h,1
"नतीजे से स्पष्ट है कांग्रेस एक ऐसी पार्टी हैं जो जनता से जुड़ी हुई है, भारतीय जनता से नहीं इटैलियन जनता से।",1
Haha yeh bhi karte hai. List bana de.,0
"Chor sale sb,abhi hmare modi g kha gye",1
BhagwaAtanki begunahon k ghr mn ghoos kr sadkon pr begunahon ka khoon baha raha hai. Bharat mn na janta surakchhir hai to Sena kaisay surakchhit rahegi.  Sent se adhik kashmiri aor nexalite maray ja chukay hain. Jawano ko to arthik madad pahunch jati hai lekin jo begunah maray jatay hn vo to barbad ho jatay hn.   Am bhi Supreme Court hazaro logon kathit deshdrohi ko begunah sabit kardeti hai....   BhagwatAtanki ko ISI se sahaita prapt hoti hai. Lekin sarkar inko palti ha isliye inko kuchh nahi hosakta....,1
Aapki hi Sarkar h centre me uske under hi Delhi police aati h,0
"-काँकर पाथर जोरि कर, महजत** लई बनाय । ता चढ़ि मुल्ला बाँग दे, बहरा हुआ खुदाय।। कबीर                                                        (**महजत = मस्ज़िद)",1
Jai Hind!! Jai Bharat!! Har har Mahadev!! Jai Shree Ram!!,0
ana bata vote manga gad mai duga  vote.,1
आने वाले कई हजारो वर्षो में इतिहास का एक ही नायक होगा.......वो है नरेंद्र मोदी... लिखकर रख दो।,0
Modi ji ke janadhar se lalu dar gaya hai. 15 year to wsise bhi bhais pr hi lathi chalana hai.,1
Yo Harshita! Dekha hai hmne. Acchi video hai.,0
Ab kiska wait Hai karo Jo karna Hai prob solve karo mager karoge kaise ankho par to bhakti ka chashma laga hua hai,1
Vote diya tha kya? Nafrat failaya has bas fir bhi UP ja Vikas hoga to tum bhi nikal paroge par manoge kaha fir bhi nafrat failaoge dekh lena,1
India ko jo karna hai kar lay,0
Saare milke hmko pagal bna rhe h..... 😂😂,0
अभी-अभी : बम की अफवाह के बाद दिल्‍ली में इमरजेंसी लैंडिंग करने वाले तुर्की के विमान को मिली उड़ने की इजाजत,0
संदीप पचास पचास बच्चे हद होती है यार हम तो हिन्दू से नफरत नही करते मगर तुम लोग धीरे धीरे हिंदुस्तान को बर्बाद कर डोज,1
"जब कोई ऐसे बकवास करता है तब सनी देओल का डायलाग याद आता है "" भौक कुत्ते भौक """,1
sir Bate nahi jhuthi dilasha nahi seedha action chahiye waha  or human right ki ma Ka ankh......,0
शत प्रतिशत सही बात कहा आपने. धन्यवाद,0
kuch to gadbad lagta hhai...,0
Kajol bengali ha or wo beaf v khati ha koi problem ha kya,1
मोदी क नाम सुनकर मुल्लो की येसे जलती है जैसे की किसी ने कुत्ते की गार मे पेट्रोल डाल दिया हो !!😂😂😂,1
जन्म दिन की हार्दिक बधाई महाशया,0
Ravish ji aapka Jawab nahi bohat parayshan hay  bachcho kay mata pita schoolo say kuch karo,0
पाकिस्‍तानी की एक अदालत ने भारतीय बल्लेबाज विराट कोहली के प्रति प्यार जताने के लिये अपने घर पर तिरंगा लहराने वाले एक पाकिस्‍तानी प्रशंसक को 10 साल जेल की सजा सुनाई है।…,0
86 %   hizre   14 % ki gand fadenge   hahaha hizro salo,1
| हरे कृष्ण हरे कृष्ण कृष्ण कृष्ण हरे हरे | || हरे राम हरे राम राम राम हरे हरे ||,0
"2019 के election में , , वो भी भक्तों के साथ मिल कर , ,",1
बेहतरीन जानकारी दी आपने रवीश सर,0
Chutiye tuze dekhne hainto dekh anyi national ke movie,1
"अमेरिका के राष्ट्रपति डोनाल्ड ट्रंप अपने मार-ए-लागो रिजॉर्ट के सामने लॉन में खड़े निजी हेलीकॉप्टर को बस देख ही सकते हैं, उसमें उड़ान नहीं भर सकते. दरअसल सुरक्षा प्रोटोकॉल के… #DonaldTrump",0
अफसोस हमारे फौजी भी राजनीति का शिकार हो रहे,0
ऊन दो सेनिको की सिर कटी लासे मिडीया पर दिखाते जो की पाक ने ऐसे शहिद किया जवानो को,1
Aisa kuch nahi hai .. Darne wali koi baat nahi ...,0
Jai ho yogi  g,0
Loot te samay nahi socha tha ki kabhi iska hisaab bhi dena padega. Paapo ka ghada overflow kr gaya hai .... ab kyo ghabra rahi hai. Inka to tagda baja baja hai ... :),0
Kam se kam maa ko to gandi rajniti se door rakho,0
Indian govt.ko sirf xpert k saath discussion karna hai oar kuch b nahi ....jin ki jan gayi wo gayi ...samjh nahi aati k aakhir kab tak ye sab qurbaneya daini hogi....kyo nahi india pak per war karta ....,0
"Part time job करके Rs.10,000 - 30,000 हर महीने कमाना चाहते है तो .......आइये DIGITAL INDIA से जुड़िये......Zero investment.... JOIN होने के लिए आप  1⃣ अपने फ़ोन के play store में champcash लिखो और उस app को अपने मोबाइल में install कर लो ! 2⃣ अब app पर click करो और sign up पर click करके अपनी डिटेल्स भर दो. 3⃣ Refer id of sponsor पूछेगा वहाँ पर 9044274 डाल दो  इस I'D (9044274) को खाली पेपर पर लिख लें आगे जरूरत पङेगी  4⃣ complete challenge और अपनी id activate करके business से जुड़ जाओ।",0
Tu apni maa se puch ja ke Mai ne usko choda tab ja ke tujh jaisa nalayak hua samjha beta,1
Kaun hai  yeh sukan mas..?,0
बेटा सुबह से अपनी माँ चुदा रहे थे क्या ? जो अब तुम्हारी देश भक्ति जागी है !! सुबह से किसी मादरचोद ने कॉमेंट नही किया! सारे चूसलाम के लोग अब देशभक्ति दिखा रहे है,1
"NiTin ShaRma Bhai inko to bol hi Mt, ye fir Congress ko le aaenge or fir 2G CWG COALGATE hoga.",1
"आपणे एक बात सही कही है, पार्टीया चूनाव नही जितती लोग करवट बदलते है. इनसे उब जाएगे तो दुबारा कॉग्रेस लाएगे. १९९५ से २००४ तक क्या हाल थी",0
"Kahe re tor bhahin ke akhilesh aur prajapati let rahin ka.  Apn dekha le tor maa, bhahan kaha kaha marattha hai.",1
Aakash Aggarwal. Dekha hai kya? Bahut mast,0
रामचँद्र कह गए सिया से...भारत मेँ ऐसा गदर्भराज आएगा...एक गधा दिल्ली बैठेगा....एक यूपी मेँ राज चलाएगा...जुमलोँ से फिर देश चलेगा....अँधोँ मेँ काना राजा कहलाएगा,1
108 run se south africa jeet gayi.,0
Bhai  ye cheez  logon  ko  bhi  samjhao. ..aap  jaise  positive  soch  ke  insaan  kamm  hain. . Jai Hind,0
"Chutiya minister hai yei border par army ke sanik shahid ho rahe uska answer tera baap dega kya ? , saala humare jawaan mar hai aur Bjp waale aur Bjp ke minister sab baahubali ke saath gaand maara rahe hai , aur bikaau media Bjp ki dalaal hai saali ,  jo kuch btati hi nahi !",1
ठहर जा पाकीस्तान मोदी राज मैं करले जीतने जुल्म योगी राज आते ही भक्त मीडीया के साथ रावलपींडी पशु चराने आयेंगे,1
मोदी जी नोट बंदी करो आतंकी 50 लाख ले गए है देश की मुद्रा का गलत काउपयोग होगा,1
Kitna smay lgega Jane me inshan ko,0
पटेल आरक्षण के लिए आंदोलन चला रहे हार्दिक पटेल को गुरुवार तक कोर्ट में पेश किया जाए। गुजरात सरकार को देर रात इस बात की जानकारी दी गई... #HardikPatel,0
मै बी जे पी को भी बधाई नही देना चाहता हू क्यो की मे आपको उस दिन बधाई दुंगा जिस दिन मेरे सैनिको की आहुतियां बंन्द हो जायेगी क्यो की रोहित जी एक छोटा युद्व होता है जीसमे रोज 5से 10 26 सैनिक रोज सहीद हो रहे है,1
नाइजीरिया में समुद्री दस्युओं द्वारा अगवा किए गए भारतीय इंजीनियर संतोष भारद्वाज को छुड़ा लिया गया है। यह जानकारी विदेश मंत्री सुषमा स्वराज ने बुधवार को एक ट्वीट के जरिये दी...,0
"Arey meri Jaan, picture to Abhi baaqi hai. Nautankiwal ne to apna setting kar liya hai, tum jaise kaha munh chhipayenge🤔 Waise Punjab mein to Nautankiwal CM hai, Goa waale AAP k CM ka naam kyaa hai,  kuchh yaad nahi aa raha. Plz help 🙏",1
Are ye aur aisi gati rahi to eske gale ka oiling karna padega,0
इस प्रकार का प्रधानमंत्री न कभी हुवा है और न कभी होगा,0
जब हिंदुस्तानी हिंदू बात कर रहे हो  तब पाकिस्तानी भिखारियों को बीच  मे नही टपकना चाहिए,1
Party bahut mushkil mein hai par yeh Sangharsh AAP Ko bahut aage lekar jaayega,0
Are khali pist ko tabah kar ke kya hoga...badla lo badla,1
But fingerprint disply pe nehi hoga,0
"Bjp join kar lo, budde teri dalali wala aatma saant ho jayega",1
Yar iski hamesa gand kyin fatti rehti hai hamesa yaha waha hugta rehta hai,1
"Sasan mein nahi the to 56"" ,bhasan dena aasan hai.  Kuch kijye ab toh satta bhi hai.",1
श्रीलंकाई क्रिकेट टीम पर 2009 में लाहौर में हुए हमले का मुख्य षड्यंत्रकर्ता पाकिस्तानी आतंकवादी अफगानिस्तान सीमा पर अफगान और अमेरिकी सेना के संयुक्त अभियान में मारा गया.,0
Sab log ke liye ek sandesh ye hai ki  Soch badlo to india badlega Yogi ji hum aap ke sath hai... You can do it...,0
Tumhre news se to bharosa hi uth gya h ab.,0
tere ghar se hai koi army me bol tu india ka support karta hai bata. Modi ka baar ukhaade ga,1
सच्चाई हमेशा कडवी होती हैं.....।,1
Kya hoga in logo ka,0
सारे बैंको को बंद करो हम अपना पैसा घर पर रखेंगे पैसा हमारा बैंक को क्यों दें जब वह हमारे पैसे से लोन देकर पहले ही मोटी कमाई कर रहें।,0
Ravish kumar ek kohinoor hai...jo andher bharat mai ujjale la sakte hai...great and india best ancor @RAVISH KUMAR,0
Wo chutiya sanket modi he !! Kehta he  5 account kholo 5 credit card 5 debit card  Rakho Or kehta he password hard rakho !!! Sare hindustan ki life kam hard he jo ab password bhi hard rakho !!! Kal ko kahenge bank bahar sona custmer ki zimmedari he !!!,1
"Raam rajya ka Modi ji ka spna pura hota dikh raha hai....  Aisa agar Raam rajya ban gaya tab to desh Abhi Mars pe hi gaya hai Lagta hai ab Humlog Saturn par bhi pahunch jayenge?   Ye Desh Sach me fuadal soch ke saath ji raha hai...  Democracy sirf Yahan dikhawa hai...   Is Desh ka system Haathi ke Daant ki Tarah hai "" khaane ke kuchh aur dikhaane ke kuch aur "".",1
"कैश लैस के नाम पर आम आदमी को लूट रहे है, अपना पैसा निकालने के लिए भी ये टैक्स लगा रहे है, विजय माल्या का बकाया लोन किसी न किसी तरह से आम जनता से ही वसूल करेंगे",1
mumbai mein aja ek baar bas. will show the power,1
Mitron... aapne unko 60 saal diye... mujhe bhi 60 saal dijiye,0
वाह बधाई हो...... आप लगता है उत्तर और दक्षिण MCD में मुख्य विपक्षी दल हो सकती है। बधाई हो केजरीवाल😂😂😂,0
"ISI me to tum khush ho hi, Lakin aisa nhi chalta rhega",0
राजनाथ सिंह जी ने पाकिस्तान पर कड़ी निन्दा की मिसाइल छोड़ दी है बस कुछ ही पलो मे पाकिस्तान नेस्तनाबूद हो जायेगा ।,1
mukti dvar tak pahuchne ka her kisi ko adhikar hota hai_,0
Mai v nahi karta tha ..pr waqt ne dikha diya aur sikha v diya  Wajid Hasan Khan,0
yani  aap  yatra  nahi  nikal  akt   but  wo  nikal  akt,1
Kisi ne sahi kaha hai kamaan se nikla teer aur muh se bole gaye bol wapas nahi aate........just a single tweet of his  started so much hatred on social media against a gal who raised her voice ....,0
Isse ye pta chlta hai ki sirf baten marna aasaan hai,1
"नॉर्थ ईस्ट में गौहत्‍या और बीफ ब‍िक्री पर भाजपा को आपत्ति नहीं, कहा- जीते तो बीफ और गौहत्या पर नहीं होगी रोक मेघालय, मिजोरम और नागालैंड में ईसाईयों की संख्या बहुत ज्यादा है",1
बहुत वार दीखाया हे हम देखते हें पर तुम गांडुलोग प्रमाणपत्र मांगते फिरते हो,1
ap ek kohinor the. Jo desh azad karke desh ko diya hai.(magar in gaddar desh dorhi ki wajah se apki kurbani shayad jaya chali gai),0
"मोदी जी, सैनिक को बचाओ, तभी देश बचेगा! अगर तेरे बस की बात नही तो इस्तीफा देकर सत्ता सेना को दो और तुम चार धाम यात्रा को निकल जाओ।",1
"😂😂😂😂😂😂😂 Tum AAP valon ka sahi hai...... agar AAP jeeti tab to EVM theek & there r no chances of tempering with EVMs....And agar AAP haari to shayad EVM me hi tempering hui hogi.........  Kissi ne kya khoob muhavara likha  hai - ""Nach naa jaane, Aangan Theda""",1
"माइक्रोमैक्स ने बुधवार को अपना नया डुअल 5 लॉन्च कर दिया। माइक्रोमैक्स डुअल 5 की कीमत 24,999 रुपये है। इस समार्टफोन के लिए रजिस्ट्रेशन कराया जा सकता है। यह फोन 10 अप्रैल से… #Micromaxdual5",0
*फिर उड़ गयी नींद ये सोच कर......*   *सरहद पर बहा वो खून मेरी नींद के लिए था.....!!*😔  - #DeEp,0
chal bhai tu ishi se satisfied ho ja,0
नियत का तप और विकास का ही जप यही तो है भाजपा,0
कैबिनेट ने 2जी स्पेक्ट्रम की नीलामी के लिए आरक्षित मूल्य को मंजूरी दी।,0
"मैंने तो कुमार विश्वासजी आको ""आप"" के चंगुल से निकल भागने की सलाह पहले ही दे रक्खी थी कि   कही आप की साहित्यिकता धूमिल न हो जाय।",0
"गणेश जी..कांग्रेस, भाजपा, वामपंथी...इन सबों की अपनी विचारधारा है, आप उससे सहमत हों या न हों, उनको मानने वाले विचारधारा से जुड़े हैं ! AAP सिर्फ विरोध की राजनीति करती है !",0
कांग्रेस पार्टी दोगली पार्टी है कांग्रेस पार्टी पाकिस्तानी दलाल है,1
Pragati Prerna itna chodu ka randi tujha hindu sa musalmani ban jaya gi bhag chinal randi ki aulad.,1
mere pas photo bhi h bhai pr koi option nhi h post krne ka,0
"या तो राजनीति और नेतागिरी ने हिन्दुस्तानी फौज को नामर्द बना रखा है या अपनी फौज में शक्ति ही नही नही तो मोदी जी 56 इंच सीना अब तो दिखा दो अपनी फौज को छापामार युद्ध का ही आदेश कर दो या फिर मीडीया में ही फौज की ताकत के बारे में सुनते रहेंगें,,धन्यवाद जी",1
मोदी सरकार से इतनी जल्दी चमत्कार की उम्मीद नहीं करें : मनोहर पार्रिकर http://t.co/2XiRBRzjZL,0
यूपी के वीआईपी जिलों में भी बिजली कटौती शुरू http://t.co/L0i5jbfycv,0
LUTNE KO TAIYAR RHO INDIA.,1
Yogesh Chaudhary g ye MCD Election hai ja Loksabha Ke .... Itna darr vo bhi Apne aap Ko dunia ke Sabse badi party Kehlane walo Ko ....... Patta Nahi Kejriwal ke Naam se BJP walo ki itni pant Gilli kyon ho jatti hai ...,1
देखें लाइव - हमें कामगारों के हुनर को बेहतर करना होगा : प्रधानमंत्री नरेंद्र मोदी - http://t.co/eLmK8Mt7og,0
Khushi issy liye abi tak zinda h.ya kya ptta sala mara b hoga.:D,1
भोपाल में देर रात एक फ्लाईओवर का हिस्सा गिरने से दो लोगों की मौत हो गई जबकि पांच लोग बुरी तरह से जख्मी हो गए हैं। इस हादसे का शिकार हुए अधिकतर लोग वे हैं जो पुल के नीचे सो… #Bhopal,0
Bhai badi besharmm patrakarita hai. News KO aise likhte Ho.  Apna paisa nikalne par lagega charge.  Hadd Ho gayee ghatiya patrakarita ki.  To kya govt.  Cash transaction ke naam par do no ka  kaam hone de,1
Bajaj k CEO ne lagta hain kal junglee maal piya,0
i am big fan for you .keyoki jis party ka netiritvakar rahe hai aur us aam admi ke liye lad rahe hai jo apne adhikaro ko nahi samjhata haiaur samjhe ga kaha se use samhane nahi diya gaya .jaha uske adhikaro ka jikar iya gaya hai usse usko dur rakhkha gaya tha.lekin maine aap ke video ke madhyam se aap ki vichar dhara ko samjha aur jis yuva shakti ki bat karte hai vo vastav me agar mauka mile to bade se bade sur veero ko dhul chata sakte hai.,0
Q   kis   chor   school  se  ho  jo  chot  lag gyi  dil pe .,1
Mein delhi ka hun par reheta vapi mein hun to mujhe kahan ka gina hoga. :D,1
"Plz aise galat kaam kar ke Muslims ko bura na baniye hindu hamare bhai bahan hai aur kisi ko bhi Yeh haq nahi hai ke unke mazhab ko bura kahe, unke religious place per aisi gandi harkat kare ya phir bhagwan ki muratiyon ko aisi jagah dale agar koyi aisa karta hai to woh muslim nahi hai aur na hi to insan hai",0
Maadar chod modi sarkar janta ka paisa aur kitna maare ga ghabrao nahi ab janta  bhi modi ka gand jrur maare gi,1
"हिन्दू के ऊपर जुल्म कर के बांग्लादेशियों को अंदर भर रही है सिर्फ वोट के लिए , अरे मुस्लिमो अभी भी वक़्त है संभाल जाओ पहचानो दुसरो को भक्त कहने वालों तुम खुद ही अंध भक्त हो",1
आवश्यकता है लडके एवं लडकियो की pantjali heath care में (राज्य एवं जिले अनुसार) हेल्पर- 8500+OT+ रहना+ खाना सुपरवाइजर- 12600+OT+रहना+ खाना (अनपढ से ग्रेजुएट तक)[उ०प्र० एवं बिहार मे and other states] सम्पर्क नं०- 7991766327 ( whatsapp),0
Iss hisaab se toh modi se 2 baar pehele ...Delhi ke time n Bihar ke time....istifa Lena chahaiye tha n ab bhi......kyoki 5 seats haari bhi hai bjp,1
Sanj Eev bhai dekh lo ab modi haa jawab mil gya naa,1
Kashmiri muslman gaddar hai sale nhi to aatnkio ki kya aukat bharat k same Jo tum soch the ho zingi m ahi kr Paige hara.jado,1
उत्तर प्रदेश का ई.वी.एम.घोटाला उजागर हो गया इस अब डर लग रहा होगा.,0
Tab anna desh ka pahla cm hoga jo lete lete kaam karega,0
इंडिया 7 बजे : सांप्रदायिक हिंसा पर लोकसभा में हुई चर्चा... देखें खास शो... http://khabar.ndtv.com/video/show/india-7-baje/7-334037?KhabarFB=007,0
Lekin ab to bhains le Jane par bhi musalmano ko peeta ja raha hai,0
"Pawan ji, aap paytm maat use karo....aaj sab ke pass ATM card hai na ? To ATM card use karo na jaha Swipe  machine ki suvidha hai wo har jagah per ...Aur mujhe nahi lagta ki ATM card nahi hoga apke pass or aur sabhi ke pass... .",0
Bjp ki fati silne itne log aa rahe hain dilli mein😂,1
सीरिया में आत्‍मघाती कार बम धमाके में 43 लोगों की मौत हुई : रिपोर्ट https://khabar.ndtv.com/news/world/43-dead-as-suicide-bomber-targets-evacuating-buses-in-syria-report-1681903 #Syria,0
राजीव भाटिया एक कनाडा का नागरिक है....,0
अब तो कोई बता दे कि कटप्पा  ने क्यो मारा बाहुबली को?,0
"उत्तराखंड में भारी बारिश ने मचाई तबाही, बाढ़, भूस्खलन में 27 की मौत http://t.co/nw82Kd8XiP http://t.co/LMbpS8ItzG",0
"भाजपा ने श्रीनगर में कहा, हम साम्प्रदायिक नहीं हैं...http://t.co/WuJopTWAh9",0
तीन साल की इस बच्ची ने बनाया तीरंदाज का राष्ट्रीय रिकॉर्ड। जानें कौन है यह..,0
Harsh..bohot hasi arhi ..tere gher per koi shayad mara nhi hai abhi tak,1
desh virodhdhi taktoko sakthise kam lena chahiye...sapole sap ban jay is se pehle kuchh karna chahiye,0
Apne umar or mukh ke hisab se baat to achi likho,0
"भारत और पाकिस्तान के बीच मौजूद नियंत्रण रेखा पर बुधवार आधी रात को शुरू हुआ भारतीय सेना का सर्जिकल हमला आतंकवादियों के खिलाफ था, जो भारत में आतंकी हमलों की साज़िश रच रहे थे, और सूत्रों के मुताबिक, सर्जिकल हमला गुरुवार सुबह 4:30 बजे तक चलता रहा. #SurgicalStrike #IndianArmy",0
"साइना नेहवाल पद्मभूषण के लिए नामांकित न किए जाने पर नाराज, प्रधानमंत्री से लगाई गुहार..http://t.co/ywSaWbMMrl",0
dekha maine ....   :),0
"अच्छा हुआ चली गयी ,बकवास लोग जितनी छोड़ दे उतना ही भला है",1
"वर्ल्ड कप : दावेदारों की भरमार, टीम सेलेक्शन के लिए करनी पड़ेगी माथापच्ची... http://t.co/BXwrCNcw0t",0
"अगर 20% मुस्लिमो के पीछे भागोगे तो 80% हिन्दुओ से हाथ धो बैठोगे ... सबसे ख़ुशी इस बात की है की यूपी में अब हिन्दू संगठित हो रहे है .. जातिगत व्यवस्था खत्म हो रही है ... मुस्लिम बहुल सीट यानी जिन 100 सीटो पर मुस्लिम 25% से ज्यादा है उसमे 45 सीटो पर बीजेपी आगे है .. यानी बढ़ते इस्लामवाद के खिलाफ अब दलित, ब्राम्हण , ठाकुर, बनिया सब भूलकर सिर्फ हिन्दू ही बनते जा रहे है *राजतिलक की करो तैयारी, आ रहे है भगवाधारी.।* *एक ही नारा एक ही नाम! जय श्री राम जय श्री राम..।*🙏🏻",1
बङी से बङी समसया का समाधान आप का एक  फोन आप की जिनदगी बदल देगा all problem solution Pandit ji (9680662644) love vashikaran specielist Pandit ji one call change your life,0
haan dekh liya yrr  mast hai na sab saath k hi hai isme...,0
Atif Malik agar india se zyada aman hai to achhi baat hai magar lekin har kisi ko apna mulk pyara hota hai,0
😍😍😍IIT ke bachhe aisa bhi karte hai!!,0
Is ke upar milk dalne se achha ho gaa ke aap log kisee bhukhe ko pilado,0
Sabhi party chor hai desh ko loot loot ker uska bedagarg karne m lge hue hai MODI jawan marwae ja rha hai PM k hath me kuch nhi fuddu bna rha hai desh k kisi bhi party per bharosa nhi kiya ja sakta sbhi ek hai  jiske ghar se pati ya bhai or beta sahid hua hai usse pucho kya bit rhi hai or ye PM MODI ankh band kar apna 2019 k chakkar  me lga hua hai sharm kro MODI Ji,1
Yeh jo b bol rha hai koi toh lung hai usme bol rha hai mat lena bike mat lena bike lol,0
Kejariwal se logo ka Bharosa uth gya ab vo jatnta k help k layek ni rhe,0
development kar raha hai Shweta Singh pehle Bathrooms to banwa kar do apni janta ko....,1
"+91-9660919340 प्रेम-विवाह }}{{ मनचाहा प्यार }}{{ काम-कारोबार }}{{ पति - पत्नी में अनबन }} +91-9660919340 लव मैरिज ,वशीकरण, सौतन दुश्मन छुटकारा ,पति पत्नी अनबन गृहक्लेश ,कर्जा मुक्ति , ,निःसंतान, एक बार फ़ोन जरूर कर Call Now +91-9660919340",0
Koi to Hai Jo party ko todna chahta Hai Hai party Mai hi hai,0
"अपने  खिलाफ  बाते,  मैं  अक्सर  ख़ामोशी  से  सुनता  हूँ, जवाब  देने  का  हक,  मैंने  वक़्त  को  दे  रखा  है  ।",0
TUM LOGO NE TO PURE DES ME HINSA FAILA RAKHA HAI DILIP GHOS JI,1
Iske pass to jawab dhang ka hai nahi ..to baat baat pr bhagwan ko bich me laa raha ..aur maa behno ko ..kyoki ijjat to ye karta kisiki nahi hai,0
Maruti More bhai wo kashmiri hai wo gaddar hai me naksali aur kashmiri me koi antar nhi samjhta...jo galat krta hai usko saza milni chahiye...fir wo kisi bhi kaum ka ho,1
Sir/ Madam AAP log Hindi me Bolo.,0
"Agar kisi par koi sangeen aarop lagata hai to kya bina jurm sabit huye use goli mar dena chahiye. Mr. Vivek agar aisa hota to koi b kisi par kuchh b araop laga deta aur usee goli mar deta. Very funny vivek thought... kisi ke sath koi na-insafi nahi ho isi liye to court of kanoon banaya gaya hai. Agar Mr. Asharam par jurm sabit ho jati hai to unko jaroor saza milegi, agar court aur sarkar saza nahi de paye to janta inhe jarur saza dengi...",0
Kashmir se use ek single vote nhe milta tabi vha pair jamane ke liye aise krrha ha taki pori bahumat mile jammu aur kashmir se,1
Mehnat wale kaam hain yeh :D,0
Achcha hua ab BJP join kareny ka aasaan mauqa hai,0
अरे भाई काले धन का क्या हुआ?? ठन्डे बस्ते मे चला गया।,0
Mere pass bhi h krwado exchnge,1
"चलो हर बार की तरह एक बार फिर से इस हमले का जवाब कड़ी निंदा , उससे कड़ी निंदा , उससे भी कड़ी निंदा  , घनघोर निंदा , जबरदस्त निंदा जैसे खतरनाक हथियारों से दिया जाएगा........",1
"लालूजी, क्यों कुत्ते लोगों के मुह लगते हो? फेकू अव्वल दर्जे का हरामी, चालाक, धूर्त जानवर है! वो आपकी बातों का जवाब नही देगा! जवाब तो उसके दल्ले, भडवे ऑनलाईन भग्त देंगे!",1
Chotu tera raasta mat badalna yesehi chalte rahna hati jati hy kutte pukarte hy koi parva nahi gareeb paksh Jo hotahy uski meet jaroor hohi hy tu dono vor tej talvar hy chotu,1
Navneet pahle bhi 4 transaction free the uske Baad me  ₹ 20 the ab bhi vahi hai BT charges bd Gye  ₹150.,1
Ek jawan Jo desh ke liye sahid hota hai ye sarkare 5-10 lakh dene me katrati hai enhone esa kya kiya jisse desh surakhit huwa Jo enhe itna amount mil raha hai,1
Sch me yr Kirti Jain,0
Sahi h Madam par kya kare apni govt aisi h sirf kadi ninda hi karti h,1
Sir me sena ke lia tray karrha hnu. 2014 se,0
Bohot Acha hai aor aise logon ki inqury honi chahiye,0
ekdom sahi bola hey sonu nigam ne....ye loudspeaker par bheinsha jeisa awaz soonkar dimag kharab hota hey.,1
Dear modiji i totally agree with u main aapke sath but aaj aapne jo decision liya us se main bipkul upset ki political partiyo ko koi hisaab nahi dena padega wo kitna bi paisa jama kara sakte hai party ac main.,0
Jai hind*फिर उड़ गयी नींद ये सोच कर......*   *सरहद पर बहा वो खून मेरी नींद के लिए था.....!!*😔  - #DeEp,0
Aap ny BJP ko voat dya ?,1
Evdha fan aahe ka bhau tu kejriwalcha,0
Congress ne to dikha liya 60 sal desh barbad karke ab 56 inch Sina ki baat karte hai,1
"Farak thik paduchi,,, tame Akhi band karideicha",0
धन्यवाद मेरे भाई। परंतु मैं किसी का विरोधी नहीं हूँ। बस जो सत्य है वही बोल रहा हूँ।,0
Mere gau rakshak dal ko border me bhej dena cahiye............ Gand phat ke darwaza nikal jayega gau rakshak dal ka,1
दिल्ली में एंटी करप्शन ब्यूरो में बवाल बढ़ता जा रहा है।,0
hahahah jal gyi gaao mutr peenay waaly ki . .,1
"Part time job करके Rs.10,000 - 30,000 हर महीने कमाना चाहते है तो .......आइये DIGITAL INDIA से जुड़िये......Zero investment.... JOIN होने के लिए आप  1⃣ अपने फ़ोन के play store में champcash लिखो और उस app को अपने मोबाइल में install कर लो ! 2⃣ अब app पर click करो और sign up पर click करके अपनी डिटेल्स भर दो. 3⃣ Refer id of sponsor पूछेगा वहाँ पर 9044274 डाल दो  इस I'D (9044274) को खाली पेपर पर लिख लें आगे जरूरत पङेगी  4⃣ complete challenge और अपनी id activate करके business से जुड़ जाओ।",0
mumbai k 2suvar ne is join karli wo b bata.ye kam tum log jada karte ho.,1
P. S: campus acha hai tera,0
Kb tk out rahega party se. Gujrat cm nhi bn na chahta,0
ISI agent bjp IT cell...... Dhara gaye,1
"Tu nahi degi , Per Hum denge aur 2019 BJP HI Jitegi.",0
"SP BSP, walo ne kitni baar karwai ...",1
Ye hai Bharti Sena jiska koi jabab nahi........Kisi bhi mullo ki maa chod Sakti hai hamari bharti sena,1
जनाजा निकाल देंगे ; हिंदुस्तान में रहना है तो तमीज से रह लो ।नहीं तो पाकिस्तान मर जाओ,1
जिस पार्टी ने पूरे देश में नफरत और हिंसा का माहौल बना दिया हो उसको हिंसा से डर लग रहा है 🤔🤔🤔🤔,1
"कही न जाये, समय खराब न करे,एक फ़ोन करो घर बैठे 9 घंटो में समाधान , मनचाही लव मैरिज, सौतन /दुसमन छुटकारा,कर्ज,नोकरी,संतानहीनता,बीमारी,मॉडलिंग,नोकरी,बिज़नेस ,फैक्ट्री loss whatsapp no. +91-8968848458",0
भाजपा ने तो बसपा के साथ 2.5/2.5 साल का गठबंधन किया था।,1
"Aji to isme galat kya hai.. Log apni party ke sanskaaro ka imaandari se nirvaah kar rahe hain... Shabaasi milni chahiye hum sabko... Wo koi aur nahi the, balki hum sab logo ne chuna hai inko",1
Rahul g ke guru Bhi ye hi han,0
"खराबी इसके DNA मे है ,मुह खोलेगा तो अपने पूर्वजो को ही याद करेगा .",1
"अरविंद केजरीवाल को लेकर चुनाव आयोग का महत्वपूर्ण फैसला, केजरीवाल  ना सिर्फ दिल्ली से चुनाव लड़ सकते हैं बल्कि वोट भी दे सकते हैं।  http://khabar.ndtv.com/news/assembly-polls-2015/kejriwal-is-voter-in-delhi-can-fight-delhi-assembly-polls-ec-736597",0
Nahi ye galat bat he pahele kejriwal apne maksad se dur the or badame Karim mazil Milne par sabka chahera khiljata he yakin Na aye to modi ki jawani ka image dekhlo,0
Pravind Yadav ha ha ha😂 tum logon me tho mardangi kabki khatam hogayi tumlogon tho bache paida nahi karsakte ab hum musalmano pe rote rahete.. G me dum hona chahiye Musalman jaisa hone k liye.,1
"ek to paida kr chuke,",1
राजौरी गार्डन सीट पर उपचुनाव में आम आदमी पार्टी की करारी हार के बाद भाजपा ने मुख्यमंत्री अरविंद केजरीवाल से नैतिक आधार पर इस्तीफा देने की मांग की है.,0
"370 हटाओ, सारे अलगाववादीयों को मारो चारो तरफ से घेर के ... और KP को बसाओ समस्या सॉल्व ।। पर क्या ऐसा करने की मोदी सरकार में दम है ??",1
आवश्यकता है लडके एवं लडकियो की pantjali heath care में (राज्य एवं जिले अनुसार) हेल्पर- 8500+OT+ रहना+ खाना सुपरवाइजर- 12600+OT+रहना+ खाना (अनपढ से ग्रेजुएट तक)[उ०प्र० एवं बिहार मे and other states] सम्पर्क नं०- 7991766327 ( whatsapp),0
"<fg=f0f00f0f>Free free free free job Digital India se jure बिना कोईपैसा लगाये No इन्वेस्टमेंट अब RS 8000 से 20000/महीना कमायें. बस आपको Advertising करना है. और कम्पनी आपको हर माह आपके बैंक एकाउंट मे रूपया देगी... बसआप इस whatsApp no. (8051302799) पर ""JOB"" लिख कर send कीजिए. join this job & change your life..",0
रंडीबाज काँग्रसीयों की बदौलत ये देन है! अगर सरदार वल्लभभाई पटेल नेहरु की जगह प्रधानमंत्री होते तो आज ये दिन नही आते!,1
"हा हा हा  बीजेपी ने evm मसीन में सेटिंग कर दी की आप को ,कांग्रस को बीजेपी को कितनी सीट कहाँ से मिलेगी?????? आप का मुर्ख नोटनकी अरविन्द भाई",1
"Ohy dog"" tu apni maa ko mary pas baj ma os ke gand maro ka",1
Tere pas koi proof hai to case kar de ja kar..,1
"अखिलेश का है यही इरादा, यू.पी का चहुमुखी  विकास ज्यादा से ज्यादा ।यू.पी बदल रहा, नयी राह,नयी सोच, युवा जोश ।",0
"Sabu Dekhucu aau dekhibu,,, Odisha re bhi bjp asiba",0
"साफ सुथरी पत्रकारिता से देश का भी भला होगा। पत्रकारिता करें, चाटुकारिता से बचें ।।",0
Ek no. Kam Kiya hai Govt ne... Jai Hind..... ;),0
"सेल गुरु के इस हिस्से में देखें IFA 2015 के 5 टॉप गैजेट्स, साथ ही जानें कि आने वाले महीनों में कौन-कौन से फ़ोन बाज़ार में आ सकते हैं...",0
"READ : #IndoChina  प्रधानमंत्री के चीन पहुंचने से पहले ही तल्ख़ हुआ चीनी मीडिया का सुर, कहा अरुणाचल न जाएं पीएम मोदी और दलाई लामा का न करें समर्थन।  पढ़ें पूरी ख़बर- http://goo.gl/aVPDrh",0
Hume bhi taras aata hai un masum janwaar o par jiss ka khoon kiya jata hai upper wale ko khush karne me....  Bhala kisne dekha ki khush hota hai ki nahi ..,1
Police control na karre kya bhai agar SRK ko kuch ho jaye tab kya bologe...? Police ka kam hai protection dena bheed bekabu ho jaye to police kya kar sakti hai ... SRK ko plane se Jana chahia na ... Airport pe achhi security hoti hai ....,0
Kon managa Yeh hang kr ke choranga is kutta ko,1
मोदी जी अब तो दिखा दो 56 इंच फोड़ दो चार परमाणु बम पाकिस्तान पे।,1
ये बन्दा तो 56 इंची से ज़्यादा फेंकता है।राजनीती में करियर के उचित योग है कुंडली में ।👌,1
ye 0 seat ka ashar he :D :D,0
"देखिये आप मुद्दे से भटक रहे है..  असल मुद्दा देश सुरक्षा थोड़े ही है ।। असल मुद्दा तो - गाय, अजान,तलाक,लव जिहाद, खतरे में हिन्दू, ये सब है।  आप ऐसे बेवफाई नहीं कर सकते।कोई भक्त रायचंद न बनें।। ☺☺",1
M bhi chhod rha hun,1
Ye sbko chodu Bana raha he dhosto 500 1000 ke not ko band karke 500 2000 ke naye not jari karega jissse bastachar or badega,1
जय श्री राम के नारे मे कोइ बुराई कैसे हो सकती  है. भगवान की जय  तो हम करते ही है और  करनी चाहिये भी लेकिन हर  काम का एक समय  और स्थान  होता है. जिस समय और जहाँ  ये बोला गया उस समय मेरे विचार से  आवशयक नही  था.,0
Sanvidhan uthake dekh lo iss desh ka pradhanmantri wahi ban sakta hai jo bhartiya ho yeh italian bai kahan se bhartiya ho gayi hai isko agar PM banana hai toh congress ko savidhan sanshodhan karna hoga jiske liye 2-3 majority chahiye jo aaj ki date main congress ki aukat nahin hai.,1
Sale suwar ke aulad tm khud apne muh kise ko dekhane ke layak nhe rahe ho dusre ko kya bolte ho,1
"Ye dono ko please show pe bula math kafi bura lagta hai ,jab ye media pe humare desh ki izzat ki dageya uda rahe hai so please",1
विकास सैनी रघुवंशी बहन के लोडे भाई बोला है तो अपने बाप का भी पता कर ले कहाँ के कीचड़ में पड़ा है सूअर का बाप सूअर,1
Rohit Jee Sri Lanka ne bhi to litte ko khatam kiya vaise hamari sarkar nahi kar sakti inse poochiye,0
Kuto ke barabar kuta  nahi banna h salo ko suar ki mot maro,1
Naina Roy ji....indian me idea nahi???? Lekin nepal me Bhains ko hajaro ki sankhya me kata jata hai....,0
अगर आप अपने पुराने स्मार्टफोन से ऊब गए हैं और नया मोबाइल खरीदने से पहले उसे बेचना चाहते हैं तो आपके लिए एक चेतावनी है।,0
ab na ane ki yeh,1
Galt kaha bolo gand pe goli marni chahiye in sub ki ..ya napunsak kar dena chahiye in sb ko,1
Kejriwal ko fir se copy kar rahe hain😂😂 aur kejriwal ko gali dete hain,1
paise ki kami nai.. account nai h na mere pas India me,0
Kese?? Dost ek hi rai de sakta ha media ke jhalave me mat aao!!😊😊,0
💐💐श्रीकृष्ण ! गोविन्द ! हरे ! मुरारे ! हे नाथ ! नारायण ! वासुदेव !💐💐,0
Ye roj banta hai ginke rakhna hum ekhi dinme equal kar dega fir us din mat kahna ye kya kar diya aisa nahi karna chahiye,1
Maa ki choooot tumhare. .. Bhosdeko. ....ye kya bdla h... Unhone hamare jawanoo ko mara h... Hame bhi uske sanikoo k srrr chaheye....wo h bdla.. Haram k dalllall media,1
Dikha denge 56 inch ka sinaa par to sabhi promises karo ki inch tep leker sabut nahi mango ge Jay hind,1
"एचटी समिट में Akhilesh Yadav ने बात की पिता, राजनीति और अमर सिंह के बारे में",0
koli acha captan nahi hai ipl ka,1
Beta human rights ka violation nhi krta h india ... Werna tmhari aukat nhi hoti ye comment krne ki....,1
MILI hogi no dauit tabhi esa hota he yaan ye kgudh darti hogi unsey,1
बस भेन चोद दो सब्द बोलेगे कडी निन्दा गोर निन्दा ओर जवानो का बलिदान वयर्थ नही जायेगा और बोसडी के खूद z सुविधा लेकर गूमते है,1
My name ia lakhana sajno ka sajan mera nam hai lakhan,0
अंतरराष्ट्रीय स्तर पर नित नए आयाम गढ़ रही अभिनेत्री प्रियंका चोपड़ा का कहना है कि वह खुद को सीमित नहीं रखना चाहतीं और एक सफल व्यक्ति बनना चाहती हैं।,0
Congress ko akele ladna chahiye Kyo akhilesh ko sath le liya,0
abhi tak to karam bekar the par ab to ye jubaan se bhi bekar ho gaye....,1
Inderajine bgladse bnaya bjp ap pura kamirco indiyame miloge mara bhart mhan,1
ab humane doglo ki film dekhani band karni chahiye ab,1
"भारतीय पारी शुरू, 50 ओवर में बनाने हैं 304 रन  http://goo.gl/15E2qC लाइव स्कोर यहां देखें : http://goo.gl/7WG0sX #INDvsSA #1stODI",0
Bahubali Rocks... tum logo ko koi aur topic ni mil rha Abp walo,1
रविश कुमार वहुत ही सही जानकरी दी,0
varun naam hai ooska uski nosy nikalti rehti hai poore waqt..😷,0
"आज समय आ गया है कि देश के संविधान को बचाने के लिये धर्म की राजनीति करने वाली पार्टियों और नेताओं का दिल्ली की जनता बहिष्कार करे। ध्यान रहे कि यह नेता चुनाव के समय क्या क्या वादे करते हैं और पूरा करने की जगह टैक्स पर टैक्स बढ़ाते जा रहे हैं और पूछने पर कहते हैं कि वह चुनावी जुमला था। विश्वास न हो तो लोकसभा चुनाव तथा दिल्ली, बिहार, बंगाल, उ.प्र. के विधान सभा चुनाव में भाजपा के वादों पर खुद ही विचार कर लीजिए।",1
ravish Kumar dallali na kre iske liye koi report kb aayegi............,1
09993333351 aishwarya eddy dev ki maakichut dekhne wale phone toh nai karenge gandu log behenchod.,1
आज रात जिस घर की लाइट जलती हुइ दिखे समझलो नोटो की गिनति चल रही हे💰💶🤑,1
hinduo ki soch cow talak namaz burkha me lage hue h inhe khud se jyada Musalmano ki chinta ho rhi ye nhi dekhte army kaise gazar muli ki trh mar rhe h bs modi modi kra lo inse,1
bhais kya dudh nahi deti hai..bhais gay me antar kya hai..tere se yaisi ummed nahi tha kasma hai ki teri aur tere pati ki mai jindagi me movie dekhu..khabhi nahi dekhu ga....,1
sorry 180 nhi 18 hahaha yhi hal hoga abki bar,1
Sir free hi rhene do,0
Breaking : कोयला घोटाला मामले में मधु कोड़ा और 8 अन्य के खिलाफ तय होंगे आरोप #CoalScam,0
"दिल्ली विधानसभा चुनाव में अभूतपूर्व जीत के बाद, रामलीला मैदान को शनिवार को होने वाले शपथ समारोह के लिेए तैयार किया जा रहा है। इस तैयारी में दिल्ली पुलिस से लेकर एमसीडी और पार्टी कार्यकर्ता सभी तैयारियों में जुट गए हैं। http://khabar.ndtv.com/news/assembly-polls-2015/ramlila-maidan-is-getting-prepared-for-the-oath-taking-ceremony-738777",0
"ऑर्बिट बस कंपनी के ड्राइवरों की मनमानी नई नहीं, सालों से जारी है... #Orbit #Moga  लिंक पर जाकर पढ़ें..  http://khabar.ndtv.com/news/india/terror-of-orbit-bus-company-drivers-and-politics-760556",0
हम कड़े शब्दों में निंदा करते है. और कर भी क्या सकते है.....,1
damad ji ko kuch mat bolo nahi to muhboley sasur man mo....... ji naraj ho jayengey,1
Gobar or Peshaap peena chordo or beef khau be chutiyo.  Phogat me mobile per ilzam dalrahe ho,1
Aisi bakwas kara kar trp badha raha hai zee news ...kabhi koi hal nahi nikalta Aise sab joker lakar behas karwata hai. Ek hai namuna Lon.... na akal hai na hi soch pati hai..... bak baka kar badtameezi par utar ati hai.,1
Cow goat buffalo on line lene wali chez hai,0
YE TOH DUNIYA JANTI HAI KI ZEE NEWS RSS KA HAI AUR RSS TOH NA JANE KAB SE BRITISH SARKAR KE TALWE CHATA KARTA THA NAFRAT FELANA ENKA PURANA KAAM HAI.,1
Apko hota hai kya Apna Bhi to post or comment  sa kam chala diya  hmmm,1
मुस्लिम महिलाओ में अधिक्तर वोट बीजेपी को मिले है।।।तलाक के मुद्दों पर....,0
संजय दत्त 1993 में मुंबई में हुए सिलसिलेवार बम धमाकों के मामले में जेल की सजा काट रहे हैं और जल्द ही छुट्टी पर बाहर आने वाले हैं। #SalmanKhan #SanjayDutt,0
@mohammad Lagta hai danda sahi jagah aur andar tak gaya hai,1
bike nai dikhani to ladkion ko laao bc lingerie me 😂,0
Allha tumre Ka muh b gupt Hai,1
Prince Sharma tum 3 talak ki baat karte ho hamne to hindu ladkiyo ko zinda jalte hue deka h sale shadi se phele mang karte h ki kitne lakh ki karoge phele apne ko sudharo fhir dusre ko bolna,1
Bhut achha ji bilkul khane pine koi pabandi nahi hona chhye pabandi hona chyye bas craption m gudagiri dada giri blatkar m n k bhojan m,0
झि थू हॆ कॉंग्रेस पर जो 100 सीट k लिये छोटी सी राज्यसत्ता की party के आगे मिमिया रही हॆ.    पप्पू भला हो तेरा.  Feuture में कहीँ 10 सीट भीख में ना मंगवा दें मोदी जी 😜😜😝😄😄😄,1
Mai Hindu hu Muslim mera bhai hai Christian mera bhai hai sikh mera bhai hai hum sbko ek hona hai mere pyare bhaiyo humko apne hi Ghr. Mai koi Jhgda nhi krna Meri yhi yhi khwahish hai Agar muslim sikh Hindu Christian sb k Ghr mai prblm hai toh sb ek sath ho kr solve kr kre ye Ladai jhagdee mai beksur Hindu muslim sikh christian maare Gye bache anath hogye Ghr brbaad hogye,0
जितनी आजादी पाकिस्तान में  पाकिस्तानी हिंदुओं को मिलती है  उतनी ही आजादी  भारत के मुसलमानों को दी जानी चाहिए  तब जाकर इन मुल्लों को  आजादी का मतलब समझ में आएगा भिखारी को जब  जरूरत से ज्यादा मिलता है तो  वह उसका कद्र भूल जाता है यही हाल भारत के मुसलमानों का है जय श्री राम,0
Jo log faltu bateein likh rahe hai modi ji ke liye woh true indians nahi hai,1
"Modi ji ab bhi waqat hai, @least Pak Govt se direct bat kar ke jo kta hoa ang lekar gye hain usko wapis lekar shaheed ke priwar ko sopne ke liye.. Pleeez Pm ji seriously kuch kro.....",1
Suar ke choda hai sala.... Tere muh khone ki aukad nahi,1
Izzat Hindustan m mila h tmko sahwag .log ko beizzat mat karo warna kaha jaoge log dhund v n jayega,1
hm toh keh he rhi thi 😊😊,0
"70 saal choro ko zhela hai desh, 50 din to u nikl jayenge",0
दोपहर 2 बज चुके हैं और इसके साथ ही दिल्ली विधानसभा चुनाव के लिए वोटिंग का आधा दिन खत्म हुआ और इस समय तक विभिन्न विधानसभा क्षेत्रों की वोटिंग प्रतिशत कुछ ऐसी रही।,0
मौलाना साहब राजनीती न करो।अपना काम करो।,1
"Bas laisanc rad  kar do  or koe    aarmy  parivar  ko  dedo,,,,",1
ये आदरणीय सिर्फ उमर की वजह से रह गये है...,0
Agar mangna hai to rakhsa mantri ka sir mango pm ka sir kyun k yahi jimmedar hai hamare desh k jawano ko marwane me....Khud to sale Jake chai peke ghum k desh ka paisa duba k ate hai Badi Badi bate chodte hai....Kis neta ka beta ya pariwar ka ek sadasya v hai Kisi v army BSF ya kisi v defence me nahi na Marne k liye hum jaise aam admi hi kyun mare Raaj kare ye sale ......,1
Kya be pagle kya haal hai,1
"+91-9660919340 प्रेम-विवाह }}{{ मनचाहा प्यार }}{{ काम-कारोबार }}{{ पति - पत्नी में अनबन }} +91-9660919340 लव मैरिज ,वशीकरण, सौतन दुश्मन छुटकारा ,पति पत्नी अनबन गृहक्लेश ,कर्जा मुक्ति , ,निःसंतान, एक बार फ़ोन जरूर कर Call Now +91-9660919340",0
Kuch govalkar aur din dyal upadhyay ne v kuch kaha hai  ha ha ha,0
Home minister ne in Hamlo ki kadi ninda ki hai.or kaha hai ki jawano ki kurbani Maya nahi hogi....waah re BJP,1
sahi kaha aap ne en salo ne bas desh ko jait waad me pure desh ka waat laga diya hay salo ne,1
Ye hai delhi meri jaan,0
अपनी सरजमीं पर पिछले एक वर्ष में पहली बार टीम इंडिया कोई सीरीज हारने की कगार पर है. इंग्लैंड के खिलाफ रविवार को होने वाले दूसरे टी-20 मैच में जब मेजबान टीम मैदान पर उतरेगी… #INDvsENG,0
Hum iski ghor ninda krte hai... Or sirf ye hi karengye - Bjp,1
शायद अगर किसी को इनकी सलामती की इतनी ही परवाह होती।और इसकी माॅग उठती तो योगी को कोई एतराज नही होता। यह तो योगी है। इनको तो वह सब करना ही होता है जो उस पीठाधीश्वर के लिए आवश्यक है और यह साधारण हिन्दू और गृहस्थ से भिन्न है,0
"Aaj congressi bhi bol rahein hai, wah wah  JNU ke naksali ko toh puchkarte ho",0
अगर आप वाहन चालक  है तो ये आपके लिए है । सावधान हो जाईये आज ही पता करे आपका वाहन RTO मैं किसके नाम से रजिस्टर है । एक Android App जो आपके वाहन की पूरी डिटेल्स देता है ।  https://play.google.com/store/apps/details?id=registration.vehicle.com.vehicledetails,0
"Anna ji ab aapki nai chalegi!! Congress k waqt bahut chillarahete, Ab kya howa sab thik hogaya kya??? Janlokpal bill pass hogaya kya??? Curruption kam hogaya kya??? BJP k agent!!!",1
इसी तरह फौजी मरते रहे  देश तोड़ने के कार्य करने वालो पर चुप बैठे रहोगे  तो 2019 भी नही देख पाओगे,1
"इटली में भूकंप ने हल्के झटके, किसी नुकसान की खबर नहीं",0
Modi modi modi modi modi modi modi modi modi modi modi modi modi modi modi modi  Khub chillao modi modi  Desh men jwan mar rahe wo modi sun raha ki na sun raha,1
Jnu ko tala lagao left Congress ye sab kar rahain hain,1
"Tarik fath ne desh ko bataya ki ashal me Muslim such me kya sochta hai, Abe gaddaro, nikal jao es desh se apna islam le kr, sale chor,",0
Phir wapas kaise aaye gaa..... Waha jaa kar chadi koli Jaye go .... Nuni check ho gi,1
"Fraud, thts it. Aise main bhi keh deta hu, modi amit shah jaitley are bigger frauds. Lol",0
Long term program chal raha hai ....... Sena toda  aur care Se kaam kare,0
Pak army par itna proud  ha Naveed Shahid  ye vo hi army ha jis ke 95000 bujdil saninko ne 197l ke war me apne ghutne tek kar apni jan ki bheek mangi thi or india ne pak ke 2 tukde kiye the or is baar itne tukde hoge ki gin bhi na payoge,1
Hindustan jindabaad tha Hindustan jindabaad hai or Hindustan jindabaad rhega,0
"Hahaha jahilo jesi shakal hey s baaby ki,buddha,nanga jahil.... hahaha",1
Sena ka camp hona chahiye..shaharome camp lagakar javanoko..rastese doudate he..agar camp udhar lagayenge orr ..sidha order ho..shikarr karo jangale me..akhir kitane sal ye chalayene...srilanka ne kya kiya..,1
Moinak Saha jawab  do,0
"ab bahat howa aur nahi rona hai....aur nahi sardhanjali dena hai,,.........????ab sale harami ke pillo ko jake ghoske marna hai................ab ooh log apni hat par kar rahe hai.... PARA SF(ARMY)...MARCOS( NAVY)  , GARUD FORCE (AIR FORCE)  sab ko oder dena hai bas ....baki onka KAM TAMAM HOO JAE GA",1
अरे अभी भी समय हैं   जनता को मूर्ख समझना छोड़ दे,1
Yar ap qabar ko join karin AP kin kaam per lag gaya haij,0
"Unki purani film dekhte hi lagta h ki aj v wa humare saat hi h,is industry me h yakin hi nhi hota unke na hone ka... aaj hi unki film dekhi 'mere apne' meri pasandita film me se ek thi, film dekhte hi ankh var aai...sach me aap bahot yaad aayenge Binod sir...😞😞😞😞",0
"Ha ha ha ha ha ha ....... ye to sab bhartiyo ko pata hai  Balki ab to Nepal , Bhutan , China , america , Russia , France or duniya ke aadhe country's ko pata hai mamu",1
15 अगस्त को वाघा बॉर्डर पर पाकिस्तान के साथ मिठाई नहीं बांटेगी बीएसएफ,0
Modi ka bijay rath to age badh raha hai mgr desh nahi,1
ए बी पी न्युज वालों मुहतोड़ जबाब का मतलब जानते हो या वैसे ही भौकते हो ...,1
Maine toh kissi ka favor ni kiya tum hi uchal rahe,1
Bollywood m ab  Hollywood ka chalan hone vala h...ab  zyadatr aisi movie banengi q ki require ment hone lgi h,0
बड़ी खबर : यूनिफॉर्म सिविल कोड की अड़चनें....वीडियो देखें...http://khabar.ndtv.com/video/show/badi-khabar/330259?KhabarFB=007,0
ये बिहार में होता तो भक्तो का नंगा नाच देखते।।।।।।56 इंची सरकार है देश मे भी ओर प्रदेश में भी,1
Us raat tere papa k jageh mera sperm gya tha use of technology  Aur tere papa ko pta v na chala 😂😂😂 Chutiya,1
khair modi bhakto se bat karne ka koi faida nhi gaur karna zara or aaage aage delhna kya haal hota hai,1
kaya kahe bhai log hame samgh me nahi aata kau ham log apna kimte samy in actro ki pechi bekar karte hai .kisi bhi actor ka movi cinema hall me mat dekho .koi kahi ha raha hai to jane uske peche kau bhag rahe ho .tabhi neta aur actor janta ko apne esare pr nachate kuki ye log bakare hai aur ghund me chalte hai.,1
@vishal bas sattar sal sattar sal ka nara lagao aur khud ko aur desh ko chutia banao abe zara bhi sharam hai to dub mar,1
Ye saale media wale..... haramkhor kabhi nhi sudhar sakte ....,1
"मोदी जी, आप का संकल्प कहाँ गया । देश को जो सपने दिखाए थे, उसका क्या हुआ । काठ की हांड़ी सिर्फ एक बार ही चढ़ती हैं ।",1
Sathi hath badana ek akela badd jayega milkar brake lagana...yeh log imaandar logo ko brake lagane ke liye ha..chor chor masere bhai..,1
Kya bhai kya bol rahi ABP ancar funny likha hai ki shahid aour bol rahi hai ki injured,1
Sarkar ko sakti karwae karna chaeya,0
Quki apni maa chood  chood kar thak gaye Ho bhadwo😂😂😂,1
तिनो को भी लेना चाहिये एक एक को चा देना चाहिये तिनो की जगह अलग अलग है।,0
Ye Mehra madrchod kuch v bake jaa rha hai abe bharwe BJP ka gaand ka baal nhi khich skta koi waha,1
Is bar v netao ki traf se sirf shok aur ninda hogi aur t.v pr debet hoga.fir bate purani ho jayengi,1
Banda isilie ro raha hai kuki use bh pata hai bike rulaegi,0
आवश्यकता है लडके एवं लडकियो की pantjali heath care में (राज्य एवं जिले अनुसार) हेल्पर- 8500+OT+ रहना+ खाना सुपरवाइजर- 12600+OT+रहना+ खाना (अनपढ से ग्रेजुएट तक)[उ०प्र० एवं बिहार मे and other states] सम्पर्क नं०- 7991766327 ( whatsapp),0
"लुटो और लुटो , , साला  पब्लिक के पास बहुत माल है , , तभी तो इतना  महंगाई पर भी बीजेपी को majority मिल रहाहै।",1
"Thoda sabr to kro 56 inch ka nhi,106 inch ka dikhayege, tum logo jaise 70 salo ke gaddaro ki jad tak pahuchne do,",1
Bhul jao UP wale bhe aisa bol rahe the dekh lo BJP hr jagah ayegi mamta ka namonishan khatm,1
"Hamein history se seekhna chahiye. Government ko badhawa do agar wo accha kaam Kare, criticize karo agar kharab policy laaye. hero worship mat karo.",0
Chal be RANDI ki OLAD RANDIAN,1
Jai hind sat sat naman .tamil janata ko  aapki kami hamesha khalegi.,0
Hum educated loag kab kaam I ge hum logo ko sikhai ge,0
100% mili Hai aour BJP Satta ke Liye Andhi ho gayi Hai!!!!!,1
Itna ghamand  sahi nh h galti insan se hoti h aur usne social media par mafi bhi mang li h sunil ek acha actor h par uski ye bt theek nh h wo alag hokar kuch bhi nh kar payega tali dono hath se bajti h ek tali kapil tha aur ek sunil,1
Pehle ladka roya ab ladki . Itta dukh kyu he bika ka inko,0
Hafeez Saeed bhi Hindu h... Vaah! Laden bhi 😂😂😂 tumnae pehlae terrorists paale ab tumhare he control mein Ni h voh 😂😂😂,1
Kya hua tera vada bhrashtachar par tera irada,1
"मुझे हमारी युवा पीढ़ी की चिंता हो रही है। ड्रग्स, नशा एक ऐसी भंयकर बुराई है, जो अच्छों-अच्छों को हिला देती है : पीएम मोदी",0
"Sanghi dalal kaise AAP join kar leta-Desh ko sabse jyada chutiya isi ne banaya hai,iske lokpal wale sapne ko modi sarkar ne laat mar di lekin ab ye chup baitha hua hai",1
केजरीवाल को जनता ने अच्छा पाठ सिखाया। ऐसे उद्दण्ड और अराजक लोगों को इसी प्रकार तिरस्कृत करना चाहिए।,1
Sirf doubt pe na pakda jaye .isse zindagi barbad ho jati hai.,0
Cara ghotala to nahi kr rahe tumahari Tarah,1
11 hazar log mare gae?,1
Sabhi jeetane waale logo se nivedan h ki plz jitane ki khushi manane k bajaye sukama shahido ko shraddhanhali de Jai hind,0
Mara zrur hay lekin jism k sath koi Napak harkat nai ki . India tu iLzam lga raha hy k hmary fuji ka Pakistan ne sir ALag kiya hay .....,0
Kuch bhi kaho ye kattua log ek aur tukra karwaega desh ka.,1
Wo  sab theek  hai  net   pack  ka  paisa   kaun  dega   cashless  k  liye net  jaroori  hai   aur  net  k  liye   android  mobile  ?,0
Azan to maya aur mulayam padenge,1
"Kejriwal ko thoda sochne ki jarurat hai ki kaha gadbad ho gayi,  abhi unke paas acha khaasa time hai, sab or se Dhyaan hata kr sirf Delhi ki taraf Dhyaan de aisa kuch nahi bigdaa jo sawar naa sake,  but wo befajool ki cheezo se bache",0
Salo kitna pagal bnao gay janta  ko ..cash ko police ne khud loota ho ga ...bcoz police n bola militant ne sirf raifal looti hain. Ap media wale pura opposite bol bol k India ka burra hal bana diya,1
Rajnath Singh ko istafa de Dena chahie.inse nahi samhalata Kasmir samasya.,1
Sir arvind kejriwal ko bolo k vo istifa de or fir ballet paper se vidhan sabha election kara le agar unhe itna hi confidence hai to,1
Ese logo ke liye to public and gov transport hi band kr dene chahiye ...,1
Vinay Gupta.....tum lashkar bhakt apne jija hafeez saeed se puch lo😆,1
आवश्यकता है लडके एवं लडकियो की pantjali heath care में (राज्य एवं जिले अनुसार) हेल्पर- 8500+OT+ रहना+ खाना सुपरवाइजर- 12600+OT+रहना+ खाना (अनपढ से ग्रेजुएट तक)[उ०प्र० एवं बिहार मे and other states] सम्पर्क नं०- 7991766327 ( whatsapp),0
हद हो गई । बिहार के ब्युरोक्रेट पुरे देश में अव्वल है पर तुम्हारे जैसे तड्डीपार को समझ में नहीं आएगा।,1
"#BreakingNews दिल्ली कैबिनेट की बैठक में हुआ फ़ैसला, डेंगू पर जागरुकता के लिए भेजे जाएंगे एसएमएस",0
Atif Malik gujraat me jin logon ne dunga kiya tha woh jailon me sad gaye hain,1
Badnam Gujat  ya khaber sifraf ap kay media nay di hay hmaray media ya army nay to iss khaber ko denie kea hay.ap kay media ka dono countries may dushmini kerwanay may sab say braa hath hay,1
yahin se dekha tha video :|,0
Dur ke dol suhavne lgte h,0
Bhagwan ji ab aap ko kuch to karna hi padega,0
Kisko msg dena chah rhe ho bhai😝,0
आवश्यकता है लडके एवं लडकियो की pantjali heath care में (राज्य एवं जिले अनुसार) हेल्पर- 8500+OT+ रहना+ खाना सुपरवाइजर- 12600+OT+रहना+ खाना (अनपढ से ग्रेजुएट तक)[उ०प्र० एवं बिहार मे and other states] सम्पर्क नं०- 7991766327 ( whatsapp),0
inki bahu aur betiya bhi purani ho jay to unke damad ko unhe des ki janta ko sop dena chahiye......................,1
मैं कहता हूँ मुझे एक वार permission दी जाये . मैं इन साले पाकिस्तानियों के सार काट काट के   डेर लगा दूँ ... मेरा खून उबालें मार रहा है ..  आप कैसे  नौजवान हो ....सिर्फ डोले शोले निकाल कर गुमने वाले ...  पेँचोद वो साले 2 4 कुत्ते पाकिस्तानी   हमारे फौजीओ   के सार काट कर ले जाते हैं .  आप भी  पेंचों बन जाओ आतंकी काट दो  साले पाकिस्तानियों को  ... गुस  जाओ पकिस्तान मे  लहू लूहान कर दो  पकिस्तान का ..खून की नदियाँ बहा दो   .. ......,1
Satta gayi......... Magar akad abhi bhi kayam hai.......Kabhi bina Modi or bina Yogi ke bagair bhi Baat kar liya kar tandurust rahega.,1
सर हमारे सैनिक सहीद हुए नापाक के आतंकियों ने जो बरबरता  दिखाई वो इस्लाम में हराम है इससे ये साबित होजाता है की पाकिस्तानी  आतंकी जिन्होंने हमला किया ये इस्लाम को नहीं मानते  पर हमारे सभी मिडिया हॉउस अलग अलग  समाचार दे रहे है कोई कहता  है हमने पाकिस्तानी की 3 चौकी उड़ाई कोई 2 बता रहा है कोई 4 कौन सा न्यूज़ चैनल सचः है ?,1
itni badi beemari ke baad birth day to banta hai,0
मोदी जी  का  काले धन पर सफाई अभियान,0
Indian media reports k mutabiq 13 jawan patroling kur rahy thy jb BAT ne ghuss k 2 ko maar k sur kaat liye . Yahan yeh sawal bunta hai jo koi indian nehi dega k baaki 11 buzdil jawan iss doran apni geeli pents lekar kahan chup gaye thy?????😂😂😂  Chalo maan lia k pak army ne chup k attack kia hoga magar 11 fouji muqabla kurty toh Sir toh na katy jaty becharon k ..... bhartiyo jawab do 11 buzdil kahan bhag gaye thy tb????😍😅✌💕 esay khtay hai ghus ky marna,1
Jawano ke badle Kutton ko Kashmir bheja jaye.. 😂😂😂 Maja aajayega roz roz encounter me Jihadi ka khatma hoga✌👌👌😍😘,1
Apne is veer jawan ko sat sat namanJai Hind salute,0
OH VAI CBC ke cameraman in logo ko samne se haat ne ke liye bolo ji,1
Abe bhai yeh Bollywood mei nhi tollywood se h,0
yaha shot khelna hi ek challenge hain.,0
कोई बात नहीं दिल से आप के साथ हैं।,0
Shivpal g cm bnne ke pure gun nzr aa rhe hai,1
Bilkul sahi comment kiye kundan jee,0
Aj kya Mr. Rahul Gandhi ko yaad nahi aati us Ganon ki janha wo Tasla udha kar sukhi roti kha kar raat bitayi thi. Hum sab bhul gaye hai ki is desh me Dr. Rajinder Prasad or Lak Bahadur Shashtri jaise log bhi the.Me kisi party vishesh ke bare me nahi keh raha par hame khud kuch karna hoga nahi to Dolar se mehnga Petrol or Pyaj Kharidna hamahi Majburi ban jayegi or hum siwaye face book par dekhne or likhne ke siwa kuch nahi kar payenge.,0
"चोरी , बेईमानी , भृष्टाचार , दमन , आदिकाल से हैं , और अनन्त काल तक रहेंगे ।  ये कभी ख़त्म नहीं होते , बल्कि ट्रान्सफ़र होते हैं , एक कमज़ोर से शक्तिशाली की तरफ़ ।",1
Ye kya baat huii yaar,0
Hahahaha jasy pahly sir gi kal strike ki the wsy,1
Sambit patra pawan kheda ko bhagao debate se or break lena bend kero aap bhi.,0
ऐसा ही सबका जान जाता रहेगा नरेंद्र मोदी के सिर्फ आसन हैं हम एक मारेंगे तो तुम्हारा सही मारेंगे यह झूठ है हमसे मारेंगे तो उसका एक मरेगा यही सही है,1
Jaitley ko ladwao MCD...pakka harega😂,1
Srinivas prasad rahe na ghar ke na ghat ke..,0
Abe kuch dikh nahi raha,0
नेपाल के प्रधानमंत्री केपी ओली ने संयुक्त राष्ट्र में मानवाधिकार हनन का मुद्दा उठाने को लेकर भारत पर प्रहार किया #Nepal,0
Ali Waqas govt se nafrat nikalne k liey tuje Indian page mila hy.Allah Pak aram de,1
Ha tu hi evm ki supply krta h sala chutiya,1
😂😂😂👍👍👍👍.. bhai chutiya banne ki b limit hoti hai.. tum to infinite limit leke baitho ho kya.. sari zindagi chutiya banoge kya us chutiye se,1
Ye madarchod bahut bada dramebaaz hai chala kyon nhi jata .,1
Pote atyar sundhi su karyu che e jo,0
"मोदीजी के नामसे गुर्गे ,लड़ाके बहुत ही घायल हो जाते गुरगे मे और भक्त मे बहुत अंतर होता है !",1
Tum chahte hi ni k pahuche ....... Tum baniyo ke paass yojnaye pahuchana chahte hooo .....,1
Yeh log intezaar kar rahe hai.....ki bhagwan khud aa k bike launch karega,0
जो आैरतो की ईज्जत नहीं करता  वो हमारे देश का प्रेशीदेंत नहीं हो सकता,0
मोदी जी अमेरीका का राष्टपती चुनाव भी जीत सकता है .... बस चुनाव वहा भारतीय EVM मसीन से होना चाहिये,0
Ravis kumar aap siryashoke sbki bend bjateho  dhanyvad sar,1
Jo hue hai apni khushi say hue hai.,0
योगी आदित्यानाथ से दिल्ली बीजेपी ने 2 दिन 19 और 20 अप्रैल को दो जनसभाएं करने का आग्रह किया है. योगी आदित्यनाथ का नाम बीजेपी के स्टार प्रचारकों की लिस्ट में है. अभी तक योगी ने… #Delhi,0
"Abe tm to news aese dikhate ho,jaise ki election tmhi fight kar rhe ho!!!!!",1
*JOB JOB JOB**_```मुझे कुछ 50-100 ऐसे लड़के - लड़कियों की ज़रूरत है जो कि मेरे साथ टीम बनाकर अपने घर में बैठ कर काम कर सकें । काम केवल फेसबुक और व्हाट्स एप पर एड पोस्टिंग का है।```_**_```काफी अच्छा पैसा कमा सकते हैं बिना एक भी रूपया लगाये अपने पार्ट टाइम में । अगर आप इच्छुक हैं तो मेरे व्हाट्स एप 'JOB' लिख कर भेज दें।```_**(+919555486359)इस नंबर पर ।**_```नोट:- सिर्फ ऐसे लोग सम्पर्क करें जो मेहनत करके कुछ पाना चाहते हैं । बिना कुछ किए पाने की इच्छा रखने वाले मुझसे सम्पर्क न करें ।```_*,0
"JOB...JOB...JOB... आइए digital india से जुड़िए अपने Andriod mobile से अब RS 5000-50000/महीना कमायें. बस आपको Advertising करना है. और कम्पनी आपको हर माह आपके बैंक एकाउंट मे रूपया देगी... बस आप इस whatsApp no. +917073030555 पर ""JOIN"" लिख कर send कीजिए",0
"मेरठ में नेशनल शूटर के घर छापा, 1 करोड़ कैश के साथ नील गाय और दूसरे जानवरों का 170 किलो मांस बरामद...",0
"Digital india से जुडिये  अपने Android mobile से   अब Rs. 15000-50000/महीना कमायें.  बस आपको Advertising करना है.  और कम्पनी आपको हर माह आपके बैंक एकाउंट मे रूपया देगी...  बस आप इस whatsApp no. (8533832190)पर ""JOIN"" लिख कर send कीजिए.",0
"Indian Express jab malda, bangal me hinduo ko jalaya gaya tab teri maa mulle se ch**wa rahi thi kya",1
Koi  ek  sidhant  nahi  h.,0
Jo mera hae! Mera to wo bhi nahin hae; to mujhay tumharay mahloon se Kia.,0
Ye Delhi ki janta ki jeet Hain ek Bharat shestra Bharat ab ye bjp ki zimedari hain ki delhi ka vikas kare,0
Bhai jaan Tumhara Gand kun jal raha hay CPEC se?,1
"सिर्फ संसद में बयान ही देना है, बजाओ ईंट से ईंट",1
"Oo la la la le lo, Oo la la la la mooh mein lo.",1
isse better hota national anthem chala ke launch krte.... sale bhi badd jaati .,0
"न हो साथ कोई अकेले बढ़ो तुम, सफलता तुम्हारे चरण यूमेंगी",0
"हम्म्म.....इसको पाकिस्तान की बहुत चिंता रहती है। इसका इलाज करवाओ, ताकि कभी देश हित में भी बयान दे सके।",1
BHai Anup Sharma koi jeetai ya na jeetai usee koi fark nhi pd ta hai..bcz hamre Indian players bhI hai usme...,1
bataao aisa prachaar hoga toh kaun congress aap ladegi.,0
Mera desh badal raha hai,0
assam k logo ko thx......beta ndtv wlo tv ki screen black kr k shup jao...award vapisi gadari gang afzal gang kha gay,1
"JOB JOB JOB →मोबाइल से 10000-50000 रूपए..  →प्रति महीनें कमायें बिल्कुल फ्री, तो →Play Store से *Champ Cash* →App को डाउनलोड करके अपना →रजिस्ट्रेशन करें। →Referal ID मांगने *14606214डालें.* --> 7 से 8 app डाउनलोड करके 2 मिनिट तक खोलें. -->जोइनिंग करते ही 62 ₹ मिलेंगे.",0
ek taraf congress murti dhakva rahi hai aur dusri taraf sahanbhuti vyakt kar rahi hai.,1
"अब RS 50000/महीना कमायें. बस आपको Advertising करना है. और कम्पनी आपको हर माह आपके बैंक एकाउंट मे रूपया देगी... बस आप इस whatsApp no. +919730746998 पर ""join"" लिख कर send कीजिए. join this job & change your life.....",0
Dalito ko jab tak reservation milta rahega tab tak bhedbhaav hota rahega,1
Bhagwan sir ki atma ko shanti pradan kare,0
Ab ye bhi BJP me join karne ka planning kar raha hai sabko chutiya bana ke....,1
Congress ki den hai ye,0
Bhai ye Congress nahi hai tuje malum bhi ho gaya ki 45%ha ha ha Congress malum he ispe itana gotala hosakhata he good experience gotala me Congress ko to maharth he,1
aaj tak balai jitna smy jha faltu mai barbad krtai kyo nhi seema pr ja cid ja fir ghatk nzr kyo nhi tikati,1
Ferji degri walay jab pm rah sajtay h to AK m kya problem h,1
Shashwat Sharma teri tou JAL krr phatt gyee =D :p,1
"मुझे  आज तक समझ मे नही आया कि पक्ष एर विपक्ष मे कया अनतर  है पहले यहीं  शब्द  कागेरस के नेता बोलते  थे कुछ लोग  कहते कि मुसलमान  अंग्रजों  से डरते है तो अब हमे या तो फिर से अंगेजों  को बुलाओ या इन सालो कि माँ  को वहां भिजवाओ जिससे ,,,,,,&&&&@@@###?",1
"IPL KKRvsRCB: बेंगलुरू की बैटिंग शुरू, क्रिस गेल और विराट कोहली हैं क्रीज पर",0
Mai kavi v apna voted id card nahi banaya bt apke liye sirf apke liye banaoga,0
tumahari maa bhee to purani hoo gai hai kya uski mamta kam hui?,1
कड़ी निंदा ..#राजनाथ सिंह ..,0
Saath shaal tak jo log  malaai khaye hain  ye sab usi ka natija hamaare desh ke jawan uski keemat chuka rahe hain,0
यह काम कोई सामाजिक कार्यकर्ता भी कर सकता है ।,0
Bkar prvkta bolna aata nhi aklesh ki chamci ban rhi thi,1
भारतीय मूल की ब्रिटिश महिला ने बलात्कार और यौन अपराधों की पीड़िताओं के लिए अपनी किस्म का देश का पहला मैटर्निटी क्लिनिक खोला है. क्लिनिक खोलने वाली महिला खुद भी बलात्कार का दंश झेल चुकी है...,0
Kea hai yr kea skun see ni rh skty tm log,1
Ab Kya soch rha h Des ab ghr me ghuske mar na chahey,1
"जिन दिनों में "" वन्दे मातरम् "" का नारा लगाना गुनाह माना जाता था, उन दिनों में इलाहाबाद का "" आनन्द भवन "" स्वतंत्रता सेनानियों का अड्डा हुआ करता था।",0
Tmhare saath sex Itna low standard ni h smjhe Sale hr baat pe sex Kyu be tre desh me ladkiya ni h Ohh sorry  Sbko to spoil kr k rha h tm logo ne  Ladkiyo ki izzat to h ni,1
hum hindustan ki sare bhaii behna apke sath he modiji,0
India ki kismat karab hay jo appko samj nhi pa rha india ko aisa pm mil nhi sakta,0
आणा जी योगेंद्र यादव जी शांति जी प्रशांत जी आगे आगे देखो कोण कोण बाहर जाता है,0
तुम जेसे मुल्लो से और उमीद भी क्या कर सकते है जा un एक बार अमेरिका जा तू देखते तेरे साथ वह क्या करते सुना है की मुल्लो को वहाँ सुधार दिया जाता है,1
"चेन्नई वनडे : टीम इंडिया को पहली सफलता, हाशिम अमला को मोहित शर्मा ने किया आउट, स्कोर 36/1 http://khabar.ndtv.com/news/cricket/freedom-series-india-vs-south-africa-4th-odi-at-chennai-1235127 लाइव स्कोर यहां देखें : http://khabar.ndtv.com/leaf/cricket-scorecard/filename/insa10222015179423 #INDvsSA #4thODI",0
Itne me to undertaker ki bhi  entry ho jaye GI,0
Inki saath aisa hi hona chah balki or ek hai jo inki akl thikane laga dega,1
बद्नाम ह्यूमन अगर ये #आप छोड़ दे तो तू खुश होगा या मजे लेगा की #AAP में टूट पड़ गई बोल के😂😂😂😂,0
"माँ बाप को मत घसीटो रे मादरचोदो बिच मे एकमेक को जितनी गालीया देनी है दो ,,",1
देखेंगे देखलेगे देखना होगा कड़ीनिन्दा करते हे  जुमला ओर बस,1
Utregi kia bjp jit jayegi yeh to pahle se set kar rakha h h,1
Abki bar sidhe aar ya par.lahore me ghus k maro hijado ko,1
Bhaijan jaise hr cheej achhi dekhte dekhte ati ho jati h to ati hr cheej ki buri hoti h to dekh lete h pr ha ye achha lga ki aapne reply ak achhe insan ki trha diya .Mai sirf ye hi khna chauga ki achha bnne ke liye dusro ko bi achha samajhna padta h.,0
शेयर बाजार में उतार-चढ़ाव के आसार.... http://t.co/BqY8QOjbTE,0
Vinay Gupta.....acha aam admi party ka dalla hai....ab mai samjha .....bolo ab anna hazare bhi bura....usne kanjarwal ko ulta suna diya,1
Mithun tera profile fake hai,1
"आइए digital india से जुड़िए  अपने Andriod mobile से   अब RS 15000-50000/महीना कमायें.  बस आपको Advertising करना है.  और कम्पनी आपको हर माह आपके बैंक एकाउंट मे रूपया देगी...  बस आप 9796392313 whatsApp no. पर ""JOIN"" लिख कर send कीजिए.",0
Han lekin bada gandda auphar hai,1
Tum ghatiya soch wale  admi  kis  school se ho  zara  naam  batao,1
Bikau media abp ya ye kahu ki ye chainal bjp ka hai,1
Sonu ji main apko samajhdaar samajhta tha.....,1
रामचँद्र कह गए सिया से...भारत मेँ ऐसा गदर्भराज आएगा...एक गधा दिल्ली बैठेगा....एक यूपी मेँ राज चलाएगा...जुमलोँ से फिर देश चलेगा....अँधोँ मेँ काना राजा कहलाएगा,1
Sarkar ko quick action lena chahiye     2post udaane se ni smjhenge yeh maadrchodh,1
मंदिर वही बनाएँगे।  । जय श्री राम ।  जय हिंद।,0
Jawano k sath zalimana soluk sena k ala adhikari bhi kr  rahay hn aor ilzam laga detay hn dushman sainikon pr kaun dekhnay jata hai.  #BhagwaAtank pooray desh mn phail chuka hai. BhagwaAtanki Election Commissioner k karyalai mn bhi ghoos kr election mn dhandli karwa rahay hain.,1
देश के खातिर एक ज़वान शहीद हो गया । tv चैनलों को 8 दिन तक बहस करवाने का व एक दूसरे पर आरोप लगाने का बहाना मिल गया । जिस परिवार ने अपना एक बेटा खोया उस परिवार क्या गुजरती है वो वहीं जानता है । tv चैनलों ने पहले जो जवान शहीद हुए है उनके घरों मे जाकर कोई खेर खबर ली है । आपके लिए तो केवल दिल्ली ही देश है । बाकी कुछ भी नही ।,1
Abh congress k koch.neta bolega Yea diggi ka personal bayan hi. Congress party se iss ka koi mtlb Nahi hi. Yea bolkr congress diggi ke iss batt ko unofficially support karega.,0
Indian express ek bikau newspaper jiske Malik ek congressi hai Jo suwar ke chatne wala dogla hai... Jai Modi,1
Raghuwar das Jo V jante hain apne mla ke bare main.. par bolte NH..,0
Ab bolti band hai is chor Chai wale ki.  Saala jhoota,1
Prem to karta tha pr ab nahi karta hu tumlog dost bankr pith me chura maarte ho dagabaazo,0
all the best zaheer bhai ab to boling sahi hogi,0
कांग्रेस के वरिष्ठ नेता पी चिदंबरम ने रविवार को कहा कि संगठनात्मक ढांचे के मामले में उनकी पार्टी का भाजपा-आरएसएस से कोई मेल नहीं है.,0
"सही बात है कि यूपी में नेताओँ की कमी नही हैं, लेकिन आप की पार्टी में कितने सीएम पद के लिए उपयुक्त नेता हैं ।",1
Pichle 15 saalo se public preshan  kisse mcd se mcd kiski bjp ab bjp  wale kya khenge kejriwal ye hai vo hai sare bjp wale puri takat lga denge public ban bhi jayegi chutiya kyoki abhi modi ji jhoot thode bolenge...agr unhone kh diya bhut kam hua hai to hua hai puri Delhi saaf hai koi kachra nhi...Kyo andhbhakto,1
Attanvaak ka koi dharm nahi rahta,0
Ye sab show ka paisa bike kharidne ke time pe vasul karega bajaj,0
📢📢📢नौकरी नौकरी नौकरी 📢📢📢  🔴मुझे कुछ 50-1000 ऐसे लड़के - लड़कियों की जरुरत है जो की मेरे साथ टीम बना कर अपने घर पर बैठ कर काम कर सकें काम सिर्फ फेसबुक और व्हाट्सएप्प पर ऐड पोस्टिंग का है ।  🔴काफी अच्छा पैसा कमा सकते है बिना एक भी रुपया लगाये अपने पार्ट टाइम में।  🔴अगर आप इच्छुक है तो मुझे व्हाट्स एप्प (WhatsApp ) पर मेसेज करे लिखे JOB और भेज दे। (+919890470998 ) इस नंबर पर।  🔴नोट:- सिर्फ ऐसे लोग संपर्क करे जो मेहनत कर के कुछ पाना चाहते हैं बिना कुछ किये पाने की इच्छा रखने वाले मुझसे संपर्क न करे,0
In logon ko kya maloom izzat kya chz hoti ha ya apni betiyon ki tangn dkha kr psa kmaty hn.gaiy ka pishab piny wali qoom ha ye gaiy mata aur bail pita shri hn in k.jo janwar ki nsl ho un ko gali wali se koi frq nai prta.,1
Swiss bank ke account ke paise kab aayenge pm ji,0
A video clip turkistan ki hai...keya sab fake news hai yar,1
Satta ka durpayog karake arabpati ban gaya ye harami,1
Logo ke sath selfie khichane aayi hongi kutte ki maa,1
इस दलाल मीडिया को ही सीमा पर भेज दो कम से कम देश के लिए कुछ करो अबे दिनभर दलाल भी करते हो तुम लोग,1
Hamari sarkar ko do kaam ata hai kadi ninda aor thos kadam   aor midiya a jati hai teen talak par  bikau midiya,1
Is samay bjp k khilaf khari kisi v party me dum aur daam dono nhi hai. Isliye paise k lalchi neta sidhe sidhe apni party join kar le. Ghum ghuma k bahane banane se kya... Public sab janti hai,1
Kash ke baki news channels bhi kaam ki bat kre TRP to apne aap milti h ...Molanao or Pandito ko daily ek hi bat PR fake argument krana band hona chaiye,1
Isske 11 BJP CUM ISI agent k kaam lagra yeh .woh loog ko clean chit milgi,1
ये पाक अपनी कायराना हरकत से बाज नहीं आ रहा है और हमारे देश के नेता हर वक्त वार्ता की बात है ऐसे दहशत गर्दो पर फौरन कारवाही करनी लाजमी होगी हमारी स़स्था शहीद परम जीत को श्रद्दांजलि अर्पित करते हैं समाजिक संस्था अवाम ए हिन्द सोशल वेलफेयर कमेटी,1
Grt modi Sir ek baar fir se fan hua main aapka,0
Maaro mullo madrchodon ko Aur maaro,1
गांड में दम  नहीं  हम किसी से कम नहीं l,1
जो लोग चारा घोटाले में करोड़ो रुपए का घपला करते हैं आज वही लोग एक रोड शो की बात कर रहे हैं 😂😂😏😏,1
mohd bhai kll ka news dekho pak ki 7 post udda diye gaye h,1
Modi ji ka janam is desh ka udhaar karne ke liye huya hai ab na congres ki chlegi ram ji ki kirpa sdaa hi un pr hai aur pura desh modi ji ke sath kahda hai bhart mata ki jai,0
Kuch nahi hoga... 2-4 din sab chliaange media opposition sab log.. fir sab normal.,0
Kyu be kyu dein ??,1
आप गरीवो को गरीव गरीव कव तक कहते रहगे आप अौर हम आप इन गरीव लोगो को आमीर कव वनाना है कव भारतीया गरीव कव आमीर कहलायेगे अव आप में दम देखते है आपकी पारटी में जायाद वोलना अचछा नही होता है,0
Live clear nai ho pata,0
govt. koyle me dabi hui hai janab.. ye apne rajdhani ni smhal pa rhe..border kahan se smhalenge.. army khud hi ordr lele tbhi bhla ho skta hai..,1
"chori upar se sina jori, ispe ekdam fit baithata h",1
"*क्या Samsung Galaxy S8+ अभी तक का सबसे बाड़िया Smartphone है*,  देखे यह 👇🏻👇🏻video जानने के लिए 🎯🎯🎯🎯🎯  https://www.youtube.com/watch?v=9A-hy082guw",0
तमिलनाडु में बंद से जनजीवन ठहर जाने के बीच केंद्र सरकार ने जल्लीकट्टू का आयोजन जल्द सुनिश्चित करने को लेकर तमिलनाडु के अध्यादेश को मंजूरी दे दी.,0
Gandha Nalae kay kida ko gandhagi kais dikhai dega?,1
बीजेपी ने अपने सारे पार्षद बदल दिए थे।या कहें तो अपनी गल्ती स्वीकार की।इसी का परिणाम है ये जीत।नेता यदि अपनी गल्ती मानने लगे ऐसे परिणाम सबके पक्ष में हो सकते हैं।,1
shashank manohar toh bcci ka aadmi hai. ek baat aur kohli agar vivaad badaana chahta hain badaaye yeh maamla dabaaya bhi ja sakta tha. ab australia team india ke peeche padh jaayegi. yaani choti choti incidence ke upar bhi shikaayte 29 march tak jaari rahengey. khel ki spirit yeh kehti hain apna khel dekho. 50 pe 8 wicket lyon ne liye ki nahi.11 run pe 7 wicket gire ki nahi 33 run pe 6 wicket india ke girey ki nahi.,0
Prakash stl me investment liya hi 2229 shear 1.35 ki karidari,0
Prakashstl me investment liya hi 2229 shear 1.35 ki karidari,0
Doctor ko aur aise dussre bahutoko aisa,0
"विदेशी पैसों से देशी व्यापार और झूठ ,चोरी ,मुंहबाजी कर सत्ता सुख के लाभ प्राप्त करने की कला कौन से महापुरुष से हासिल की ?",1
BILKUL SAHI BAAT AKHILESH JI BOLE.,0
Rohit ji mene sona he ki kerzibal ji eat se eat bajate huye aapne sar foor Liya aap wo news dekhaye Hume Hahaha 😀😀😀,0
Aise hi bhasan e kaan **** raha tha anaa andolan se bhi...aur kiya kya ...only chu*******,1
Inki maa ka bhosda suar ki aulad hai madarchod saale,1
Samajwadi khud hi aatankwadio ki party hai aur aatankwadio Ko saport karti rahi hai.,1
ये हुई न बाबा दिलेरी वाली बात....वैसे आपकी दिलेरी का नमूना हम रामलीला मैदान में भी देख चुके हैं। तो बाबा आप कब जा रहे हो बॉर्डर पर ?,1
yahi hona h jab circus me bulaye logon ko launch event me le aao,0
"शहिदो की अर्थीं भी ठीक से नही सजी और अमित शाह दिल्ली मे ""विजयपर्व"" मना रहे😢 #देशभक्त",1
Tum na amrika ho na tum china ho tum ho india k tope smjhe tum wahi ho or wahi rahoge ;),1
गौ हत्या पर कानून लाओ किसने रोका यह देश संविधान से चलेगा न की वैद और कुरान से तुम सिर्फ भसड़ बजी ही करना ताकि देश का ध्यान महंगाई और दूसरे मुद्दों से हट जाये,1
Coal India ka betan man sochiye moting pe moting ho Raha bahut kharch horaha,1
bhart ki prateyak nari ko apani raksha ke liye hathiyar sath me rakhna  chahiye iske liye sarkar se apil ki jani chahiye ki ek nari hathiyar sath me rakh sake,0
"अब तो हर चुनाव में हमारा बटन वहीं दबेगा जहां से हमारे राष्ट्र की शान और विश्व के गौरव मोदी जी और योगी जी की सुगंध आती हो, क्योंकि सिर्फ इन्ही में ये माद्दा है जो हमें जिहादियो ,गद्दारो और भ्रस्टाचारियो से मुक्ति दिला सकें!      इसलिये अब तो सिर्फ मोदी मोदी मोदी मोदी मोदी!योगी योगी योगी योगी👍👍👍👍👍          जय श्री कृष्णा!💐💐💐💐💐💐",0
Bhai Jab koi ye kahata Hai ki Atankwadiyon ka Koi dharm nhi hota hai to usse malum hota Hai Sir ki wo kis Dharm ki baat kar raha hai.,1
Bahanchod napunsak hai patni pel nahi paya ab kya jhaat ukhadega. ..,1
Bhai corrupted ko to modi yogi chhorege nahi.khisiyani Billi khambha noche,1
Sahi kha......qki a kutia itna kuch ho rye babjud uske sena se a kheti h bat chit kro or un mc ko bacche smjh k maaf kro,1
"Please make doctors, advocates and other professionals under digital payment / acceptance system.",0
Rohit ji sambit ji se kahiye ki mujhe hier karle as  the planner. Kahoon khol raha hai Sir. I promise that I can make the plans for solving the problems. I am serious Sir. Jai Hind,0
BJP thodee na karney deygee Congress ko. Congress isliye BJP ko EVM tampering karney dey rahee hain kyunki opposition ka leader ek pappu hain jo har 2 haftey sanyaas pey chaley jaata hain.,1
अभी राजनाथ अपनी माँ चुदा रहा है उधर जवान मर रहे हैं,1
कोई अन्तर बतावो हमे  बैंक गार्ड ओर पुलीस एक का सहीद से सम्बोधन दुसरा मारा जाता है  क्या इसी की वजह भारतीय पत्रकारीता 136 स्थान पे कब्जा जमा रखा है,0
देश ने सच का आईना दिखाने वाला सही पत्रकार पाया है आप लिखते रहिऐ कलम की सियाही हम है!,0
बेशर्मों वो विडियो सबके बारे में हैं।,1
लिंक शो नही कर रहा है।,0
Yeh sab neeta ambani kara rahi hai,1
"Arnab Sharma मोदी बोला था कि उसे इस देश भारत में पैदा होने पर शर्म आती है, तो इस बात पर तू मोदी को गाली देगा या उसे अपना बाप कहेगा",1
Bas jumlebazi krwalo BJP walo se,1
sale tu to hawan kr rha tha hahaha ab kya hua fat gyi sale rss ke kutte 😀😀 mirchi bdi jor se lggi sale bhagat ko 😂,1
"bjp ko ahankaar,taane,kosna se bachna chahiye. aap chunaav lado aur jeeto. yeh istifa,doob maro yeh ahankaar ke shabd hian. sirsa jab 2015 mein haara tab usne yehi kaha delhi waalo ko aisey ahankaari shabd pasand nahi unhe kaam chahiye.",1
BJp maine to Saab raaji khushi hain Na Annaji,0
"Kutta bhi kha, humko kya, lekin isko news mat bana.",0
Bas jumlebazi krwalo BJP walo se,1
VIDEO:  मोदी के सूट के लिए 1.21 करोड़ रुपये की बोली..  देखिए किसने लगाई बोली..  #Modi,0
"Part time job करके Rs.10,000 - 30,000 हर महीने कमाना चाहते है तो .......आइये DIGITAL INDIA से जुड़िये......Zero investment.... JOIN होने के लिए आप  1⃣ अपने फ़ोन के play store में champcash लिखो और उस app को अपने मोबाइल में install कर लो ! 2⃣ अब app पर click करो और sign up पर click करके अपनी डिटेल्स भर दो. 3⃣ Refer id of sponsor पूछेगा वहाँ पर 9044274 डाल दो  इस I'D (9044274) को खाली पेपर पर लिख लें आगे जरूरत पङेगी  4⃣ complete challenge और अपनी id activate करके business से जुड़ जाओ।",0
Aur jo apne 8th pass launde ko gaddi dila rakhi hai vo bada sadupyog hai satta ka.. aur vo chara jo gayab ho gaya tha bihar se kuch saal pehle. ..,1
Yarrrr ye or iski maa dono humare India ke nahi hum inhe jitne nahi denge,1
राष्ट्रपति प्रणब मुखर्जी का नया पता होगा 10 राजाजी मार्ग,0
ब्लैकमनी वापस लाने की सही दिशा में आगे बढ़ रहे हैं हम : पीएम नरेंद्र मोदी http://t.co/XTT5erJ8YC,0
Kyu bhadve Akash sharma jub gau palak innocent 51 years old man ko jawan hindu terrorist ka jhund Marta hai modi k muh main pooti thi tu saaf kar raha tha ab tak khatam nahi hua Jo condem nahi kiya kyu,1
"Bhai mirchi to tujhe lagi, bola modi ko, jali teri....   Tu laga le burnol. U need it more than i do.",1
"कभी शहीद जवानों, के बारे में भी साेचाे....! जय हिंन्द..!",0
"अब तो हर दिन भारत माँ के लाल शहीद हो रहे हैं, लेकिन सरकार केवल कड़ी निंदा के शब्दों से बदला ले रही है,  शहीदों की शहादत को सलाम !",1
Garibo Kay pas 1000 Kay note bhe nahi hotay voh 100 ya 50 par hi bharosa kartay hai nakli pak notes se bachnay Kay lia !,0
आयतें अच्छी पढी / आपने हकीम कुरान की है / या हदीस की,0
Bhai lado mat apne man ki tasalli ke liye ye link dekh lo,0
मा०#केजरीवाल(कलयुगी हरिश्चन्द्र) अब लडेंगे #राष्टृपति का चुनाव क्योंकी उसमें E.V.M.का प्रयोग नही होता है!!!!,0
Isi ka nam jindagi hay bhagwan unki atma ko shanti de or aap logo ko shah ne ki sakti,0
"Konsi Bhagwan ke kitab me likha hai ki Mobile phone use karo...Car, plane, movies, cricket ye sab konsi kitab me hai...Bacho ki tarah baat karte hai kuch log...",0
Susma ji ki jay ho...,0
योगी नही तो 2019 में मोदी नही,0
Is link ko dkh aur sun smj aa jayega tujhe ..teri biradri wale he paresan hai tere mazhab se,1
"बिहार : नीतीश को सीएम बनाए जानने से जुड़ी मांझी की बात पर राजद और कांग्रेस सहमत नहीं पढ़ें, खबर..... http://khabar.ndtv.com/news/india/jitan-ram-manjhis-remark-on-nitish-kumar-as-cm-sparks-political-debate-619367",0
Kutta ko kutta nahi bolega to kya bolega,0
Khud mile hai or dusre pe arop lagate hai ye chhoti party ke neta gandi rajneeti karne vale neta,1
Wo toh bhool jao tum. Itna b nhi h ki apni pehchan hi kho de..,1
Pagalpan ki had hoti h,0
Apni maa behen to tum log chodte Aur shaadi kr lete ho Randi ke aulaadon..Tumlog to ghar men hi sab kr lete ho,1
News main rhane ka accha mauka hai desh aur army army aur bharat mata,0
लेकिन isis और आतंकवादी संगठन से तो जरूर मेल खता है ये एक कड़वा सच है,1
नए नियमों के साथ ही वनडे क्रिकेट देखने का आपका नजरिया भी बदल जाएगा... #ICCNewRules,0
Ye india kisi 1 akele ke baap ki  jageer nhi hai yhaan sbka haq hai ....,1
sale ne muje block kiya hai.entry mullo ki usk group me ho jati hai.,1
Chore chor hy hota hay soch  ker  antry dena congressy oko,1
"सही किया, पद लोभियों के लिए आम आदमी पार्टी में कोई जगह नहीं।",0
kejriwal ji ab tho aapki niyat me b khot saf jalak rhe hai...jahan general ne desh ko nicha dikhane ki khoshish ki hai aap unka sath de rhe ho...ye desh ki surakha ka maslla hai isme aapko nispaksh ho k vichar rakna chaiye na ki political se releted...,1
Are tm samaj ke to maar rahe hm sb ko aur support kr rahe ho,0
VIDEO : लोकतंत्र की यह तस्वीर किसी को भी वोटिंग करने के लिए प्रेरित कर सकती है। दिल्ली के महावीर एनक्लेव  के एक पोलिंग बूथ पर आज 107 साल की जेवाती देवी व्हील चेयर पर वोट डालने पहुंचीं। http://khabar.ndtv.com/video/show/news/107-year-old-voter-in-delhi-355844,0
bhai tu saboot chahta hai hahahaha tere ko humare army k bhaiyo pr bharosa nhi... tu kya desh bhakt banega aa thuu,1
Kudos to Kangana and to Dipti Sharma for a well written article 👍🏻👍🏻,0
Saale sonu nigam tu jo gaane gaata hai us se bhi kai log ki neend haram hoti gadhe kaano mein woofer laga ke so ja gadhe,1
"बेटा मिट्टी खा गया, नाती कही टट्टी न खा ले हाहाहाहा!!!!!!!!!",1
"नोटबंदी को जनता का व्यापक समर्थन, बीजेपी के अलावा जनता भी नही बोल रही है ।",0
Ek no1 ka ghatia Azam khan,1
Modi duniya ke pahla murkh aadmi hai jo apne pair par kuladi marli Mai Hamesa khahta tha bure din aayege,1
Arre Kya hoo gaya insaan hein hai yaar hoo gayi galti itna stretch,0
"Part time job करके Rs.10,000 - 30,000 हर महीने कमाना चाहते है तो .......आइये DIGITAL INDIA से जुड़िये......Zero investment.... JOIN होने के लिए आप  1⃣ अपने फ़ोन के play store में champcash लिखो और उस app को अपने मोबाइल में install कर लो ! 2⃣ अब app पर click करो और sign up पर click करके अपनी डिटेल्स भर दो. 3⃣ Refer id of sponsor पूछेगा वहाँ पर 12935304 डाल दो  इस Ig'D (12935304) को खाली पेपर पर लिख लें आगे जरूरत पङेगी  4⃣ complete challenge और अपनी id activate करके business से जुड़ जाओ।",0
जब भी दिखाएंगे तब सबसे ज्यादा पाकिस्तान के हिमायती कांग्रेस से ही निकलकर पाकिस्तान के पक्ष में खड़े नज़र आएंगे......,1
Dhekho hamre jawan sahid ho rhe hai r ye movie dhek rhe hai ...ghor chutyapa hai ...ese ese neta hai hamare desh me ...,1
Amol bhai ek bar aamne samne one on one ho jao na dekho fir kiski gand fatti hai...,1
ye to hona hi tha,0
धुआं धुआं कर देंगे दुश्मन के मुल्क को बस दो घंटे मंजूरी हमें देदे सरकार।  🇮🇳💪🏼⚔🇮🇳,1
अमित शर्मा मै काम के सिलसिले में बंगाल आता जाता रहता हूँ मुँह से बकचोदी करना बंद करो,1
Yes ur rite nhi tuu aap se bjp kr deta,0
Kya madam ? Aap ke pita ke saman hain wo vidhayak...thoda daant diya to kya hua ?,0
bilkul bhul nahi gayi palti mar di,1
"अब शायद डेंगू, चिकनगुनिया को death sentence मिल जाय...।",0
चिन्नास्वामी स्टेडियम में रॉयल चैलेंजर्स बैंगलोर और राइजिंग पुणे सुपरजायंट्स की टीमों के बीच मुकाबला हुआ. स्मिथ की कप्तानी में पुणे की टीम ने आरसीबी को 27 रनों से हरा दिया. #ViratKohli #IPL2017 #IPL #SteveSmith,0
Ye SAB Congress ka Kiya hai nehru ka Kiya hua hai sab,1
रवीश जी आपने बहुत ही उम्दा विश्लेषण किया है। मेरे मन और मेरी माँ की भवनाओं को आपने शब्दों के माध्यम से जीवंत कर दिया। कोटिशः धन्यवाद,0
"इनको यहाँ नहीं अपने पिता जी के यहाँ धरना देना चाहिये था  ,, इनके लक्षण बता रहे है इनको भी टिकट चाहिये .....................",1
Sir ap log debate kro .. Interview kro par jo jawan hamare mar reh h na unko khana do na unhe marne se bacha sake ... Sir kya kre apke esse vikas ka agar yehi tumhara vikas h to nhi chyie sir,0
अब समझ आ रहा है मनमोहन मोदी से बहुत आगे था। मोदी तो सिर्फ जबान की खा कमा रहा है।,1
Congress k time to scam 100 the bjp ne 0 kardiyw,1
नेताओं में जब देश की सुरक्षा के लिए भी इन सबका उपयोग करने का साहस नहीं तो सजावट के लिए इतनी बडी धन राशि खर्च करने की क्या जरुरत - सजावट के लिए तो खिलौना ही काफी हैं !,1
Z आज तक की टुकड़ियों ने ज़बरदस्त हमला करके पाक को तबाह कर दिया,1
Retweeted NDTV Videos (@ndtvvideos):  प्राइम टाइम : सरकारों ने भारत रत्न सम्मान की प्रतिष्ठा कम की? - http://t.co/6kq1QoywAv,0
Mobile Charger  hai bike main  :D :D :D :D :D,0
Ananda math padhi hai? 😂😂😂😂,0
"👇👇👇👇👇जरुर   देखीए   किस तरह प्लास्टिक  चावल बनकर  भारत में  आते हैं  और हमें  फ्राइड  राइस की   तरह   खिलाकर हमारी  जिंदगी  से  खेला जाता  है।  दोस्तों  , इसे  अपने  परिवार और मित्रों  में  शेर  करीए  उन्हें  सावधान  करीए। धन्यवाद।﻿",0
Congress ummeed abhi zinda hai saans abhi baaki hai larho insaaniyat ko bachane ke liye is azimusshan mulk me imaan abhi baaki hai aaj unka hai kal hamaara hoga insaha Allah,0
^ abe Modi hai ke Toilet? 😂,1
Bhai log kaise ho!! Kuch deekha kya?? Indian media 😡😡😡😡,0
Aap Uter Pradesh k ho ?,0
"Modi ko koi lalach nhi hai. Na pariwar na pache hain. Sirf desh ke liye sochta hai. Isliye keh raha hoon. Baki Kumar Vishwas jaise neta ya kejriwal jaise sab mauka parast hain. Kanhiya kumar jo kehta hai ki hamari fauj Kashmir me rape karti hai, ye log bhi unka samarthan karte hain. Ab bhi aap inke bhashan sun ke apna man badal lete ho to sochne ka vishay hai.",1
लेकिन यह तो बताओ MCD में पिछले 10 सालों से BJP का शासन है उसकी उपलब्धियाँ कोन सा स्टार प्रचारक बताने वाला है?,0
Bhai ji ye sarkar janta virodhi sarkar hai aap hi batao kiska kya bhala kar diya har varg ka Aadmi pareshan hai   Bas mudde hain to teen talak gay aur asal mein kaho to musalman,1
modi ki degree pe cmnt krne wle ab kaha chale gay hn kaniya kumar ki potti saaf kr k liye,1
Agar Congress aur samarthak dalon ke 272 saansad aayenge tab veh aap ko hi jaroor chunenge.,0
Desh k Sambidhan ko nhi manne wale......ab bedo ke anusar desh chlayenge...,1
Modi ji ab esho aram ko chhodo. Hamare jawano ke liye kuchh soho. Feku bhashanbazi band karo,1
Sare ek jaise h...trp k chkr me bhedbhav bhed rhe h,1
Sir Jio ka offer aur badake date extend karo na sir,0
Modi g sawa karod bhartiyo ka sar nicha nhi karenge,1
hasya chahiye to kisi hasya kavi sammelan me jaao bhaiaapne modi ko kya stand-up comedian samajh rakha hai,0
अगर आपके पास एन्ड्रोयड हैं तो इस 2 MB की छोटी सी app से आप दिन में 500-600₹ का रिचार्ज व इससे अधिक भी कमा सकते हैं। क्लिक करें:-App #earn_free_mobile_balance__earntalktime,0
"Khud ko gali de Di, acha kiya ho to ussi ke bache tum",1
देखें लाइव - राज्यों की ज़रूरतों की अनदेखी कर भारत आगे नहीं बढ़ सकता : रांची में नरेंद्र मोदी - http://t.co/eLmK8LUtec,0
चारा खाने से तो रोड शो हज़ार गुना अच्छा है ।,1
Suger mill kb chalu hoga ...motihari aur pure bihar ..k...,0
Jo begrt hota he use kuch bi kho nhi lgta chahe tu 56 inch kho ya 56mitr kho koi fhrk nhi penda hahaha,1
Ye sahi kaha rohit ji,0
Colossus HNLU k promo ke liye aisa kuch karna chahiye :P,0
जाहिल PM है .....किसी ने बाताया होगा pineapple का मतलब नारियाल होता है ......तो उसने अपने भासड़ मे क़ह दिया ......,1
Tu jaise gaddar des me rah kar atankwadiyo ka sath deta hai,1
आजमखान भगेड़ू है ये तो  भागेगा ही|जो लोग इस देश को इस्लाम बनाना चाहते हैं वे सभी  बीजेपी का विरोध कर रहे हैं,1
Ye chaar chizey BJP nahi degi tumko...baath note karlo meri. 😂😂,0
Ambani ke jio KI marketing.,0
"Itne paise Kbi government ne unko diye jo desh ki raksha karte h jb wo shaheed ho jate h jitne inko diye isne aadhe  paise unko de do unke piche walo ki life set ho jayegi ,,  Plz is bat ko share kro   Jai hind 🙏🏼🇮🇳",0
Gautam Gambhir ko to 100 percent Milna Chahiye....,0
mediya hr news ko business banati hai....9rs pr ltr ka shor machaya tha...raise hua...only  51  paisa....agar khuch achha kr sako tho thik...varna  sirf news bech kr channel chalane k kiye..halla na machaooo..,1
Deobndi zeada ya brelvi India m ?,0
Ye. Sirf sbi me hota hai,0
कलैजा हाथ में लेकर इतना साहस  कोई शब्द नहीं,0
Kashmiri awam ko azadi milni chahi hai. q k Kashmiriyo ne apne mulak k leay bhut zada qurbani di hai. Tu es Pak ind ko jald se jald masla Hal karna hoga. q k Kashmir ka masla Hal hoga tabhi tu Bharat Pakistan main aman or dosti qaim hogi.  (Save Kashmir).,0
नक्सल को ही ना रोक सकेते तो दबंगो को कोण रोकेगा,1
समस्याओं का हल देने के बजाए प्रधानमंत्री नरेंद्र मोदी जापान में ड्रम बजा रहे हैं : राहुल गांधी ....http://t.co/zVvsAyfteE,0
NIT Warangal tk video phuch gyi...ab hui h really me video viral,0
Are modi ji hamare yaha pehle road pratapgarh ti mandsaur,0
Bjp ke neta to jaise mazdoori kar ke kha rahe hai.. Janta ka paisa kaun kha raha hai sub jante hai.. Amiron se dosti kis Party ke logo ki hai ye batane ki zaroorat nahi...,0
आख़िरकार हरियाणा की बीजेपी सरकार ने डीएलएफ और रॉबर्ट वाड्रा के बीच ज़मीन सौदे की जांच के लिए न्यायिक आयोग के गठन को हरी झंडी दे दी। दिल्ली हाईकोर्ट के रिटायर्ड जस्टिस एस.एन. ढींगरा को जांच का ज़िम्मा सौंपा गया है...,0
"Salaried husband ke chehare pe muskan, black money tha nahi, wife ne jo chhupaya tha wo bhi mil gaya😂😂😂😂",0
Wow indiako log dubke mare,1
"Priyank Jain, tu nhi dikha video meiṅ. XD",0
Feku sarkar ke maha feku mantri .....,1
hmare desh me hr 6 mahino me chunav hote he kya ek state ke liye pure desh ke bajat ko rok de,0
sir kam se kam 2000rs ke note ke liye 2rs ka paper hi use kar lete wo bhi chavani ke rate me bana diya,0
Chanpreet Singh Teri to hr post m tu modi ki ma Bhen ek karra Aur dusro ko gyan dyra.... K sarkar ko gali dyne k bahane hai,1
Post tabah krne se kuch nhi hoga 2 k badale 200 ko maro,1
Har har mahadev hr hr modi hr har yogi orrrrrrr hr hr prabhash,0
सुनते है कि किसी ने किसी को ज़ूता मारा ? लगा क्या ?,1
Thek  kaha  he  ham  sav  ap  ke  sath  he  Sanjev  raja,0
Ye kab take chalta rahega koi action Kyo nhi chahe j& k ho ya her jagha failure of government samit patara sirf bhasan hi dete h,1
"Sahi chal rahi hai aajtak ki,  ab reservation khatam kar do....  Kyon desh ka future kharab kar rahe ho,",1
कांग्रेस की कमजोरी से दुखी होने की जरूरत नहीं है सर ।,0
Post tabah huyi achhi bat hai par kitne kutton ko mara hai ye bhi batao 2ke badle kam se kam 100 ko marke ana,1
"Actors crowd me aatey hai , Prabhas akela aata hai aandhii ke saath :-)",0
ग्राहकों को मिलने वाले ऑफर्स और डिस्काउंट भी घाटे की वजह में शामिल...,0
"Mujhe aur meri behen ko bahut lagi hai, but she is in hospital. Media ko bhi pita hai. Madarchod hai sari delhi police, mai badla lunga! :'-@",1
Modiji please dhyan de ye Lalu Ji saja abhi baaki h Chara ghotale me,1
Modi..ji yeh kya ho rha hai... India ko ..nahi ..chala sakte toh... Jakar...chaye ..bananne..ka kamm suru kar dijiye..,1
अगर ऐसा हुआ तो लोकतंत्र मे फिर से एक असाधारण जनमत की हत्या होगी कयोंकि जगजाहिर है की भाजपा बूरी तरह से हार रही है।,0
Te hai. Sacha. Daan. Aur. Insaniyat,0
Veg  non veg dono hoon bhai bhaji tarkari main bhi jaan hoti bhai m hum macchar bhi maarte hain chintion ko bhi janeanjane mein pair se rondte to kya chalna phirna band karde puri duniya mein maas khaane wale hai gum kis kis k muh band karenge woh log kya samajdar nahi hai,0
Sahi baat. Har chaurahe pr cow ki haalat sabko ni dikhti.,0
"💥India's No.1 Home Job💥 🌟earn money without any investment 🌟multi level networking  🌟work daily 2 hours per day earn rs 500 to 1000rs daily 🔥life changing oppurtunity ✍type ""JOIN"" and send to my whatsapp no +918444867178",0
Robin uthappa aur gautam gambhir ko,0
ab nahis aha ja raha..aisi ki taisi launch ki (devil),0
"अब तो पाकिस्तान की पूरी तबाही चाहिए हमे, लेकिन मोदी जी आप अपने हीसाब से ऐसा कीजिये ताकि साँप भी मर जाए और लाठी भी न टूटे!👍👍👍        जय हिंद!👍👍👍",1
Baba aapka main tahai dil se  istakwal karta hun,0
क्यों डर गये क्या बजट का समय उचित है,1
शहीद मदीप को नमन व भावभिनी श्रद्धांजलि  शहीद के परिवार के प्रति हार्दिक संवेदना,0
सेवा निस्वार्थ भाव से की जाती है || और मोदी जी हर पल दूसरों के लिये ही काम करते हैं यही है सच्ची सेवा|| 🙏जय श्री राम 🙏,0
Isse jayda kya proof du ki pdp ke rago me afjal ka khoon bah raha hai...,1
Aare bhai is ko CM banana hai Delhi ka....sab natak hai bhojpuri bhayya ka...,0
Abe chodu kate lund ki  nasal mera 12 inch ae vo b   pura teri trah kata ua 😂ni   katuwa sala,1
Hamare PM hai hi yaise  Unki jitni bhi tarif kro kam hai Hume garve ki hume yaise PM mile hai Sallute hai unhe,0
H आप  अपने  हाथ  को भी कही काम मै  लोगे या ये खाने ओर धोने के ही काम आयेगा,1
Aarmi or sainiko ka apman karne wale aa gaie yaad tere bap,1
Sare santidut sadme me ek bhi comment nhi ye hoti h des bhagati sale hme bhagat kahne valo tum kiski bhagti kr rhe ho hdamiyo,1
BJP WALO KI MAA KA BHOSADA......,1
"जब भी देशहित की बात करो, सैनिकों के हित की बात करो, किसानों के हित की बात करो ये जो भी इसका असली नाम है Nilesh Patel का इसे बड़ा गुस्सा आ जाता है। ये दौड़ा चला आता है विरोध करने के लिए। और दूसरी बात मैंने आजतक कभी किसी दूसरे का कमेंट कभी भी कापी नहीं किया।",0
जब 1925 में लाउड स्पीकर बना था तब ही मोहम्मद ने स्पीकर की जगह निरोध लगाया होता तो इस्लाम खतरे में न होता 😜  #सत्य_कड़वा_होता_है 😂,1
"कल्याण सिंह ने कहा, जय श्रीराम के नारे लगाने में क्या खराबी है",0
Udit Batra:- Seekho kuchh inse :D,0
Amir Khan F.....ये तुमने जीन लोगों की तस्वीरें पोस्ट की है वो केरल के वामपंथी है.....,1
"अमित शाह हो सकते हैं बीजेपी के नए अध्यक्ष, बुधवार को हो सकता है ऐलान : सूत्र",0
Abey.. IE pe aaya hai.. Aur kya chahiye?,0
अमेरिकी राष्ट्रपति पद के रिपब्लिकन उम्मीदवार डोनाल्ड ट्रंप के हाल ही में सामने आए साल 2005 के वीडियो के बारे में उनकी पत्नी मेलानिया ने आखिरकार चुप्पी तोड़ी है. #DonaldTrump,0
Maine to teeno rashtradrohi khanon ka film nahi dekhaney ki kasam khaa li hai.,0
यही विश्वास से कुमार कि अपेक्षा रखता है भारत जय हो कुमार विश्वास जय हो भारत,0
फेकु मामा की नींद फौजियो की आवाज से भी नही खुल रही है,1
Jawano ke shadat karne wala 56inch ke pm modi she kush nahi hoga hamare jawan marege,1
आपियो की हालत दिमागी और शारीरिक दोनों तरह से खराब है इलाज ही बेहतर तरीका है,1
Kya karna chahte hai ye lo,0
Vishal Pandoh  chal bay gandu itna tu acha rehta nae,1
जीता नही है पीएम जीता है फर्जी एवीएम,1
"देखें लाइव : आरोप बुरे होते हैं, आलोचना बुरी नहीं होती : नरेंद्र मोदी - http://t.co/eLmK8LUtec",0
Internal problems kafi hai ..... Sena ko toda  jyada choot dena chaiye,0
"आप सभी लोगों से विनम्र निवेदन है की अपनी भाषा का ख्याल रखें।दूसरों की माँ बहन को गाली देने से पहले ये सोंचें की वो भी आपकी माँ बहन को गाली देगा।इस लिए अपनी और सभी को माँ बहन का सम्मान करें,और उन्हें दूसरों से गाली ना सुनवाएं।",0
Pawan khera sirf ghotale karne ki bt kare to thik lagta h. Rashtrbhakti ki baat unke muh se bemaani lagti h.,0
आवश्यकता है लडके एवं लडकियो की pantjali heath care में (राज्य एवं जिले अनुसार) हेल्पर- 8500+OT+ रहना+ खाना सुपरवाइजर- 12600+OT+रहना+ खाना (अनपढ से ग्रेजुएट तक)[उ०प्र० एवं बिहार मे and other states] सम्पर्क नं०- 7991766327 ( whatsapp),0
"Connect to Digital India अब RS 15000-50000/महीना कमायें. 100% Free कंपनी गवर्नमेंट से register Hai और   कम्पनी आपको हर माह आपके बैंक एकाउंट मे रूपया देगी... बस   आप इस whatsApp no. +918291050056  पर ""JOIN"" लिख कर send कीजिए.",0
"vaise v inko to ek chhoti si news chahiye modi virodh k liye, gaand fati rahti kahi le na le",1
Modi chale the ek badle 10 ko marne ab kya koi apni gand mra rha hai jo itne sainik mare ja rhe hai phir bhi kuchh nhi,1
"Ab inki sari ,mange natik adhar par ,Ashtha ke adhar par ,Sanskritii ke adhar par reh gaee hai , Kanoon ,Viyawastha ke hisab se koi karya nahi karte hain ,?",1
माननीय प्रधानमंत्री भारत सरकार मुझे अच्छी तरह याद है आप गुजरात के CM रहते कई बार रैलियों में बोलते थे की समस्या बॉर्डर पर नहीं दिल्ली में बैठी माँ बेटे की सरकार में है तो कृपया करके आज देश की 125 करोड़ जनता को बताने का कष्ट करें की वर्तमान में समस्या कहा है देश आपका ऋणी रहेगा,1
"bilkul sahi kha bhaiji aur is duniya me sirf do hi trh ke log hai ek accha aur dusra bura, ye toh hum logo ne apne aap ko dharm, jatiyo me bat diya, rhi bat matbhedo ki toh voh to chlte rhte hai, ye jruri nhi ki sb ki soch hmari trh ho.",0
Retweeted NDTV Videos (@ndtvvideos):  नेशनल रिपोर्टर : कालेधन पर घिरी सरकार - http://t.co/9z4pjpGJRx,0
Hum Tumko Insan samajh rahe the tum toh kutte ki aulad nikale,1
कोन से वेदों में  लिखा शायद आरएसएस के वेदों में लिखा होगा ।  हिंदुओं के  वेदों में  किंही नही लिखा । वेदों मे ये जरूर लिखा है   किसी भी गारीब तंग मत करो मदिरों का   दान पर आपना हक मत जिताइए । जो आज तक आरएसएस करती आ रही है   कभी राम सेना कभी बजरंग सेना के नाम पर पैसें खाती है । आज तक   ये   तो पता लगा नही सके ऐसे NGO को कहा से पैसें आ रहे है,1
आप को शहिदो का बदला लेने के लिये जनता द्वारा कुर्सी दिया गया था मा० प्रधानमंञी जी आप तो बहुत ही कायर निकले,1
Doosri Shadi jisse ladki chahe usse kar sakti h aur koi halala walala waali cheez nhin h wo jisse doosra nikah kiya h uske sath hi hamesha rahe un par koi zabardasti nhin kar sakti aur koi molvi s3 nikah nhin jisse ladki aur uske gharwale chahe usse shadi kar sakti h wo,0
pratik aja be aja sale kutte dekhta hu kitna dum he tere me aja sale tujhe tetri ma ki yaad na dila diya to kahna sale bolne ki to tamij nahi he sala badi badi comment karne a jate he,0
मीडिया बिकाऊँ है झूठ बोल रही है कुछ नही हुआ मोदी भगत है,1
Salo katppa ne bahubali ko kiu mara tumlog ko pata chalgaya lkn naxelion ne aarmy jawano ko kiu mara ye nahi bataoge harami media,1
Modi ka plan ka 20% fayda huwa 80% plan fail huwa,0
Chal be RANDI ki NASAL RANDIAN,1
Sahi kiya hai ae loteere ke like Sarkar kya kadam uthati hai dekhte hain,1
आमिर ने पटना में 'पीके' के प्रचार के दौरान लिया लिट्टी-चोखा का आनंद  http://t.co/dFzusdEVC1 http://t.co/oyGJsZA9BU,0
Bina mehnat kiye Aur cust jheley bina kch nahi milta...,0
modi he to ham he,0
"Desh badal raha hai , Aage nikal raha hai 🎉👍🙏",0
#Virat bhai ko dimag garam nahi karna chahiye.. Eden k suppoters agar dimag garam kar leta to... #Dada and #police ko bulana par ta santi banane ke liye,0
"+91-9815215009 प्रेम-विवाह }}{{ मनचाहा प्यार }}{{ काम-कारोबार }}{{ पति - पत्नी में अनबन }} +91-9815215009 लव मैरिज ,वशीकरण, सौतन दुश्मन छुटकारा ,पति पत्नी अनबन गृहक्लेश ,कर्जा मुक्ति , ,निःसंतान, एक बार फ़ोन जरूर कर Call Now +91-9815215009",0
"Sab bakwas theekh hain, lekhin loud speaker kha baath nahi karthe... :D :D Batke huve bachelog...",0
Sabhi musalman sale aatankwadi hai inper bharosa hi nhi kiya ja sakta,1
"कितनी अजीब बात है कि एक काल्पनिक केरेक्टर बाहुबली की मौत का राज जानने के लिए पूरा देश थिएटरों पर उमड़ा पड़ा है ।काश कि इतने लोग मिलकर सरकार के सामने खड़े होकर यह पूछते कि बताओ आतंकवादी और नक्सलवादी हमारे फौजियों को कैसे मार  रहे हैं, तो देश की तस्वीर ही बदल जाती ।",1
"सत्ता से चाहने वाले जुटते हैं क्या? ये हीरो है पूरे देश का,समझ नही आता तो पटना में ही रोड सो कर के देखलें कितनी लंबी होती है।",1
B.c delhi main road to bna nhi 3 cr .. pay.,1
Gareeb toe mar rahae hai sir..   Himmt purak nirnayae. 😂😂,0
"Connect to Digital India अब RS 15000-50000/महीना कमायें. 100% Free कंपनी गवर्नमेंट से register Hai और   कम्पनी आपको हर माह आपके बैंक एकाउंट मे रूपया देगी... बस   आप इस whatsApp no. +918291050056  पर ""JOIN"" लिख कर send कीजिए.",0
"अपने पिछले ब्लॉग में मैंने एक बात अधूरी छोड़ दी थी. वो थी साहस की. मैंने लिखा था कि कला में साहस की ज़रूरत होती है, पर बॉलीवुड तो एक इंडस्ट्री है. वो एक अधूरी बात थी. साहस की ज़रूरत इंडस्ट्री में भी होती है, जो उत्कृष्ट करना चाहते हैं, अपनी सीमाओं का विस्तार करना चाहते हैं, वो…",0
Atif Malik beshak hoti hai,1
Achcha hai pr pehle wala zyada achcha tha😛,0
In kutto ko hamesha k liye khtm krne ka order kyu nhi deti government,1
Karat has apn bhahin la experience hai. Bikul sahi send kar de hafiz la.,1
Anna chor hai Anna dhoti ke neeche khaki pehnta hai hai Anna chor,1
मेरा २५ साल पुराना ऐक केस हैं कौगरेस के खिलाफ है मै आपके संपादक से बात करना चाहता हूँ कृपया कोई उपाय बातें,0
चुनाव आयोग ने एक अप्रैल से गैस की कीमतें बढ़ाने पर लगाई रोक।,0
Bhai y kaam hamesa baad m kyn hota h ..kya agr hmare jawan saheed na ho to y sb kabi ni hoga...or kabi aisa hota h to aap log 1 ghante m hi sbko maar k aa jate ho smjh ni aato h bc yahan k politics ......,1
जो लोग राष्ट्रगान में खड़े नही हो सकते वन्दे मातरम् गा नही सकते सूर्यनमस्कार कर नही सकते भारत के संविधान को मानते नहीं भारत माता की जय बोल नही सकते  ऐसे गद्दारों को  भारत में रहने का कोई हक नहीं है   वंदे मातरम भारत माता की जय   🇮🇳🇮🇳🇮🇳🇮🇳🇮🇳🇮🇳,1
नितिन गड़करी ने कहा था हम अपने आदमी को नहीं तो क्या कोंग्रेस के लोगो को नियुक्त करे ?,1
paytm paytm रोज सुनाया जा रहा है लेकिन इसका इस्तेमाल कैसे करते हैं इसका एक विडियो सोशल मीडिया पर कोई नहीं दे रहा| जनता को ऑनलाइन पेमेंट लेना और देना सिखाने के लिए समय पर सही जानकारी देने की जिम्मेवारी किसकी है| प्रधानमंत्रीजी ने तो एक दिन अचानक जनता को आदेश दे दिया कि हो जाओ ऑनलाइन और उनके खुद के कर्मचारियों को अभी तक पता नहीं कि ऑनलाइन पेमेंट का यह काम होता कैसे है|,1
मीडिया ने इतना हराम का पैसा खा रखा है पहले 26 फिर 03 ओर आज 2 जवान शहीद होने के बाद मीडिया मोदी की कमीया छुपाने के लिए तीन तलाक पर बहस हो रही है,1
aaj pehli baar pta chala ke bjpee ke bhakton ko padhna bhi aata hai....,1
Ayush Gogia Garima Jagan Nishit Taparia next viral video ki tayaary karo :D :P,0
DOSTO INDIAN TV MEDIA KO SALAAH DO KI DIN BHAR YEHI NA CHEEKHTE RHEN. JO HO USE BATANE KI JARURAT NHI.,1
Chandan Gupta Bhai ab to book hi karde  Kyu Bhavesh Choudhary,0
sabhi indians ko apne dharm se upar uthkar only 2 child policy apnani padegi desh ko number one banane ke liye,0
Khandani chor yeah congress lath marke nikalo sala desh ko bechne Chaka th a.,1
मोदी जी किसीसे नहीं तो अपने पड़ोसी श्रीलंका से ही सबक ले लो!तमील वंहा 35%है फिर भी उसने लीट्ठे को खत्म कर दिया जो सारे #आतंकवादी संगठनों का बाप था!,1
"Hum lok pal ke lie Kia kar rahe he,o v to ek nagrik hi he.unke lie to lokpal Jan Jan tak pahucha he.",0
पागल कुत्ते ने काटा है जो अजान करवाएँगे ?,1
रियो ओलिंपिक में भाग लेने से अंतिम समय में वंचित रह गए पहलवान नरसिंह यादव के डोपिंग मामले की सीबीआई जांच जारी है. इसी सिलसिले में सीबीआई ने शनिवार को नरसिंह यादव का बयान दर्ज… #NarsinghYadav,0
🚩🚩🚩🚩          #राम_दरबार   कोई भी कोंग्रेसी नेता अगर देशभक्त है तो वो #JNU मे भारत माता की जय बोले ओर इस्लाम को आतंक का धर्म बताए  तभी उसे भारतीय माना जाएगा       ।। भारत माता की जय।।   🚩🚩🚩🚩🚩🚩🚩🚩🚩,1
योजनाओं के नाम से ज़्यादा ज़रूरी है काम की क्वालिटी : नरेंद्र मोदी,0
"( पंडित पुरूषोत्तम आचार्य जी )+91-7410969065 स्पेस्लिस्ट- लव मैरिज ,वशीकरण, सौतन दुस्मन छुटकारा ,पति पत्नी अनबन  नंबर ,, एक बार फ़ोन जरूर कर( धन्यबाद ) whatsapp+91-7728891693",0
Karnatak me bjp do sito per ladi or dono hari ab wolo?,1
20 lakh freedom fighter KO day do,0
Bhai mulle ni tm jaise kattar hindu hi jitaoge congress dekhte raho,1
"कॉंग्रेस को ज्यादा खुश होने कि ज़रूरत नही है जो लोग काँग्रेस से दुखी थे वही कंजर के पास गये,और कंजर केजरीवाल से दुखी होकर वापस उसके पास लौट आये ऐसे लोग किसी के सग्गे नही होते, भाजपा के वोटर भाजपा के साथ अटल है,",1
Aur gujrat tere nam se,1
बेटे अबराम के स्टारडम से खुश हैं शाहरुख खान...http://t.co/3fLGykWLjs,0
Iss kutte ki baat ko itna bhaav kyu de raha hai koi.,1
Isy kehty hn ghus kr maarna😂😂😂😂... Saalon ko ura dena chahiye,1
"karo dua ki phir se na kahi bhi koi kasab paida ho,  mao ki kokh se bus bhagat, karkare, salaskar se aftab paida ho...",0
"In Depth: गजेंद्र की मौत पर केजरीवाल ने मांगी माफी, कहा- अब चीड़फाड़ बंद करो...",0
"तेरी बात अब कंग्रेसिया भी नही सुनेंगे, औरों की बात तो दूरॆ।",1
"10000 rupee ke share kharidna chahta hu, Kon c company k kharida",0
"Bhai ye ravish kumar ki glti nhi ye toh hum jaise logo ki hi glti hai, kisi se pucho kon ho khta hai thakur hu, chauhan hu, ye hu vo hai, fir bolta hai musalman hu ya hindu hu lekin kbhi kisi ko ye khte nhi suna ki hindustani hu.",1
Ni hme bht baria lag raha hai hm yadav ya aur koi ni yogi ji bht mast kaam kr rahe hme bht khushi mili .sb line pe hai .sbka sath sbka vikas dikh raha hai,0
Ab khud p aari h to bada bhai Chara jagra h badi insaniyat ubhar  k aari h...  Dogle sale!...,1
Flop hai modi sarkar....bade defaulters ke loan maaf.....n aam janta ko loota ja raha hai,1
Es ka b rape ho ga jald he bechari ...kun ka india me ye famous hobby ha rape...,1
Bjp हार रही है Rajasthan ma,1
भारत ने चिर प्रतिद्वंद्वी पाकिस्तान को आज यहां 3-1 से करारी शिकस्त देकर पुरुषों की चौथी अंडर-18 एशिया कप हॉकी की टूर्नामेंट के फाइनल में प्रवेश किया....,0
"Digvijay singh ki mansik rup se halat khrab haie kyoki pichle mahina unhe agra ke pagal khane se ritire huye haie, isliye bolne ka unko bhari offer diya gya haie congres ke taraph se",1
"#IPL10 में Gautam Gambhir, Suresh Raina और Robin Uthappa शानदार फॉर्म में हैं.  #ChampionsTrophy में इनमें से किस प्लेयर को मौका मिलना चाहिए?",0
"Humne BJP Ko vote isliye nahi diya k humare 26 Jawan mare jaye, modi ji Ko baat pahle karte the kuch to karo Main modi ka kattar samarthak tha Lekin aub sochna hoga",0
Use padho sab available hai chaar hi to ved hain hindu dharm kehta hai sarve bhavantu sukhinah naaki kaafir ka gyaan deta hai,1
लेकीन तूझे गधा बोलने से भी वोट नही मिले।साले तूझे गधो का श्राप लगा,1
Dollar bhi modi ki fake ki terha badraha hai jitna modi faketa rahaga outna dollar  jump hota rahaga dollar ka acha din,1
Englend aaj fis se haregi.,0
Jiski mot hui usko compensate karna chahiye sharukh khan,0
Tary ambani bati mery sath set h is hasab sa tu mera sala bnta h 😂😂😂 i smaj  apni malomat drost kr tuje modi or media thek nhe btarha mara jayga  asy tu,1
"ऑस्ट्रेलिया मीडिया ने साधा कोहली पर निशाना, सबसे नापसंद स्पोर्ट्सपर्सन चुने गए कोहली..http://t.co/iV7VQubWAD",0
चुन चुन के मारो सालो को बता दो  हमारे देश के जवानो का खून इतना  सस्ता नही है,1
benchod chara chor bhi bole ga bihariyo ke liye to rojgar la nhi paya bhosdi ka chala h gayan pelne,1
अबे  ठारखी ये मेरा सुरत है तेरे बाप का बिहार नही चुप साले बुड भक,1
जब देश का बंटवारा धर्म के आधार पर हुआ था तो ये सेक्युलर कंहा से है,0
Bhenchod apni dekh le aeise bal he jeise maa k chut se nikal te nikal te ghis gya ya fir koi wahi time pe lund pel diya hoga ..,1
lagta hai....bike start nhi le raha hai    islia timepass kar raha hai,0
"Digital india से जुडिये अपने Android mobile से अब Rs. 10000-15000/महीना कमायें. बस आपको Advertising करना है. और कम्पनी आपको हर माह आपके बैंक एकाउंट मे रूपया देगी... बस आप इस whatsApp no. (8447997907)पर ""info "" लिख कर send कीजिए.",0
56 ka nahi muje to lagta hai 5 aur 6 main gaip hoga  5 inch ya 6 inch ka sinaa,1
Sahi pakde h...... Jab tak Kashmir me President rules lagoo nhi hota tab tak pattherbazi hoti hi rhegi....... Mahboba hi pattherbazi karwa rahi h or BJP iska saath de rahi h dono hi desh drohi h......,1
Juntar mantar p kisan bhuka nanga mutr pine p mazboor che news walo yea nahi dikhta,1
Kejriwal 100 guna behatar chief minister kisi vi present minister sy.,0
अच्छे  दिन  है   ।। जय   हो    यही  राम  राज्य  है  भाई,0
चाय चाय करते थे अब  गाय गाय करते हैं  जागे है दलित जब से  हाय हाय करते है,1
"देखें लाइव : पाकिस्तान के पेशावर में आर्मी स्कूल पर हमला, 11 बच्चों समेत 12 की मौत - http://t.co/eLmK8Mt7og",0
श्री श्री रविशंकर से बेंगलुरु में मिलने के बाद बुरहान वानी के पिता ने कहा- इलाज के लिए गया था आश्रम  #SriSriRavishankar #BurhanWani #ArtOfLiving #MuzaffarWani,0
आज तक देश आज तक देश का नंबर 1 चैनल बन चुका है बहुत ही अच्छा न्यूज़ वेट करते करते हो,0
Badi problem hai yaar 😂😂,0
^par kuch logo problem hey,0
mera gujrat to waise b fix and done hai.,0
अच्छा फैसला...दोनों को लाभ मिलेगा।,0
License radd salo ko chorri karne ka license nahi diya gaya hai ha aur agar inki strike sahi hai to government ko bank lutne ka bhi license dena chahiye,1
Ye v jugad me lage hai,1
Kala dhan safed ho reha hi modi ji,1
Sir Ek Baar Sarkar Army ko open fireing ka Muka De akhir kab tak hamre javan apni Jan dete rehe ge ghar Beth ke bolne se kuch nahi hoga ya news room mei charcha krke bolna asan hi aur krna kitna muskil hi  #jai hind jai javan,0
Such much aap jarur rss ki aulaad ho,1
Ye gaana gaane ke bad cash aayega unke pass .. fir wo bike kharidenge,0
"फीफा वर्ल्डकप : गोलकीपर ओचोवा चमके, मैक्सिको ने ब्राजील को गोल रहित ड्रॉ पर रोका...खबर पढ़ने के लिए क्लिक करें...http://khabar.ndtv.com/news/sports/fifa-world-cup-keeper-ochoa-thwarts-brazil-as-mexico-earn-draw-529279",0
"Koi baat nahi bhai jaan, agar aap BJP ka virodh kar ke khush hai to ye bhi sahi hai, Rajniti main virodh hona bhi jaroori hai.",0
Salo kal se daikh raha hon kutton ki tarha bhonk rahe ho koi kehta ha10 sir katenge koi kehta ha 50 salo humne churian pehni hoi han kia salo apne ghar men hi bhonk rahe ho Aao na zara idhar border pe border door ha kiya chutia bc,1
Shivam Garg Prabhnoor Kaur IIT Jana😍❤,0
Kis baat ka afsos hai.,0
"Part time job करके Rs.10,000 - 30,000 हर महीने कमाना चाहते है तो .......आइये DIGITAL INDIA से जुड़िये......Zero investment.... JOIN होने के लिए आप  1⃣ अपने फ़ोन के play store में champcash लिखो और उस app को अपने मोबाइल में install कर लो ! 2⃣ अब app पर click करो और sign up पर click करके अपनी डिटेल्स भर दो. 3⃣ Refer id of sponsor पूछेगा वहाँ पर 9044274 डाल दो  इस I'D (9044274) को खाली पेपर पर लिख लें आगे जरूरत पङेगी  4⃣ complete challenge और अपनी id activate करके business से जुड़ जाओ।",0
#NDTVYouthForChange में @SrBachchan : मैंने कभी बेटे और बेटी में फर्क नहीं किया देखें Live - http://ndtv.in/ndtvyouthforchange,0
Ye to ...Chani se sona hai to JAAG JAO ...style voice  hai :),0
कांग्रेस के इस सवाल पर तो हम भी सहमत है भाई कब दिखाओ 56इंच की छाती,1
kal se aap party me sirf 20% member hi reh jayenge aur 2019 se pahle AAP saaf,1
"और मध्यप्रदेश ""वियापम व शव राज़"" के नाम से जाना जाता है गंजे....थैंक्स",1
Intekhab  pathan... Bo tere allah ke liye hai......atankwadi.........   Galat bolega. Jawab tujhe galat he milega,1
Naksal waad ko rokna bahut jaroori hai,0
Tum jaisa chutiya indian m rah sakta h to ..wo to tum sab mullo se samjdar h...,1
Tumhare Piche Itna Sara Hogi aur Modi bapure Kuch Toh daal Mein Kaala hai,1
"कौन कहता है कि आसमान मे छेद नही होता,जरा तबियत से एक पत्थर तो उछालो आरो। We all proud on u....",0
"Congress toh assam bhi sambhal nahi paayi, goa se gayi, rajasthan se gayi",1
ptto par na shi commet list me likh diya karn,0
Ashwani Gupta Madarchod hm BJP ki sarkar me ji rahe hai ....70 sal k Buddha nahi hai jo congres k bare me bat nare,1
"सभी लोग एक-दूसरे को बुरा कहते रहते है।  कोई किसी व्यक्ति को बुरा कहता है और कोई किसी अन्य व्यक्ति को बुरा कहता है। लेकिन कोई भी अपने स्वयं के दिल के अंदर  झांककर  नहीं देखता जो सबसे अधिक बुरा है। मनुष्य के दिल में इतने विकार भरे पड़े है वह उनकी तरफ ध्यान नहीं देता ,अपनी बुराई नजर  आती और दुसरो में बुराई को खोजता फिरता है।",0
खबरों की खबर : 40 भारतीय अगवा...वीडियो देखें... http://khabar.ndtv.com/video/show/khabron-ki-khabar/40-326312?KhabarFB=007,0
उत्तर प्रदेश के सभी नागरिको को उन सभी की ( भा .ज .पा ) अपनी अविस्मरणीय  जीत  की  हार्दिक शुभ कामनाये . आज प्रदेश की जनता एतिहासिक परिवर्तन कर  यह बता दिया है यहा प्रजातंत्र है परिवारतंत्र नही . आओ मिलकर अपने प्रदेश को विकास के  नये आयाम तक ले जाये .  भारतीय जनता पार्टी  की जीत समस्त उत्तरप्रदेशवासियो की अपनी जीत  है . सभी प्रदेश वासियो को एक बार फिर से बहुत बहुत शुभकामनाँए .,0
Tu kamina aur desh drohi hai hamesha communist ka favar karta hai,1
Yeh wahi khufiye hai jo banna dancer chahte the par maa baap ne engg bana diya 🤣🤣🤣,0
bhai film ke release ke time kaun sa actor apne co actor ya actress ki buraai karega.,1
Tera baap gunda tha jo tujhe janam diya,1
Jooth khabar Hey....... Actually Indian government darpok hey......lukachupi game chal raha hey.......,1
राज मौली के फिल्म महाभारत में श्रीकृष्ण का रोल इन्हें दिया जाए कितने लोग सहमत हैं इस फोटो को शेयर करें,0
क्या बोलू ऐ मैसेज पी एम तक भेजो अब तो आर पार करने का इरादा है,1
KUCH LOG DESH KE PRADHAN MANTRI KA NAAM AISE LETEY HAIN JAISE UNAKE BAAP DADA NE NAMO JAISON KO NAUKAR RAKKHA HO. VIRODHI HO TO BHI TAMEEZ SIKHANA CHAHIYE.,1
"Ye to sach hai, aur bjp nikkammo ki terah gathbajdhan ka farj nibha trahi hai..n",1
Is MC ko Bhagao yaha se.. bolo jaa UNO m rah jakar MC,1
Dr sahab aane Jo kaha hai sahi kaha hai kuuch galat na kaha hai ! Aap aise hi raho,0
"महाराष्ट्र-हरियाणा में वोटिंग जारी, मुंबई में 10 बजे तक 4 प्रतिशत मतदान",0
Ye haramilog sab militant hi too payda karte hai.,1
Julaillal tu chala ja b,0
जब तक मुसलमान अत्याचार कर रहे थे तब तक कोई नहीं बोला । आज जब हिन्दू एक हो रहे हैं तो सबको मिर्ची लग रही है । मुसलमानों ने धर्म के नाम पर पाकिस्तान लिया था । यह देश हिन्दुओं का है ।,1
#Join Funny Colours  .  1 Ladki ki T-Shirt pe Car bani hui thi ..  .  .  1 Baccha use Dekh rha tha ..  .  .  Ladki : Car chalani h Kya ..?  .  .  Baccha : Nahi..Car nahi Chalani par  Continue Reading..,0
"पंडितो बाबाओ से धोखा खाए जरूर आजमाए +91-9928827268 Astrology, Horoscope,pt:vinod swami ji call & Whatsapp no +91-9928827268 काले ईलम के माहिर सभी समसयाओ का समाधान गारनटी से 72 घनटो मे 101% पति पतनी मे अनबन वशीकरण love problem solutions pt:vinod swami ji",0
"काम किया होता तो यह लालच देनी नहीं पड़ती ... खेईर आखिर दिल्ली वाले को तो फोकट का डामंर भी दे दो l ""आप"" शब्द इतना बदनाम हो गया है की अब किसिको इज्जत देने के लिए ""तुम"" बोलना पड़ता है!",1
ye harami kutiya kahi ka kha rahi hai tik hai ..post kar ke kisko bata rahi hai,1
Ohhoo...gandaa bhai...kem chee...sala Gujrat kaa capital india...apna country Kaa nam Gujrat rkhne kaa...Raghu bhai se comparison...abey OG ka koi comparison nhi...Doctor-doctor khelo mota bhai...,1
Lagtha bike test karte samay mare hy bike rider hy...,0
Journalist ka kaam hamesha he opposition ka hona chaheye. Kyu ki jab tak critics nahi kerenge tab tak kuch naya nahi hoga . So criticism ko lena sikhna hoga warna wo din dur nahi jab aapke parents aapko daaant de or aap unko galat samjh le.  So democracy ko bachana hai to swal kerne ka haq mat chodo.,0
"मोदी जी, सैनिक को बचाओ, तभी देश बचेगा! अगर तेरे बस की बात नही तो इस्तीफा देकर सत्ता सेना को दो और तुम चार धाम यात्रा को निकल जाओ।",1
bataao padaai pehle baati jaati hain aaj bikti hain dhikkar hain.,1
Vo kya khatahe usse kya lena dena yaha aaya kese uska javab mango,1
आवश्यकता है लडके एवं लडकियो की pantjali heath care में (राज्य एवं जिले अनुसार) हेल्पर- 8500+OT+ रहना+ खाना सुपरवाइजर- 12600+OT+रहना+ खाना (अनपढ से ग्रेजुएट तक)[उ०प्र० एवं बिहार मे and other states] सम्पर्क नं०- 7991766327 ( whatsapp),0
insaan chaley jaate hain pr unki kamayee nahi vo to yehi hain...........so aise mur k bhi nahi marte,0
"देखिये आप मुद्दे से भटक रहे है.. असल मुद्दा देश सुरक्षा थोड़े ही है , असल मुद्दा तो - गाय, अजान,तलाक,लव जिहाद,  खतरे में हिन्दू, ये सब है। आप ऐसे बेवफाई नहीं कर सकते। ☺☺",1
Kattapa ne bahubali ko kyu mara,0
"+91-9660919340 प्रेम-विवाह }}{{ मनचाहा प्यार }}{{ काम-कारोबार }}{{ पति - पत्नी में अनबन }} +91-9660919340 लव मैरिज ,वशीकरण, सौतन दुश्मन छुटकारा ,पति पत्नी अनबन गृहक्लेश ,कर्जा मुक्ति , ,निःसंतान, एक बार फ़ोन जरूर कर Call Now +91-9660919340",0
सपा और कांग्रेस का गठबंधन दोनो पार्टियों के लिए बिलकुल सही कदम है इससे फायदा ही होगा नुकसान नही होगा,0
आवश्यकता है लडके एवं लडकियो की pantjali heath care में (राज्य एवं जिले अनुसार) हेल्पर- 8500+OT+ रहना+ खाना सुपरवाइजर- 12600+OT+रहना+ खाना (अनपढ से ग्रेजुएट तक)[उ०प्र० एवं बिहार मे and other states] सम्पर्क नं०- 7991766327 ( whatsapp),0
निरंकुश केजरीवाल को धो डाला रे विश्वास ने ! विश्वास शेरों- शायरी के माध्यम से जब अपनी पीड़ा व्यक्त करेगा तो चट्टान दिल इंशान भी रो पड़ेगा ।,0
"Sahab ye politics hai jiski muh lag jaati hai , vo 100 party badal Kar bhi nahi chhodta",1
Diggy Raja aapki to baat hi gajab hai,1
apne miya mttu wala baat hai... log mar gaye.. or janaza bjp purch rahi hai.. zanaze ka naya kapedra pahan ker ye kitna kush hai... बस एक ही उल्लू काफ़ी है बरबाद गुलिस्तां करने को हर शाख पे उल्लू बैठा है अंजामे गुलिस्तां क्या होगा,1
तुझ जैसे नेताओं ने ही आतंक को बढ़ाबा दिया है  ये  वोट की राजनीति करना छोड़ दो  देश के वफ़ा दार बनो  गद्दार नही बनो,1
"Is desh me politics chimchagiri se chalti hai,aur paip chatne se.Merit pe nahi.Isi lya Modi ji ka khota sikka chal raha hai kiuki vipaksh apna he dushman ap hai jaise Nitish Kumar.",1
Aise cases cyber bullying me acknowledge kiye jaate hai,0
अगर आप एक भेहतार काम की तलास कार रहे हे  तो ये मेरा मो0 नाम्बार हे काल कार सकते है  8979713010 whatsaap no 7837245692 विरेन्द्र सिंग पंवार,0
Tera bap banane aaya tha kya. Kitne ghotale kiye tab apni ma chudva raha tha.. mulle.,1
पुलिस ने रविवार को दिल्‍ली में एक अवैध कैसिनो का भंडाफोड़ किया है. इस मामले में 36 लोगों को गिरफ्तार कर इनके पास से करीब 1.37 करोड़ रुपये मूल्‍य के टोकन बरामद किए गए हैं...,0
bado  ko  bhi  pakdo.  unhe  bhi  be  nakab  karo  jo  des  k   liye   nahi  apne  liye  aur  vyktigat  ricord  k  liye  khelte  hai  jisse  unki   market  velu  badhe.,1
अमेरिकी राष्ट्रपति बराक ओबामा ने पूर्व प्रधानमंत्री मनमोहन सिंह के इस्तीफे देने के बाद आज उन्हें फोन किया और कहा कि वह कुछ ऐसे नेताओं में एक हैं जिनकी वह काफी सराहना करते हैं और उनके साथ काम करने की कमी उन्हें खलेगी। पढ़ें पूरी खबर... http://khabar.ndtv.com/news/election/obama-calls-manmohan-says-he-will-miss-him-388663,0
Ye ukhadenge    Hum wo Ukhadenge.... hota kuch nahi..      Kuch nahi Bass ka to Gandhi   ban kar jao   kaho  Doosre Gaal par bhee thappad maaro..   Besharmi ki bhee Hadd hoti hai.,1
#RE देश नही भूलेगा परमजीत सिंह की शहादत को. देखिए #Hallabol Live- bit.ly/at_liveTV,0
RANDTV tumhare najayaz baap is area hai ki waha koi nahi has Sakta haraami.  Azad mulk hai.  Sab jagah jayenge.,1
"Abe tu chutiya hai kya,hamare jawaan ladh rhe hai hamare liye,aur tu saala rajniti kar rha hai yaha par.",1
hahahahahahaha kissi andhay ko bhi parwaogay na to wo bhi parh layga,0
der se aaye par durast aaye,0
"Parivar hai to ladai hai ,  Kha nhi hoti ? warna kuch log to matra bhumi ko bhi apna nhi mante .",0
Par bhakt kehrahe hai k modi ji ko mila  Fadnavis ne toh twitter par wish bhi kardiya modi ji ko,0
"अगर गाय माता है, तो भैंस भी तो मौसी हुई, 😀😀😀😀😀😀",0
agar bjp me dum hai to de army ko khuli chuth,1
Kon dy ga koi mard ka bacha hy india me qair hay tumhari army darty hen  saly pak army say,1
Dear Pappu Modi uncle. Aab kdi ninda krne ka time aa gya hai.  Hathon me chudian pahan lo,1
Modi ji lage hain....apna etihas banane me.........desh ki janta chal pari hai.....Unhe etihas banane me.........,0
av unki sarkar h agar isliye bus ninda hi kar sakte h,1
Anpad jise 1 to 100 nahi ata use v note ginne ata hai Jarurat sab karwa deta hai Bas jarurate achhi honi chahiye,0
App ka hall sapa jaisa ho gia hai sabhi log sata k bhukhe hai janta nu bevkuf banate hai jo app m such bolta hai usi ko bahar nikal dete hai meri schoch mutabik app party bhi dusri parties jasi ban gai hai,1
Khaa naa rha hai hindustan,0
Vedo k anusar Hindu cow maans kha sakte hain..  RSS janta ko fool bana raha hai.,1
काजोल जी आप भेस बकरे मूर्गा मछली अंडा सब माजे से खाओ ये आप कि सुन्द्रता बढ़ाय़गा   नकली  सड़ी सब्जी  खाकर आप बीमार पढ़ सकती है और ड़रना किसी से भी नही,0
Is Moulana ko bolo Apne Ghar Mai ghanti bajwale...Puja karwaley....Warna hum bhi yh samjhenge k yh hinduo ka dushman h,1
him log jai hind jai hind kartey raho wo hamey marta rahey,1
अबे दल्ले तेरी तो गांड़ जलती ही रहेगी मोदीसे  तू चाहता है जो तू बोल वही सब बोलें??  पत्थरबाजों को गोली मारने पर तेरे जैसे भड़वे सेना को गाली देते हैं और यहां सेना प्रेम का दिखावा कर रहा है !!,1
Abhi itna bada alfaz bol dya rajnath ne  ( ninda ) isse atankwadiyon ko dar kitno ki mout hogyi nenda se are kuch kro vrna har koi ayga Mar k chala jyga chutye sale satta p baithe hn bik gyi ye government,1
Bhai 272 seet hi total😁😁,0
Ye kab apni acting karega....har waqt hritik ko copy karta h,1
kya baat hai Pandey ji.... chhaaa gaye aap to ;),0
Abe kabhi history dekh tu sale sharukh  khan ne kitna rupya bharat ke loye diya pata chalega,1
Wo sadio purani Baat 😝😝😝,0
Vote Modiji Ko Diya hai.. MCD ke kaam Ko nahi. Sabse ghatiya kaam krti hai MCD. Sabse gande log hai BJP ke MCD mai,1
साहसी राजा बनना या महान लीडर बनना ये गुण आदमी के खून और डी एन ए में होता है किसी चाय के कप में नहीं !?और न ही मीडिया के उन्माद से पैदा होता है !?घर में और अपनों से तो सब लड़ लेते है !?असली लड़ाई तो दुश्मनों से है !? like our page-click on like-https://www.facebook.com/india.rediscover.news,0
Haha 😂 ek kejriwal ko har ne ko sare bjp ke sare party lagyi hai dargyi hai bjp Hahaha,1
मोदी को नही भूलना चाहिए ये वही महबूबा है जिसके अपहरण का नाटक करके देश के दुश्मनो को जेल से आजाद कर दिया गया था।,1
Bola anti modi kattu...😒😏😠...tumlogo ka jat hi kharab h...kuch bola nai ja sakta...,1
Q ki AAP se fat ke haat me aa gayyii hai sabhi choro kiii...,1
"दिल्ली में चुनावी माहौल कुछ ऐसा बन चुका है कि लगता है जैसे यह एमसीडी के नहीं, लोकसभा या विधानसभा के चुनाव हों. दिल्ली एमसीडी में बीजेपी की स्टार प्रचारक हैं कई हस्तियां…",0
सीआरपीएफ के करीब 2000 अतिरिक्त जवान हिंसा प्रभावित कश्मीर घाटी भेजे जा रहे हैं। अधिकारियों ने कहा कि कुल 20 और कंपनियां घाटी में भेजी जा रही हैं...,0
Agar yeh log Itna effort bike ke testing aur design improvement mein lagate toh accha rehta,0
Nilanjona Nafisa Muslims ko Bharat ka samvidhan bhi chahiye par apne ichcha ke anusaar phir shariyat bhi chahiye. Aik desh me aik kanoon hona chahiye. isliye uniform civil code ko sarkar ko laagoo karna chahiye. Jise shariyat law chahiye to use shariyat ke according punishment bhi diya jaaye constitution ke according nahi. Ye keval congress TMC CPM CPI CPIML ki muslims tushtikaran ki rajniti ka natiza hai jisne.,0
"Sir Prasun Dwivedi ji, help kijiye inki...aapke elaake ki ghatna hai",1
BC ky ho raha h ye desh m modi sarkar kuch kr q nahi rahi h,1
बिलकुल सही कहा चेतन जी ने,0
Kn mc e fasla diya h ||||||  गौ माँस मे प्रोटीन उसी को नज़र आता है।।। जिसको अपने माँ बहन मैं सनी लियॉन दिखती है।।।।।।।।।।।।  इसलिए इससे बैंड करे और अगर मा बहन मैं  सनी लियोन दिखती हैं तो खाये।।।।।,1
लापता बच्ची : बस्सी ने 50 हजार रुपये नकद इनाम की घोषणा की... http://t.co/fub56lM3HE,0
Are haraamkhor apne awqat me rahe sale sata ka guroor aya hai na,1
Jab aap logo ki sulagti h toh jhallate kyu ho,1
Pankaj Dubey bhgat singh agr ajj hutta na dubhra phr se marr jatta jbh tumhre rss wale hindu rasth rasth  ka ragg alapte hai .....ek ldki k post pe aap sbh apni desh bghti sabht kr rehye hu  ..itni desh bghti hai jawo vijay maliya ko dhundu ...jawo damini case k culprits ko fasil dlwaoo .fb pe desh bghti fazuul hai,1
#विधायक ने अपनी गलती स्वीकार की ऊन्होने स्वेच्छा से इस्तीफा दिया पर पार्टी नही छोड़ी फिर भी तुम कह रहे हो #आप में फूट पड़ गई😂😂😂😂😂,0
Bahubali movie k samne ye chu#@$pa lg rha hai,0
हो सकता हैं की ईनका कोई कार्या करता रोड पर टक्कर मारके गाडी ऑफीस मैं ले गया होगा,0
तुम गधे हो नागोरी जब सैनिक सहीद   हो जाते हैं तो मोदी पाक को जबाब क्यो नही देते और जब पाक को जबाब दे तो तुम कुछ और गाते हो ये नही हुआ बो नही हुआ सब होगा इंतजार करो,1
"Kapil sharma ke diwane . Boy :"" kya kar rahi ho? . Girl :"" kuch nahi, ghar pe akeli bethi bore ho rahi hun... . Boy :"" mai aa jaun tumhare pas tumhare ghar pe? . Girl :"" kyun? Kya karoge? . Boy :"" ab yeh bhi samjhana padega kya? . Girl :"" haan samjhao na . Boy :"" ghar aake samjhaun ya phone pe? . Girl :"" continue reading",0
काम की बात: और अब #ICICIBank ने घटाईं होम लोन की दरें #Homeloan,0
"Samvidhan Mai kaha likha hai k PM road shows nahi karna hai? Iss chara chor ko koyi batado k ye sab samvidhan k anusar hi ho raha hai,",1
Yeh to youtube main bahut pehle aya tha dusre desh ke nam se,0
kuchh harami  pille   modi ka virodh  karte hai ... wo ja k D N.A test  karwa lo  Gandhi pariwar ka /// congress pariwar ka  khun ho sakta hai,1
"अमेरिका का रक्षा मंत्रालय इराक में आतंकवादी गुट इस्लामिक स्टेट (आईएस) का मुकाबला करने के लिए 2,000 टैंक रोधी हथियार भेजेगा...",0
Modi Saab nu chahida emergency lado jistra indragandhi  ne layee c sare theek ho jaan ge sari black money  nikaal jaye gi koyee satrike nahi hoye g koi rishwat nahi lave ga,0
"मेरठ के किसी कर्नल साब के घर से 140 हथियार, पचास हज़ार कारतूस , हिरण के कई दर्जन सर,तेंदुए की खाल, 150 किलो  प्रतिबंधित मांस  और एक करोड़ नगद बरामद हुआ l   ऐसे थोड़े ही पाकिस्तानी आतंकी भारत में घुस आते हैं या नक्सलियों के पास हथियार पहुँच जाते हैं  कर्नल साहब जन्मजात देशभक्त वाले धर्म से हैं",1
tujhe kya pta rakesh sarma,0
Post ni udana ab toh pak ko hi udana h pura yh kutto ki trh baar krna bnd kro sher ki trh kro namrdo ki trh jeene s acha h ki 1 br sher ki trh mro,1
"Connect to Digital India अब RS 15000-50000/महीना कमायें. 100% Free कंपनी गवर्नमेंट से register Hai और   कम्पनी आपको हर माह आपके बैंक एकाउंट मे रूपया देगी... बस   आप इस whatsApp no. +918178925546  पर ""JOIN"" लिख कर send कीजिए.",0
whn baithe baithe logg Clash Of Clan khel rae honge :D,0
Abe sale dalle ...bjp se jyada hinsa kon faila ha desh me ...,1
Indian express ko bjp ki burai na karle eska din nahi katta,1
Girish Rajani Ok agar UFO hi sahi. Dhruv Saxena ko toh pehchanta hoga tu,1
"देखें लाइव : संविधान के डिजिटल संस्करण का विमोचन, पीएम मोदी ने कहा - समय के साथ बदलते हैं मायने http://khabar.ndtv.com/videos/live/channel/ndtvindia",0
ये गठबंधन नही है ये मजूबुरी बंधन है,1
Teri Deshdrohi konsi badon ki film thee...! Woh toh bachon nebhi nahin dekhi.,0
"Jo Border pe khada hai unme 90% hindu hai, jo gau ko apni maa maante hai. Ab agar Tere gand me dumm hai to ja border pe..",1
"60 year lootera ,chor ,lognko ko sahi  jabab ...",1
Lagta hai churan chaap bhakt ne ghar wapasi karke naam Syed Hussain rakh liya hai.,1
cm house mai azan ka koi logic nhi hai,1
Jayanti Chander Miti Shrivastava ye to kar hi sakte hain :p,0
kya chutiyaapa hain. filme toh fentasy ke liye banaayi jaati hain. aisey toh mughal e azam se lekar jodha akbar tak sabmein kalpana ka prayog kiya gaya hain. toh bhansaali ne kiya kya bura hain. umraaojaan ka nirdeshak mujaffar ali jo shaad ali jisne bunty or babli banaai ka baap hain usne jabardast research ki thi 80's mien ki waajid ali shah ke samay awadh kaisa tha aur set bhi vaisey hi banaaye.,1
ONLY via EVM not by public of  Delhi,1
एस एस राजमौलि का नाम फ़िल्म का इतिहास लिखा जाएगा तो स्वर्ण अक्षरों में लिखा जाएगा ।,0
Abe kayaro yudh karne ka itna hi shauk hai to pehle   samne se baar karna Sikh lo kab tak kayar bane rahogo Ghr mai ghuskar nhi atankbadiyo ki tarha ghus kar kayerana harqat ki hai tumhari to Hindustan se itni jalti hai ki Shaheedo ke Shavo ke sath BARBARTA tak kar dete Kayar ho kayar hi rahoge or jo napak harkat ki hai uska jabab Hindustan ki fouj hi degi Hindustan Jindabad,1
Hindu  Kya baat hai kyaa baat hai  Maa  Babu Ji  Bahan Bhabi  Bibi  Hahahahaha 1 hi Lund  ??????????????? Sabko pasand hai  Mera Laura v Kara hai bhej Dena apni maa bahan ko  Puja k liye  Spatial Laura hai mere  Doodh bisarjan k liye mat Lana  Bus bol Dena massaage achhe se Kare  Some aap dhoodh niklega  Parsaad samjha Kar Sab ko baat Dena  Teri maa ka bhosra  Mc  Lga  Lga  Lga re 440 Ling puja samroh Laura mera lo or pujo,1
Kejriwal ko pata chale ga delhi public not bewakuf ek baar ban chuki hai,0
"फिर किसी के जाने की याद में दो लफ्ज़ लिख दिए जाएँगे, फिर किसी के आँसू निकलेंगे और सूख जाएँगे,  ये ज़िंदगी मगर ऐसे ही चलती रहेगी अपनी रफ़्तार से, तेरे जाने का गम बस तेरे अपने ही समझ पाएँगे..!!!",0
Dar pok  na pak istan  is liye baar baar laat khana  kutte ki dum  hai,1
Jo b uske jitne k liye havan kr rahe the.. bicharo pe taras ati h.. 😂😂😂,1
Hamare Jawan Har Roz Mare ja raha hai aur ye Modi Sarkar kuch nahi karti,1
अब हमे पाकिस्तान मै घूस कर पकिस्तानें को मारना चाहिये,1
जन्मदिन की बहुत-बहुत बधाईयां एंव शुभकामनाऐं,0
India ko bolne aaye h Tmhare jaise ni h india k log ki ladki ko sex object smjhe Yaha devi mana jata g ladkiyo ko Jin logo ko ladki ko respect ni unse ummeed v kya kiya skti h,0
अबे चारा चोर चुप कर तू,1
Jo galat raste pe jaega. .har hal pe jaega. ...or galat sikhte hain appni family se. ...,0
#Maharashtra में बीफ का मामला : सुप्रीम कोर्ट ने राज्‍य सरकार को नोटिस जारी किया http://khabar.ndtv.com/news/india/suprem-court-issues-notice-to-maharashtra-govt-over-beef-ban-1445096 #beef,0
BC News channel  kya hai ye..,0
"सब जानते हैं कौन बेवकूफ है, और कौन समझदार ,अगर दिल्ली वालों ने फिर से केजरी को वोट दिया तो डबल चूतिये बनेंगे",1
Mujhe samjh nhi aata ki bhagwan kise kahte hai jo insan ko banaya use bhagwan kahte hai ya insan ko bhagwan kahte hai agar insan ko bhagwan kahte hai to jo insan ko banaya use kiya kahte hai abhi future me tin bhagwan sun chuka mai virat sachin modi jb koi aadmi kisi aadmi ka madad krta hai to use kah sakte hai bhagywan tera bhala ho to bhagwan kisi kahte hai past me ram Krishna the abhi koi aur hai,1
Saale सही में यही सोच रहे होंगे,1
Tu. Chala Jaa. Baat. Karnay.  Koi kaam.   Nahi. Tere paas,1
Bjp me hote to aisa nahi hota samman hota h,0
"माननीय प म महोदय ,क्या डाक घर के शुकन्या  खाता में में जमा कर सकते है?",0
😎😎😎Mukti S.P se Bsp se. Sala dimag Ka dhi bn gya tha. 15 sal se . Whi maya. Whi mulaym.whi  ghani mooch wale log. Whi  mote mote choude choude kale kale hatte katte umrdraj log. Ko pichle 15 sal se dekh dekh kr apni skl bhoolta ja rha tha . wahi ajam Khan. Whi nseemuddin.  Prjapti. Yadv singh. . Lhsun. Adrk. Ptti. Our C.M ke  bhrst mantri. Ab  ye SB logo Ki prjati agle 10 sal me vilupt ho jayengi👹👹👹,1
कोई बात नहीं अपनी पसंद आप जो जी चाहे खाओ भक्तों की जलने दो,0
"Maakan, Sharm karo, tum Goa aur Manipur me us samay Kahan the jab sarkaar BJP ne Bana Lee.",1
Himanshu Choudhary Srajal Nayak Rochak Aggarwal Devvrat Singh Jagawat  sharam aa rhi hai :(,0
Kahi aaisa toh nahi k lene k baad sarey customers aaise hi roye :D,0
Kejriwal sir main modi jaisi kala nahi hai is liye haar gaye seat.fake ne wali kala,1
Jab midia modi ko sach sabith krega  modi chahte kya He modi ki Asliyat,1
Sara ka sara likha huva jumla hai,1
सही है अंगूर खट्टे ही होते है भाई कोशिश तो बहोत की भाई ने,1
Aja maidan me pta ty hy 100 humara sir jae gy ya tumhara,1
Dear Raja ji mai ek kavita aapke maddam se desh ke nam dena chahta hoon pls accept karen,0
भाई आये दिन कुछ न कुछ लफड़े बढ़ रहे है विजयमाल्या को 10 मिनिट में जमानत मिल गई और क्या चाहिए मोदी दे  और मांगना है विशाल गुर्जर बैठे है मांग लो मोदी जी कह के दिला देंगे  भाई हम किसी पार्टी से नही है पब्लिक पार्टी है से पब्लिक दुखी तो हम दुखी,1
रिजर्व बैंक ने आज लोगों से कहा कि वे नकदी को घर में जमा नहीं करें क्योंकि नोट की पर्याप्त आपूर्ति है और इसकी कोई तंगी नहीं है.,0
जम्मू-कश्मीर में मुठभेड़ में दो आतंकवादी ढेर http://t.co/BfSRYCMMDq,0
ये तस्वीर तो 1992 की है जब बाबरी मस्जिद तोडा गया था,0
"Lol, chances thode kaam ha 😂😂😂 Ghar shift Kar rahe ha hum 😂😂😂",0
"Part time job.,करके पैसा कमाना चाहते है तो .......आइये DIGITAL INDIA से जुड़िये.....और घर बैठे 10,000 से 1 lakh कमाये.......और दूसरे को भी कमाने का मौका दीजिए...कोई इनवेस्टमेन्ट नहीं है......आईये बेरोजगारी को भारत से उखाड़ फेकने मे हमारी मदद कीजिये.......बस आप इस whatsApp no 8017025376 पर "" JOIN "" लिख कर send कीजिये... ..",0
My लाइफ म स्मोकेग 50 %इसे का करण ह  बोलना वाला कि या इन्डिया लाइफ टाइम कि सजा ह और सरमा कि दुकान बंद न होजा गइ,0
"Bilkul sahi keh rahe h aap. Ab election bhi khatm ho Gaye, fir kaahe media Ko Apne peeche lagaye hue h Modi. Ab dekhna Israel trip se pehle news waalo Ko sponsored trip dedege apni PR chamkaane k kiye",1
https://youtu.be/UWgUj8haXNw इस विडीयो अवश्य देखें मोबाइल चलाने का अंदाज और बेहतर हो जायेगा.  Share Kr sabharo liki,0
इसमें  nayee बात्त  क्या  है  यह  तो  सार्व विदित  सत्य  है .मेहबूबा  का  पाक  हमेशा  चाहेता  रहा  है मुसालमान  अपने  बाप  के  सगे  नही  होते  इतिहास  गवाह  है,1
संघभाजपा और फैकु मामा और उनके चम्मचे हैरान है कि अभी तक देश गृहयुद्ध मे क्यो नही पड़ा जहाँ जनता धर्म जात पात के नाम पर लड़े और ये राज करे भगवान ही बचाए इनसे देश को,1
"इराक में आतंकवादियों ने 48 विदेशी नागरिकों को छोड़ा, अगवा भारतीयों के बारे में सूचना नहीं",0
Tum ek tarah k log kisi k nahi ho sakte.,1
Adhish Sakargaye mere bhai kab tak bas aarop hi lagaegi bjp aur uske bhakt??? Ab to sarkar bjp ki cbi police ib ed sab bjp ke pass to ab doshiyo ka dosh sabit karo aur sab corrupt congressi netao ko jail bhejo par nhi. BJP ko bas aarop aarop khelna hai aur janta ke saamne jumle maarne hai,1
Mujhe pehchan pa raha hai kya ABP News ? ;-)    Visit : MultiBot.Ga,0
Ruchika Medam ye apko kis najar se pagalpan lagta hai  College padhne ke liye jati hai ya fir mobile chalane  Jab mobile nahi tha to kya student nahi padhte the  Sab apni apni soch ke upar hai  Hamari coch alag  Or apki alag  Ham apki bato ka samman karte hai,0
Isme bigde bol kya hain.... Bas adhure bol hai.... Congress ke saath saath in bikaau media vaalo ko bhi jutte maaro... Ab complete hua.,1
Kash modi ji hamare pm hote 1 ser ku jagah 10 ser aa jata yeh manmohan sarkar namard bani hue hai,1
"जब दो पक्षों में आम  सहमति ना बने तो यही तिसरा विकल्प सबसे उपयुक्त है!  ******************************************** अयोध्या ना किसी हिन्दू की है न मुसलमान की और ना बौद्ध की। उस पर ट्रैक्टर फिरवाओ। आदिकिसान की जमीन है।। खेती करेंगे, गेंहू लहरायेगा। सारे मिल कर अनाज बाँट लेना। अनाज खा कर ही सबको धर्म याद आता है। खाली पेट किसी से भक्ति भी नहीं होती। आदिकिसान साब भाई",0
kuchh or bhi masala h isme..,1
Atin Sharma kya Sach Mei?,0
"Daud bimar h ye khabar mil jati h ,chota shakil comment karta h ye pata chal jata hai bt wo kaha hai ye khabar nahi milti usko pakda nahi jata .baat hazam nahi hoti pakda nahi jata ya pakadna nahi chahte",0
"काबुल के होटल में हमला, चार विदेशियों समेत नौ मरे.... पढ़ें...http://t.co/EUegQGPC0M",0
Pan me date of birth galat de kar card veg diya hai...kya karun ?,0
"यह तस्वीर 24 साल पुरानी है. 1992 में आई फिल्म जो जीता वही सिकंदर की सेट से ली गई इस तस्वीर में आमिर खान लगभग 26 साल के थे. लेकिन, सवाल यह है कि आमिर इस तस्वीर में हैं…",0
"चिंताएं, परेशानियां, दुःख और तकलीफें  परिस्थितियों से लड़ने से नहीं दूर हो सकती,  वे दूर होंगी अपनी अंदरूनी कमजोरी  दूर करने से जिसके कारण ही  वे सचमुच पैदा हुई है !!",0
अब सौ गय सारे देश भक्त कहा गई देशभक्ति।  मेर सभी देशवासियों सबको एक होने का वक्त आ गया है कि इन भर्शट नेताओं पर जुता मरने का।यह बस नोट और वोट बटोरने के लिए है बस,1
"Rohit g rajnitik partiya sirf apna score karne me lagi hai,avi waqt hai savi ko milkar in naksaliyo ko jawab dene ka",1
Are bhsi wah janna ki kyun kah apni ghar may rozi nahi hy ..yaha kaam nahi hy kah yaha izzat ki roti multi ...wahan nahi,0
Had hogay abto pm saheb ab tum vapas jahase aye vaha chale jav tumara kam nathi he pm ki kursi sambhalneka,1
ई नको ही प एरमानेंट इसी काम केलिये पकिस्तांन् क्यों नहीं भेज दे ते कोंग्रिस्स....,1
sale tu apni doh biwion ko akela chor kaise deta hain pure din tujhe mera darh nahi hain kya.,1
तरुण जी को पता था की वे दलितों को मंदिर मे प्रवेश कराने ले जा रहे तो हंगामा होगा ही पुलिस बल के साथ जाना चाहिए था एक तरफ तो उच्च समाज चाहता है की रिजर्वेशन खत्म हो और एक तरफ  छुवा छुत भी चल रही दलितो को कुचलने की मंशा है दलितों को कभी भी समानता नहीं देना चाहते ऐसे लोग|,0
Uniform sivil kode lane se  rastra ke sabhi varg ko ise  fyda mileaga,0
Bewakuf to log bhi hai jo masum janwaar o ka khoon kar k upper wale ko khush karne me lage hai.... Bhala kisne dekha ki upper wala khush hota hai ki nahi,1
"सिडनी के स्टेडियम में पहुंचे पीएम नरेंद्र मोदी, 16 हजार लोगों की भीड़ को करेंगे संबोधित http://t.co/2pPrMKwmGT",0
*JOB JOB JOB**_```मुझे कुछ 50-100 ऐसे लड़के - लड़कियों की ज़रूरत है जो कि मेरे साथ टीम बनाकर अपने घर में बैठ कर काम कर सकें । काम केवल फेसबुक और व्हाट्स एप पर एड पोस्टिंग का है।```_**_```काफी अच्छा पैसा कमा सकते हैं बिना एक भी रूपया लगाये अपने पार्ट टाइम में । अगर आप इच्छुक हैं तो मेरे व्हाट्स एप 'JOB' लिख कर भेज दें।```_**(+919555486359)इस नंबर पर ।**_```नोट:- सिर्फ ऐसे लोग सम्पर्क करें जो मेहनत करके कुछ पाना चाहते हैं । बिना कुछ किए पाने की इच्छा रखने वाले मुझसे सम्पर्क न करें ।```_*,0
hahhahahahahaha Koi nahe rock sakta yeh aap logon ke bhool hai apke bewakoof media ne or bollywood ne aap ka damag kharab kia hua hai. India kbi b War nahe kar sakta agr ghalti se war huy be tu India ke 05 confirm tukray hon gay. Lkn yeh confirm hai Kalboshan ko Phansi ho key rhy gee,1
saale krk gadhe ke bache tu sad ke mareng kaminy,1
Jo Maza Royal Mai hai wo Maza Dominar mai kaha isliye dikha bhi nahi raha,0
Bhaiya news de diye ho par FIR kiye ki nahin.,0
1 taraf AK47 dusre or  teer bhale in ko kon samabhale  mcd main kiya kuchh nahi maidan main utare fekne wale 😁😁😁,1
मोदी को चुड़ी और अमीत शाह को साड़ी पहन लेनी चाहिये,1
"उत्तर प्रदेश विधानसभा चुनाव के आगामी 19 फरवरी को होने वाले तीसरे चरण के चुनाव के लिये 12 जिलों की 69 सीटों पर प्रचार का शोर शुक्रवार शाम पांच बजे थम गया. तीसरे चरण में फर्रुखाबाद, हरदोई, कन्नौज, मैनपुरी, इटावा, औरैया, कानपुर देहात, कानपुर, उन्नाव, लखनऊ, बाराबंकी और सीतापुर जिले की 69 सीटों पर 19 फरवरी को वोट डाले जाएंगे.",0
Glucose pila diya kisi ne Anna ji ko😁😂,0
Uaman naik aap ke balidan se bhi desh aazad hua aur Aap ko uska hissa bhi de diya gya- PAKISTAN.,0
Abhi kiski up mai bhai,0
Aaj tak Allahabad bhi aa lo,0
Sir Jio ka offer aur badake date extend karo na sir,0
Bajaj indian company isko indian tradition k sth lanch kre yeh kya ...,0
राजनाथ सिंह जी अपने कड़ी निंदा के साथ कड़ी निद्रा में चले गए गए है।।और मोदी जी आप अब मन की बात छोड़िये और अब मर्द वाली बात करिये।।नक्सली हो या आतंकी दोनों को कुत्ते की मौत मारने की खुली छुट दीजिये हमारे जवानो को।।हमारी गोलियाँ और उन हरामजादों की लाशे गिनती नहीं होनी चाहिए।।क्योंकि अब ये हमारे देश और हमारे जवानों की आन बान और शान का सवाल है।।,1
भारत और ऑस्ट्रेलिया की क्रिकेट टीमों के बीच पांच मैचों की वनडे सीरीज का पहला मैच आज पर्थ के वेस्टर्न ऑस्ट्रेलिया क्रिकेट एसोसिएशन (वाका) मैदान पर खेला जाएगा।,0
"Mei jalta huu desh barbad horaha hai in jaisao suwwarao se  Aur modi yogi bjp rss wale tere gharr walao ki chod Rahe hai ye mai dhekk nahi sakta lekin tu dhekk sakta hai kyu ke tu apne hi gharr walao ka dalla hai modi aur yogi ko supply karne wala bhai aur beta hai"" tuj pe akkkkh tuuuuhhhh hai",1
फ्लैशबैक 1991: मनमोहन सिंह को कैसे मिली थी वित्तमंत्री बनाए जाने की खबर... जानने के लिए पढ़ें http://khabar.ndtv.com/news/india/how-manmohan-singh-learnt-that-he-was-the-new-finance-minister-646896,0
#ResultsWithNDTV | ये जीत गले से उतरने वाली नहीं : बसपा प्रमुख मायावती,0
Politics ke shikar...aur wahi kuch lod politics me entry marte hue dikh rahe hai,1
Great ashoka ki tarah aapne naye  bhaarat ka nirmaan kiya,0
बिलकुल सही बात कहा है आपने,0
Bosdik apni bhno se puchiyo dawn ko chahti ya sallu ko jbab khud mil jayega,1
Bas headline banalo aur Modi Modi karlo yahi rehgaya hai media ka kaam isliye 136 rank per hai,1
56 inch ki Gand hai dekha do wahi bahot h,1
देखें लाइव - हमारा भविष्य हमारे पड़ोस से जुड़ा हुआ है : प्रधानमंत्री नरेंद्र मोदी - http://t.co/eLmK8LCk04 #ModiAtUN,0
Good joke...ap so rahe thye border pr jb koi 250 under ghussa....,1
Dono ke hath kuch naheee lagegga,1
kya ho raha hain bhai?,0
Theharo ye tum kya kar rahe ho ?. Bajaj Dominar : sorry shaktiman,0
यदि शहीद हेमराज का सिर नहीं ला सकते हो तो कम से कम 10 पाकिस्तानी सिर लाकर दो।ऐसी घटनाएं लगातार हो रही है और हमें हर हाल में बदला लेने की जरूरत है।............ ये शब्द थे हमारी विदेश मंत्री सुषमा स्वराज जी के 2013 में नेता प्रतिपक्ष में रहते हुए और अब ये क्या करने जा रही है और वो साहब 56 इंच के सीने वाले तो नाम जाने क्या क्या बोलते थे पर अब पता लगा ये सभी लोग बस ....................... लगें हुए हैं।,1
Tu to congress ka bhdwa nikla rey ...tere ko tmij se bola tere ko smj nhi aaya agr modi nhi hoga log ghar m2 gus k tera chsma utar k .maregey juka juka k ...,1
bike ki aawaz toh suno! Kawasaki ke inline 4 pe tatti kar di inhone xD,0
Kyun अपने वीर सैनिकों को मरवा रहे हो Ninda karne se baat nahi बनेगी Pucho Us Maa se Jiska beta shahid hua hea kuchh to kar k dikhao jài Hind Jai Jawan jài Bharat 🇮🇳🇮🇳🇮🇳🇮🇳🇮🇳 APKO hmara DIL SE SALUTE,1
100 me 80 beimaan phirbhi mera desh mahaan bade bade daawe karthe hai digital india ki dub marro,1
Yeh ae malik tere bande hum ka angrezi remix kyon baj raha hai launch ma8n,0
नेपाल और भूटान के बाद पीएम मोदी छह जून को एक और अहम पड़ोसी बांग्लादेश के दौरे पर जा रहे हैं। जनवरी 2009 में शेख हसीना सरकार बनने के बाद से दोनों देशों के रिश्ते सुनहरे दौर में हैं और इस दौरे से दोस्ती और बेहतर होने की उम्मीद है। इंटरनेशनल एजेंडा में आज प्रधानमंत्री की इस यात्रा के महत्व पर खास चर्चा...,0
Kutte bhokte hi rehteh  lekin  haathi  jhoomta great pm long live our great PM 🙏🙏🇮🇳🇮🇳,1
Chutiya tu Tera khandan Tera baju Waka Tera chacha Tera dudhwala Tera MA Ka boyfriend Teri behen Ka boyfriend jo ki driver hai Tera baab jo ki aap Ka leader hai.... Aur sabse Bada chutiya toh woh doctor hai jisne tu paida hote hi maar nahi daaala #chutiyakahika,1
Sonu ji mahoul vaise hi bahut kharab hai. Aap ne aaj hi janam nahi liya ya hosh sambhala hai jo    aaj se hi aapko problem shuru ho gai. Main koi musalmanon ka pakchdhar nahi hun par unnecessarily kyon mahoul ko bigad rahe ho.,1
Ye bat sahi he chalo manlete he mamata benrji Diwali me kyu fhatake nahi chalane nahi diye tab sabhi santi  dut  kaha gaye the,1
Bhai Bhajan faltu nahi hota man ki shanti k liye bhajan hota h.,0
laud speaker to band kro bhai log..,0
मेरे हिसाब से पूरे देश में एक साथ चुनाव होना चाहिये ताकि सारे मंत्ती अपने अपने मंत्रालय का काम करने के लिए पूरा समय दे 🇮🇳 जय हिंद जय भारत,0
"🆓🆓🆓 अगर आप बेरोजगार है या (job) नोकरी करते है ओर..... (part time job करके)💵💴💶💷 PART TIME पैसा कमाना चाहते है तो ....... 🔘आइये digital india से जुड़िये. 🔘और घर बैठे लाखो कमाये और दूसरे को भी कमाने का मौका दीजिए. 🔘कोई कोई पैसा देना है ना 0% INVESTMENT 🔘 आईये बेरोजगारी को भारत से उखाड़ फेकने मे हमारी मदद कीजिये. 🔘 ""JOIN"" लिखकर इस WhatsApp📞☎ No.+09802020894पर send कीजिये.. ..salary 20000-50000",0
Sir Ravish agar ye v naa Kere to isse paid journalism kahte hai. Or journalist ka kaam kya hai?sirf sarkar ki tarif kerna? Wo to almost Sab news channel ker rahe hai. Phir aam aadmi ki baat kon kerega kon kahega ki 80 log ki maut ho gai line me khade rahke. Yaad rakhiye agar constitution ke iss 4th pillar ko save nahi kiya to hum or aap apni aane wali paresani ke liye isss solution machine  ko v kho denge,0
180 cr lootegi BJP ??,1
मोदी जी बहुत हो गई अब मन की बात... अब होनी चाहिये पाकिस्तान से.. गन.. की बात... जय हिन्द..,0
बिनाश काले विपरीत बुद्धि।पड़ोसी देश के बिनाश के दिन आ गये।साथ मे देश के भीतर भी स्वार्थी देशद्रोही तत्व हैं।इसलिए समय लग रहा है।वक्त का इंतजार ज्यादा नहीँ करना पड़ेगा।माँ भारती के वीर सपूतों की शहादत को नमन।ईश्वर परिवार के सदस्यों को सबल दे।जय हिंद।वन्देमातरम।,0
"दही-हांडी पर्व में बॉम्बे हाईकोर्ट का फैसला, 18 साल से कम उम्र वाले नहीं बनेंगे गोविंदा",0
"💎💎💍💎💎: 💰अगर पैसा सच मे कमाना हो तो पूरा पढ लो. 💰 digital India                       👤👤  JOB👤👤    (join होते ही 62₹ gift मिलता हे)  ​→अगर आप नोकरी करना चाहते हो..  →मोबाइल से 💰10000-50000 रूपए..  →प्रति महीनें कमायें बिल्कुल फ्री, तो →Play Store से ​Champ Cash​📲 →App को डाउनलोड करके अपना →CHAMPCASH app  मे आपकि ID बनाये  →Referal ID मांगने पे-  ​12390201डालें इस app मे क्या करना हे join होते ही समजाया जायेगा  My no whatsapp,9978217621government register app hai",0
"PM jee great. Asv Aurangabad. Nitish cm humlogo ko 3 year kam diya àb naukari khatam ,nikal diye hai.",0
हम सभी को गर्व है।,0
"ई−रिक्शा पर पेंच बरकरार, अगली सुनवाई शुक्रवार को http://t.co/QCejxWZjBJ",0
"जो जैसी भाषा समझता है उसे उसी भाषा में ज़बाब देना चाहिए. प्रश्न है हम बातें ज़्यादा करते   हैं , क्यों? जिस दिन से जबाब देना आरंभ करेगें ,  वातावरण बदल जाएगा.",1
"Ananya kuch toh karlo apne zindagi kee saath, IIT mein bhi nahi ghus paaye 😂",0
Abhishek Singh yeh Banda humara bhai hai!!!!!!,0
Engrazowali lout .......viyaj kam......charjis jiyada.....,1
Is gadhe ke gand main itna bambu dalo sala marhi jaye,1
Please... Kuch karo... Yarr...Javan marte he dil me bahut dard hota he..,0
आइये digital india से जुड़िये..... और घर बैठे लाखो कमाये....... और दूसरे को भी कमाने का मौका दीजिए... कोई इनवेस्टमेन्ट नहीं है...... आईये बेरोजगारी को भारत से उखाड़ फेकने  मे हमारी मदद कीजिये... JOIN लिखकर इस WhatsApp no.☎ 8602565336 पर send कीजिये......,0
"#अन्ना की हालत गुरु #द्रोणाचार्य जैसी हो गयी है,  हस्तिनापुर के सम्राट के पापो पर मौन,   #अर्जुन के खिलाफ धनुष ले कर खड़े है।",1
desh me man ki baat sirf aik insan keliye. uski gulami murk bhakt kar raha hai.,1
युवराज सिंह को इस पारी की जरूरत थी : महेंद्र सिंह धोनी.....पढ़ें....http://t.co/JFZV802xvg,0
Bhai..kamal kr  diya..ab ye Bali bahu  kya hai...saas Bahu ka daily soap..,0
Aaja peg laga le burraaaahhha,0
Wahh mere desh k laal kya khoob likha hai ....,0
"A pura digital and demonitaization ka maya tho sari dhesh koo nahii ja sakta, illiterate ko literate pey depend karna kam haii. a sari dhuniya ko achha kam nahi, kam logokii dhan ka loot haii.",0
Kaash 11th 12th padh lete 😂,0
Tm sali bhai ka lund chusti h to gndi kon hua ab tu bol,1
Rashid abhi tak to kuch kiya nahi usi par  jhoot faila rahe ho..ab sachmuch kuch karenge..kuch aisa ki kai saal tak yaad rakhoge..us such ko bayan karne wapas fb me aana..like thokunga..,1
Pagal ho gya hai abp news vala,1
Abe sun lo kuch kaam ki baat ho rahi hai,0
Mazaak karna tha toh dhang ka kar leti 😂😂,0
Kumar viswas ji n jo kuch kaha tha wo sahi bola tha AAP ka jo manifesto tha usse wo alg hi chl rahe hai .Sasan ki dor janta k hath me hoti use pta hai kb  kya krna . Jaroorat padne per janta samay samay o sabak sikhati rahti hai ..,0
bhut bdiya kiya...aase hi hmare neta log...........yahi maan izat milni chahiye inhe,1
Gai agar maata hay  Toh bhais uncle hua na   😂😂😂😂😂,0
Abey phle likhna Sikh anpad ki aaulaad phir jake kisi ladki ko set kario saale Teri itni b aukaat Nhi ki tu Ambani ke jamadaar ki beti ko b set karle,1
Raj Rohilla  haha fake news say jitna chay happy ho jao,0
Fir sare santidut kaha busy h kabhi to desbhagati bhi dikhani chahiye or isme kisi ki burayi nhi aatanki mare gye h isko bhi condem nhi kr skte ye kiski bhagti h,1
Jab se sala modi pm bna h kitne hmare jawan saheed ho gye h. Ye sale bus badla lege badla lege. Kisi minister Ka beta kbi saheed huya sale Bs lut rhe hai. Desh Ki Janta ko pta Ni kya dekh lya modi ne. Sale Sb pagal h gye h. Pachtayege sab,1
A kaam ager koi Indian crickerr karta to our better hota,0
"अरविंद केजरीवाल बोले, लगा था कि इस्तीफा देने पर जनता तारीफ करेगी...खबर पढ़ने के लिए लिंक पर क्लिक करें... http://khabar.ndtv.com/news/election/thought-public-would-praise-us-for-quitting-arvind-kejriwal-to-ndtv-385711?KhabarFB=007",0
Jitna inko diya hai utne me se 10% army walo ko de de govt jo border me desh ke liye mar rhehai,0
Aur teri maa soch rhi hogi kis chutiye ko paida kr diya,1
"पठानकोट के पास संदिग्ध कार बरामद, 4 से 5 संदिग्धों की तलाश जारी  http://khabar.ndtv.com/news/india/car-seized-pathankot-jammu-kashmir-car-terrorism-1638018",0
Modi chutiye se puch jo notebandi se Atankwad ki kamar tutne wali thi uska kya hua ?,1
khujliwal ko 15 seat se jyada nahi ayegi bhai dekhna,0
दिन भर मोदी योगी का गुणगान करते रहते हो मीडिया तभी 178 रैंक आई 180 में से लगे रहो दलाल,1
Ananya Sharma dekho zara apne aap ko 🤣,0
"छके हो तुम सब, पोलिस की आड़ में औरतों की तरह fb पे बड़बड़ करते हो",1
Modi ne thik kaha tha congrats ne (saath 60) saal  m na Kiya hum 60 month m karenge well-done,0
Nahi jhoot he Hamne nahi kaha ke paak buzdil ne surgical strike ki he. Tum to zaalim shimar ki qoum ke ho Zibaah karte ho,1
Sir please Rajnath. Sing chhatishgard me hamare Javan ke uper hamlahua  Aap jalshe jald un maubadioko pardalo,0
Sarkar akhir kab tak sahti rahegi ab bahut ho gaya Sarkar ko ab aise logo ko kuchal dena chahiye. Jay Hind.,1
Waise bandhu jet lag se bachne ke liye Raat ko 10 baje ke baad so jao,0
"श्रीमन प्रधानमंत्री जी, आपके हौसले तथा इरादे को सलाम। अभिनंदन !!!!!!",0
Bhai hasne ki baat nahi jiska ghar barbaad hua hai usse puchi sharam karo hane ka moqaam nahi hai,1
Aur jo Maine kha wo humari media NE Nhi tumhri media NE kha h phle YouTube pe jakar dekh,1
Bhosdi ke jb tumhare ghr me koi subh kam hota hai to ramayan krate ho kya... jo tumhara dharm manjuri deta hai whi na krte ho... To wo yogiji ka ghr hai ab aur wo hindu hai to hawan puja hi n krayenge....,1
Salute hai bhai tujhe  Allah pak ghar walo ko. Shanti  da,0
क्यों कभी किसी फीमेल राजनेता के साथ ऐसे हादसे नही होते?!! यह स्पष्ट बताता है कि यह ऐमपी ही हरामी व्यभिचारी है! ईसकी छानबीन करो और उजागर करो ईसको,1
sarkar ke miss managment ne..,1
आप के आदेश से उनकी जान वापस नहीं आयेगी । अब तो बड़े बन जाये ।,0
बजरंगी भाईजान' ये क्या आपने तो 'असली चांद नवाब' का सब कुछ कॉपी-पेस्ट कर लिया... #BajrangiBhaijaan,0
pata hai bhai.. sabko pata hai.. pr kya kare majburi ka naam Narendra Modi..,0
"लाल लकीर'। इसे पूरा करने और इसके बारे में लिखने के बीच खासा अंतर है। इसकी वजह बस इतनी है कि हृदयेश जोशी ने बस्‍तर के बहाने देश के बड़े हिस्‍से की पीड़ा का जिक्र कागज के पन्‍नों पर जाहिर किया है, वह पूरी कहानी आपके दिमाग में उतारने के साथ उतना....#VicharPage",0
arendra singh तुम   सिर्फ   हिन्दू  मुस्लिम   कर  सकते  हो  और  कुछ  नही कर   सकते,1
Par bhakt kehrahe hai k modi ji ko mila  Fadnavis ne toh twitter par wish bhi kardiya modi ji ko,0
Khak hit de rhi hai khan sala... Dr ke maare ed pr release krta h... Tublight ka to aukat pta lg gya bahubali ke samne.. Fat gyi salman ki,1
आज हम जैसों को पहली बार ईमानदारी से कमाने का फायदा दिख रहा है 😄,0
जे चोदू ही बचा है जे बकचोद आ कहा से जाते है,1
Are 48 65 71 kargilme jam ke mar khaya tumhari na mard armyne ye tumhare shaitan sarkarne. Are tumhari hijdi army wo kam karti hai jo darindebhi nahi karte are murde jismki kharabi karna gidado aur chilo ka kam hai jo tumhari hijdi army karti hai. Aur tumhari kayar sarkar apne desh ke mare hue jawanoko pehchannese inkar karti hai. Tumhara paikhanastan america ki Randi ban chuka hai. Sharm se maro salo,1
पहले बेहतर सिस्टम बनाना होगा सख्त कानून लाना होगा जिससे अकाउंट हैक न हो सके तब कैशलेस होना चाहिए,0
sare netao ko aaj kasam khake imandari se mehnat se kam karana chahiye,0
Bjp 30 aap ko 299,0
Isko border aur Kashmir me le jaa k haatho  me Gun Pakdaa k un Terrorist k Saamne khada kar do...Fir dekho kya bolta he Yeh Paagal...,1
Pehele jao bhai...Koi rok koi tok nehi....Pahele jao.....Bahut bahut badhai,0
s comnt ka screen shot le k save krlo :D mri bat 100% sahi sabit hogi :),0
Wo bhi YouTube pe dikha raha hai mac book se 😂😂😂😂😂😂😂😆😆,0
Qamar bajway sab ne kaha hay hmaray Armi cheif ne k ...hum ne koi bhi india k fuji ka sr aLag nahi kiya .. or na hi koi or bay hurmti ki hay,0
Sarkar ko inka dard nahi dikhega abhi koi talak aurat rori hogi  to sare bjp ke neta samme aajate aanso ponchne,1
Laud speaker 1934me bana usse pahle Allah kisme sunta tha,0
Chara chor naitikta ka paath padha rha h....,1
"अब कहावतें उल्टी होंगी......सच का मूँह काला,झूठे का बोल-बाला.....",1
Keral me bjp karkarta bomb bnate waqt vispot hune ki wjah se mara gya,0
ek khiladi       Sab pe bhari,0
Saala bohot paka diya hai bike launch ke naam par,1
Yar mojhe bhi ata hai  But hum sub jo fb mai jo kar reha hai woh real nahi  Hemari real life he real hai jis mai hum sub milkar rehte hai  Hai Thori hasi mazak hoti hai Lakin serious nahi hona chahya Werna oska fayda koi aur othayga,0
Pareshan black money waley hain naam garibo ka lia ja raha hai !,0
Kuchh nahi kar sakte tum log bas.. Hath pakad K baithe raho,1
"भाजपा  सरकार  केवल  कड़ी  निंदा  करना  बंद  कर  दो  और  पाकिस्तान  को  जवाब  दो  हम  भी  तंग  आ  गये  है  ये  हर  दिन  खिटपीट  से  खत्म  करो  कहानी  ,  जंग  मे  कागजी  अफदाद  से  क्या  होता  है  हीम्मते  लड़ती  है  तादाद  से  क्या  होता  है  ।",1
Koi Bhartiya Song Gaa Dete kya ho raha hai ye,0
Bank me paisa rakhne ki zarurat nahi doston,0
"वो मेरे पुरखों की जागीर, करांची , लाहौर वो कश्मीर, वो बिलकुल शेर की सी तस्वीर, वो पूरा पूरा हिंदुस्तान ,  मैं उसको ढूंढ रहा हूँ !🇮🇳",0
Sahi  Jagah nishana  lagaya  hai  Khali  nahi  jayega. Shayad  yeh  formula hafiz Saeed  aur Davood  ki bhi  samjh  mein aa Jaye. Jis  din Davood  ne  modi ki tariff Kar di ?,1
"एक बोला यूपी चुनाव में अबकी बार किसे वोट दोगे मैंने बोला "" भारत माता की जय ""  वो तुरंत बोला अच्छा बीजेपी वाले हो ....  दूसरे दल दल हुए लोगो को वोट करने से पहले एक बार जरूर सोचना  भारत माता की जय बोलते ही मोदी क्यों याद आता है  कुछ तो बात होगी बन्दे में   अबकी बार सब मिलकर बोलो ""भारत माता की जय """,1
Ye Terrorist logo ne puri duniya me asanti failake rakhi hai. Mar dalo sabko....jai hind...,1
Aur tumhari ma behan ko hala ke nam pe koi aur chodta hai madhar chod uska kya,1
Jai ho Hemant Kumar baba ki.....Yuva सांसद ghaziabad hemant kumar,0
Pahle ghat se duaman ko khatam karna hoga naksalvaad aur agar use hi khatam nahi kar sake to bahar ladna to door ki baat sochna bhi galat hain,1
Hamare body se jara si kat jaye aur khoon nikle toh kabhi bandaid laga lo kabhi baraf laga lo.... Aur log pura ka pura gai bhaise aur dusre bezubaan praniyo kat ke kha jaate hai aur toh aur video bhi banate hai.. Wah re insaan tera kooooi jawab nahi,0
MODI VERODHI IS BHASHAN KO JARUR SUNE OR APNE COMMENTS DE,0
Hn ma to bas dikha rha tha ki cool h,0
Yuddh ki taiyariya karo modi ke 5sal pura hone se pehle last year me yuddh nischant hai,1
"Jab insaniyat mar jaye to istarah ke hadse hote h.. Kash insan, insan ki kimat samajh jaye. Nahi to ye Jo sierya m ho raha hai yeh puri duniya m honga...",0
yaar koi hindi me ago.. kya uni puli lags rkha hai,0
बद्नाम ह्यूमन तुझे शायद पता नही अब फेसबुक पे सब लोग जान गए है फेक डिपि वाले फेसबुक अकाउंट #भाजपा आईटी सेल के होते है😂😂😂😂,0
God inki atma ko shanti pradan kare,0
बीजेपी और आरएसएस पहले #पुलिसस्टेशन फिर #लोअरकोर्ट फिर #हाईकोर्ट फीर #सुप्रीमकोर्ट के #वकीलों और #JudgeO और #NIA #CBI और #Media को #Confidence मे लेती हे फिर अपने #नापाक काम  बजाती है और #Opposition को सुला कर रखती है या सोती रहती है,1
Ab ao kabhi Bengal pe!😂,0
Sarkar desh me kisibhi tarah ke opening me bhaglene pahoch jati hai,1
Beta agr demagh say kaam laytay to tum hi jeet jatay....,1
Congress wale toh naksaliyon ka samarthan karne walon ke saath jnu mein kandha milatein hai  Aur aaj jnu mein in humlon ke liye party rakhi gayee hai,1
PARLIAMENT mein <50 MPs. hote hain teri party ke; bakwaas sabse adhik karta hai???,1
kya garanty ki voting machine m garbari na ho vote kahi dalo jayega bjp ke khate mai aisa ho raha hai iski garanty kaun lega,1
Sali pura hindi bol angrej ki chudi,1
ab teen din jo bacha hai sansad ka BJP wale khud hangama karke sansad chalne nhi denge aur PM ko bolne se bachaya ja sakta hai qki BJP ko mudda mil gaya hai Aaj Tak ke sting ka pr qya BJP aur Cong k netaon ka b sting kiya gaya hai kale dhan ko badalwane ka,1
"( पंडित पुरूषोत्तम आचार्य जी )+91-7410969065 स्पेस्लिस्ट- लव मैरिज ,वशीकरण, सौतन दुस्मन छुटकारा ,पति पत्नी अनबन  नंबर ,, एक बार फ़ोन जरूर कर( धन्यबाद ) whatsapp+91-7728891693",0
deshi anda khilao tab to kuch fayda he,1
Y news channel wale bhaiya kyu fokat ki baat karte firte ho fake nhi to fokat ki baate karte kyu ho,1
Bye bye Reliance chor mobile.,1
"Touhid Hussain at least hum article padh k comment krte hain, tum logo ki tarah BJP dekh k galiya nhi dene lagte.",1
sir app bhi jio aur dusroko bhi jinedo jio ke sath,1
"Abe tum SP, BSP N CONGRESS k bakchodon ko kam dhandha ni h kya....media enlightenment k liye kuch b karte h......jahan jake marwana h...marao...mere desh se bhago..",1
यह फिल्मी हिरो है डायलग बोलने तक ही है जनता उसिसे खुश है खूब तालिया और भोट बटोरते है,1
Syed Shanam Haider agar tu asli musalman  hai aur iss desh se Tu pyar karta toh likh Bharat Mata ki jai,0
JNU बडा मुद्दा है या हरियाणा कांड...  जिसमे 35हजार करोड बर्बाद हो गए सैकडो लोग मर गए क्या चुतियापन और दिवालियापन है लोगो का...  लोग ही जिन्दा नही रहेंगे तो देशद्रोही नारे क्या करेंगे बीजेपी से कुछ निहत्थे जाट नही संभले...  क्या इसी दिन के लिए हरियाणा और केन्द्र में बीजेपी बनाई थी की 35 हजार करोड़ का नुकसान करवाकर सरकार आपने अमले सहित अपनी पेन्ट खोलकर जाट दंगाइयो के सामने झुक जाएगी,1
Bhai yeh kya.music hai.....yeh to kisi dawai ka launch lag raha hai,0
BAt jinda murga khate h or tum jinda logo ka khon peeta ho,1
"Kab tak hamare senik ese hi marege or neta bas bakbas karte rahege .... Kabhi atankbadi ,kabhi nakksalbadi",0
Change kro   home minister........ Hijda sala rajnath.. Hmate sainik mr rhe hai.. Ye sirf nindaa krta hai...,1
जेडीयू ने मांग की कि लोकसभा में विपक्ष का नेता कांग्रेस से होना चाहिए,0
Har Ghar modi.. Jai modi,0
abe khan aaj tu modi ki wajah se zinda hai samjha katue mc bc chutiye suar ki aulad,1
"JOB JOB JOB →मोबाइल से 10000-50000 रूपए..  →प्रति महीनें कमायें बिल्कुल फ्री, तो →Play Store से *Champ Cash* →App को डाउनलोड करके अपना →रजिस्ट्रेशन करें। →Referal ID मांगने *14606214डालें.* --> 7 से 8 app डाउनलोड करके 2 मिनिट तक खोलें. -->जोइनिंग करते ही 62 ₹ मिलेंगे.",0
Hm khud ko pahle badle sb apne aap thik ho jayegi wada hai mera,0
aapke muh me ghee shakkar,0
"aisa uphar jiske aane se desh me ab tak sabse bda sukha pda ha,log paani ki ek bund k liye tarap rhe",1
Naveed Shahid aap log to pehle Sarabjeet ko maan hi nahi rahe the ki vo Sarabjeet Hai aap to use kuch aur naam de rahe the. Ab jab aapki government ne maan liya ki vo Sarabjeet Hai koi terrorist nahi to aapne usse dokhe se maar diya. Ye aukat Hai aapki. Aapko to sharam aani chahiye.,1
"Ninda mantri abhi tak chup hn,ninda kijiye jaldi karwai to bas ki h nahi",1
khun khol raha he sale kuch nehi kiya sale...unko gar denge sale kat kat sale,1
Gaytri mantr jap raha hai ye to hai na #Bhakt,0
अहमदाबाद में सताए हुए पुरुषों के लिए हेल्पलाइन...खबर पढ़ें...http://t.co/yERfptxLYr,0
Sorry agar aap Ko Bura Laga ho to. Par kya kare mahol hi aisa hogaya hai ki Bina bole Raha hi nahi jata.......,1
Tumahri 2 post barbad kar di 7 kutte mare gaye vo bhi sau rahe the kya ?,1
एयरटेल सुपर नेट है जियो 408 रुपय बिना नेटवर्क सर्विस के लुट रहा है जी हमारे जहा 20 केबी स्पीड है वही एयरटेल 4g 2mb स्पीड दे रहा है  में मीडिया को कहना सहता हु की जिओ केवल fak fak fak कंपनी है 408 का रिचार्ज किया है उसको भी वोही डेटा मिलता है और रिचार्ज नही किया उसके भी नेट चलता है,1
"Jaise jalane ki parampara samapt kar di gayi, waise triple talaak bhi samapt kari jani chahiye, agar talaak lene hai toh court se lo, jaise sabhi dharam mein hota hai",0
"Chup kr chara chor,,,bihar ka kya hal kr diya hai aur chala hai modi se tulna krne,",1
"आराम से बैठ कर चारा खाये,मिट्टी खाये और हमें आगे आने की सोचने दे",1
Sahi baat  up ko aap jaisa cm nahi milega,0
Ak kutee jutee se maro harami he ak,1
China ke saman ka bahiskar kyo ni ho rha h,0
Ha ha ha ha tumko maar denege agar cow ko khaya to .. Magar tere in bhakts ko hum nahi chorenge .. Kuttu indians,1
aap rss  bjp[ ya congress ki hi baccha party he.agar rss bjp ki baccha party he to musalmano ko dhokha de rahi he.congress ka baccha party he to janata ko dhokha de rahi he. janata ne ek baar dhoka kha liya bar baar nai khayegi. vikalp talashegi.,0
"पढ़ें रवीश रंजन का ब्लॉग  बुंदेलखंड की डायरी : किसान, कर्ज, आत्महत्या और नाउम्मीदगी की कहानियां",0
कोई भी देश एशिया का दादा न बने : चीनी राष्ट्रपति शी जिनपिंग...खबर पढ़ने के लिए लिंक पर क्लिक करें... http://khabar.ndtv.com/news/world/no-country-should-dominate-asia-chinese-president-xi-jinping-389038?KhabarFB=007,0
सुब्रत राय सहारा की जमानत अर्जी सुप्रीम कोर्ट में खारिज #SubrataRoy #Sahara,0
Congress me sare leaders DNA ke hisab se banate hai.,1
सात सिरी आकाल वाहे गोरू जी का खलसा वाहे गोरू जी की फतह जय हिंद अमर रहे,0
Hindustan ke pseudosecularisto ke jagne ka samay AA gya hai...abb dunia dusre daurr me jaa rahi hai behtar hoga wo bhi sath chle...nhi to wo bhi kisi kaal khand me khoo jyenge....ya fir wo yahi rajneeti kre or majority logo ki baddua le...,1
"+91-9660919340 प्रेम-विवाह }}{{ मनचाहा प्यार }}{{ काम-कारोबार }}{{ पति - पत्नी में अनबन }} +91-9660919340 लव मैरिज ,वशीकरण, सौतन दुश्मन छुटकारा ,पति पत्नी अनबन गृहक्लेश ,कर्जा मुक्ति , ,निःसंतान, एक बार फ़ोन जरूर कर Call Now +91-9660919340",0
deshbhakta azad tumhare Bhool ha jub b India n.a. hamla Kia to moon ke Keane pare usko chaye peenay aye the tumhare army py kar nhi gaye Kia huwa tha usko bhage Q the waps han jawab do darpuk army India ke,1
संसद में कामकाज बाधित होने के संदर्भ में कांग्रेस पर निशाना साधते हुए प्रधानमंत्री नरेन्द्र मोदी ने आज विपक्षी दल से नए वर्ष में यह संकल्प लेने को कहा कि वह देश के विकास की खातिर संसद में कामकाज चलने देगी। #NarendraModi,0
"हम पत्रकारों के बारे में आम जनता में मुगालता भले ही हो कि पुलिस इनके साथ फ्रैंडली है, लेकिन वह सभी पत्रकार साथी जो अब भी खबर अपने हिसाब से लिखते हैं, प्रेस नोट के लिहाज से नहीं, हमेशा ही पुलिस के राडार में आने की आशंका पाले रहते हैं। लेकिन जिनसे कोई बैर ही न हो, वह कैसे किसी हिंसा की लपेट में आ सकता है?",0
Jab politicians ka paisa settle Karna hi tha aur officer ne bhi sab set kar diya hai toh kya fayda hua iss scheme ka,1
आठ सिटे भी नही आयेगी राजस्थान मे बीजेपी को,1
गधा है यह नेता बिगड़े बोल नही बोलने चाहिये बल्कि जुते मारकर दिखाना चाहिये कि कांग्रेसीयो तुम सुवरो की यही औकात है😠,1
Bahot dukh ki baat hai pr 7 saal pahle bhi yhi hua tha ek bar aur sarkar dwara kadi ninda,1
Home minister Ko hatao .Ye sirf baat karna jante hai.inse kuch hone wala nahi hai.na inse Kasmir samhal Raha na kuch aur.,1
Voting evm se hogi ya balot paper se,0
"रविवार की शाम को कैलिफोर्निया स्थित लॉस एंजेलिस के डॉल्बी थिएटर में होने वाले 89वें अकादमी अवॉर्ड्स में आखिर कौन विजेता है, किस फिल्‍म का बेस्‍ट फिल्‍म का पुरस्‍कार मिलेगा जैसे हर सवाल के जवाब पहले से ही दो लोगों के पास हैं. पढ़ि‍ए यह खबर.  #89thAcademyAward #OscarAward",0
तो तू मुसलमान बोल ले अपने को दिक़्क़त ख़त्म हो जाएगी।,1
Salman k shiva or koi nhi dene bala super star,0
जब तक पथरबाजो से प्यार करेंगे तब  तक तक यही होगा,1
@ShekharGupta के साथ चलते-चलते में रात 9.30 देखिए #Flipkart के संस्थापकों से खास बातचीत... khabar.ndtv.com/video/show/chalte-chalte/walk-the-talk-with-flipkarts-founders-362311,0
"कंटपा ने बाहुबली को क्यो मारा ये तो आप को पता चल जाएगा , लेकिन नोटबंदी से क्या लाभ हुआ , ये हास्यपद और गोपनीय ही रहेगा ! मीडिया के पिछले जुमलो का स्मरण करिए , ये देखिये नक्सलियों की नोटबंदी से  कमर टूटी , नोट बर्बाद हो गए , पाकिस्तान को मुह की पड़ी , आंतकवादी की कमी , इससे तो ज्यादा हास्यपद मीडिया दाऊद इब्राहिम की नोटबंदी से कमर टूटने , दहसत मे होने की ख़बर देता है !   सवालों से घिरा पिंजरा है , पंछी फ़ुर्र है !",1
बाबा जी काे साष्टांग डण्डवत अापके मुखार बिन्द से पाकिस्तान के बारे मे अनाप शनाप बाेलना शाेभा नही देती !,1
full thi booking 🤣 yehi dekh kar experience kar lo,0
आरक्षण मे प्रधानमंत्री रक्षामन्त्री राष्ट्रपति सर्वोच्च न्यायाधीश कुलपति सेनाध्यक्ष आदि होता तो देश को ये दिन देखने नही पडते इतिहास गवाह है चन्द्र गुप्त अशोक इत्यादि के शासन,0
"🎵🎵🎵🎵🎵🎵🎵🎵🎵🎵       Jk के - ""सुअरों"" को /    Ak 47 की - सख्त जरुरत /   सिर्फ दो दिन - इस्तेमाल किजिए /  सारे, सुअरों के साथ - कचरा भी, साफ /    ""स्वच्छ भारत अभियान"" 🎵🎵🎵🎵🎵🎵🎵🎵🎵🎵",1
bike dikhane m hi sharam aa rhi h bajaj walo ko,0
Yesh aj ka prime time isi per,0
sala no 1 Gandu company tha.....80 cr me bika hai....lol,1
Ye Rajneeti badlne aaye hai ab sabko bina padhe hi digry mela karegi or sab ko  Mantry padh bhi. Lain me lag jao sab ka number aayega.,1
"एक सैनिक की चाहत !  किसी हमले में यदि शहीद हो जाऊँ, तो श्रद्धांजलि में #निंदाप्रथा बैन कर देना..",0
Akash me tujhe chodna chahta hun mera Lund 7inch long strong hai tujhe choosne me buhat maza ayega,1
"Dominar launch kar rahe hai ya ., Indian idol ka audition kar rahe hai ?",0
Border pe jawan saheed ho rahe hai.  Or inhe AAP ki padi hai,1
Ahhahahahhahaa jaise hmara dil ane se to valentines manaa lia na us bnde sath😂,0
me bus ek chej chata hoo modi aur yogi ji se weh pakistan aur bangladesh se sabhi hinduo ko le aaye.,0
App kanhi nahi gaay vinod sir.... aap yanhi he hy...,0
"असली चारा चोर पंडित जगन्नाथ मिश्रा थे जिनके परिवार को टिकट NDA  ने दी है , गुंडे ,मावली लोगो को ज्ञान की बाते शोभा नहीं देती है ..............",1
Mohamed Gaffar  mujhe pta tha tum b.c mulle jrur aoge fat gyi h n teri,1
पाकिस्तानी सैनिकों ने संघर्षविराम का उल्लंघन किया और जम्मू जिले में अंतरराष्ट्रीय सीमा पर 12 सीमा चौकियों पर भारी गोलीबारी की तथा मोर्टार दागे... #PakistanFiring,0
Agar Sach Hai akdom thik kiya un kutto ne Jo pathar Mara us haramio ko kutto 2no milke Mar Dena chahiya tha,1
"आम बजट पर प्रधानमंत्री नरेंद्र मोदी की प्रतिक्रिया, उम्मीद को भरोसे में बदलने वाला है यह बजट",0
Behenchod jhatu saala garibo ki maa chod kar raha hai haram khor,1
"Bhaijan mera business partner ka naam alisher h ,hum aaps me ak dusre par aankh band krke vishvash krte h",0
barbad-e-gulistan karne ko ek hi ullu kafi tha ab haal-e-gulistan kya hoga har shaq par ullu baitha hai.in jaise logon ki wajh se hi aaj hmari yh halat h,1
विश्व के सबसे बड़े रेडियो दूरबीन ने दक्षिण पश्चिम चीन के गुइझोऊ प्रांत के एक पहाड़ी क्षेत्र में रविवार से काम करना शुरू कर दिया है.,0
"#JAIHIND #BHARATMATAKIJAI  #JUMALABAZI OF #JUMALABABU FROM #JUMALAPARTY   Hahaha, Hahaha, Hahaha, Hahaha, Hahaha, Hahaha, Hahaha, Hahaha, Hahaha, Hahaha, Hahaha, Hahaha, Hahaha, Hahaha, Hahaha, Hahaha, Hahaha, Hahaha, Hahaha, Hahaha   #TIMESNOWTRUMPED  #TIMESNOWBJPPAIDMEDIA   #FEKUMODI #FEKU #RELIANCEKAPM #ACHEDIN #TUGLAK_JUMALABAZ #BAKTAARDS #BAKTOLGY #TUGLAK_JUMALABABU",0
Yeh mahapurus kaun hai .saale bhabisyabani karte hai.,1
abe ye ho kya rha hai ... pehle aurat chilla k gai ab ye aa gya,1
चुप पे चूतिये जब साले जानते नहीं हो तो नाक मत घुसेड़ा कर कांग्रेस ने अगर कुछ नहीं किया तो बैलगाडी पे क्यों नहीं चलते हो तुम लोग,1
वन रैंक-वन पैंशन: पूर्व सैनिकों के साथ धरने पर बैठीं मंत्री वीके सिंह की बेटी http://goo.gl/aUHxVE #OROP,0
"Do din baad phir sab normal ho jayega....yeh sab election time hi tak keliye hota hai, ek sar ke badle das sar 😁",0
Job Job Job Home based job   Part time job करके rs 15000 से 50000 कमाना चाहते हैं तो आइये Digital India से जुड़िये....Zero Investment.....  join होने के लिए आप:-  1⃣अपने फ़ोन के play store से #Champcash Ad Junction install करें।  2⃣अब app ओपन करें और sign up पर क्लिक करके अपना detail भर दें।  3⃣refer id of sponsor पूछा जायेगा वहां 7325109 डाल दें।  4⃣challenge complete करें आपको 1$=62rs मिल?ेंगे और आप business से जुड़ जायेंगे।   अधिक जानकारी के किये संपर्क करें:- 🏹एक बीस्वास अप का जिन्दगी बदल सक्ती हे🛩,0
Fahad@ police kya karegi .dangaeo ke satha C M mamata khadithi Avi tak kya karbi hui ? Media iss bat kinu nehi uthai,1
कहते तो हैं भले की लेिकन बुरी तरह ।,1
@tashreef Abe suar. Abhi Centre aur Mp dono me BJP hai. Agar vo chahte to yeh apne member ko bacha sakte the par inhone esa nahi Kiya aur uss ISI ke agent ko pakdaya. Yehi saabit karta hai ki Modiji kitne acche leader hai.,0
"world famous astrologar pt. Vinod Swami ji      call & whatsaap no.+91-9928827268  चारों तरफ से दुखी व् निराश व्यक्ति जरूर संपर्क करें  समस्या कैसी भी हो घर बैठे100% समाधान जैसे : लव मेंरीज ,प्रेम   प्यार,वशीकरण ,किया कराया,ग्रह क्लेश,+91-9928827268",0
आप लोग बोलों तो अंजना ओम् कस्यप को भेज दे वो भी मस्त ऐक्टर हैं,0
Kashmir bharat ka tha bharat ka ha aur bharat ka rahega,1
Sale ko sabkuch free mil raha hai.. isliye bc tevar me h ye..,1
"साउथ सिटी गुड़गांव का आर्केडिया कॉम्प्लेक्स बम की सूचना के बाद खाली कराया गया, जांच के बाद बम की सूचना गलत निकली",0
सबसे पहले अलगाओबदियो को सुधारो उनकी हमारे पेसो से मोज बन्द करवाओ उनकी सुरक्षा वापिस करो उनके बेंक खातों को सार्वजनिक करो उनके सोर्स अव इनकम देखो उनके बच्चे क्या कर रहे हे कहा पड़ रेहे हे तब आतंकी इन हरमखोरो को ठोकेंगे ओर समस्या खातम,1
बेहतरीन जानकारी दी आपने रवीश सर,0
"Maya raaaaaa,,,,,,,,pura saal mein kitna din hota ha navratra or ganesh Chaturthi",1
"हालात यही रहे तो जो हिन्दु-मुस्लिम के बीच आज दरार है वो कल खाई होगी,  भरेगा कौन❓  लाशें‼️  भारत में जितने हिन्दु-मुस्लिम विवाद बढ़ेंगे, पाकिस्तान उतने ही ज़्यादा भारत में अपने रंग दिखायेगा,  मुस्लिमों की गिनती सिर्फ भारत तक ही करने की भुल मत करो!!!!",1
Sumeet Bishnoi bhai story Mey change kar na hoga.. Gang of wasseypur 3,0
Pradeep Rotti Ab lag raha hai BC kaam tha ye,1
Job🌵Job 🌵 Job अब घर बैठे कमाएं 15000 से 20000 महीना वो भी बिना पैसा खर्च किए। 1⃣ प्ले स्टोर से Champcash Money Free इनस्टॉल कीजिए। 2⃣ Sign Up With Champcash  3⃣ Refer ID डालिए *5458362* 4⃣ Complete Challenge   Note : ज्वाइन हो जाने के बाद आप को WhatsApp पर ट्रेनिंग दी जायेगी.. आप को id बनाते टाइम जो मागा जाता है उसको WhatsApp वाला नंबर ही डालें my whatsapp no 9056294740,0
Iske pas ac room nahi hai iske room pe ek loud speaker set kardiye hai,1
Telegram me to kab se h or pin Wala option mujhe use krte hue bhi 2 month hogye WhatsApp me,0
Uphar hi bolo jocker ko. Bhakt ho na,1
महारानी के रहते हुई bjp आयेगी मोदीजी उमीदें ना पालो हकीकत मेजाओ तो कूछ उमीदें ह,1
"सलमान: हम बजरंग बली के भक्त हैं। मर जाएंगे, लेकिन झूठ नहीं बोलेंगे। जज : अच्छा... तो फिर बताओ कि उस रात गाड़ी कौन चला रहा था?",0
Rndi TV Aur Uske anti India fan's walo k Liye ye Acchi news nhi Hai....,1
Sartaz mia salaam hai apko...Jai Hind...,0
"भाई , कम्युनिस्ट्स का गद्दारी का बहुत पुराना इतिहास है, ऐसे ही एक गद्दार को मेरे पिताजी ने 1962 की चीन युद्ध के समय गिरफ़्तार कराया था क्योंकि वो मज़दूरों को भाषण देकर भड़का रहा था कि चीनी सेना आएगी भारत को आज़ाद करायेगी। ये बात मेरे पिताजी मुझे मेरे बचपन में यानि क़रीब 1980 में बताई थी तब से में कम्युनिस्ट्स का एक ही मतलब समझता हूँ कि कम्युनिस्ट्स मतलब देशद्रोही।",1
क्या सुरेश रैना को ऑस्ट्रेलिया के खिलाफ नंबर 6 पर मिलेगा मौका? http://t.co/wXk9SE4DZt,0
shri ram chandr krpalu bhaj man haran bhabya bhab daru nam nab canch lochan kanch mukh kr kancharu nam,0
kon sa mujhe wahan jane denge....,0
Are dekh ke nacho barns pant phat jaega,0
SUNDER BHAI CONGRESS BISCUIT KHILA RAHI HY KYAA AAP K PARIVAR KO ? YE DESH DROHIYON PE ITNA PYAR... KANHI BETI TO NAHI DEDI IN KO ?,1
Apke babaji ka ghr ni ha ye ...ao na kbe khushbu laga k,1
सम्पूर्ण राजनेता देश और समाज  हित के सबसे बड़े हितैसी बिना किसी भेदभाव के हमे आप पर गर्व है,0
Bmm fod diya vo kya km tha tum glt ko support krte ho tbhi to hr kisi muslman ko aatnki ki trh deka jata h,1
Naxalio ko to hum marenge hee par ye Jo patthar fek the hai na inn suvar ki aulado ki khaal me bhi bhusa bharwa denge .,1
Modi g kus nai kar raye h ase hi bolte rahte h,0
Aj pta chl gya ki bhakto ka murkh hona jruri hota hai..,1
आपके टीम को भी तो निशाना बनाया जा रहा है,0
हमारे दिग्गज कान्ग्रेस्सी नेता और केंद्रीय कोयला मंत्री श्रीप्रकाश जायसवाल ने कहा है की औरत पुरानी होने पर मजा कम हो जाता है..शर्म नहीं आती,1
Modi ji Isarail se kuchh to sikho ... Kaha gya wo 56 inch ka Sina....????,1
choro ko harane ke liye ham sabko saat milkar  enko harana chayey,1
Saale media waalo ko ess video k nain message se kuchh lena dena nhi ..but faaltu ka bakwaas krwa lo ense bas ...,1
Bjp ko itna seat nhi aayega,0
Ye to sach hai bhai,0
दिखा देते  लेकिन ये विधवा विलाप का राग अलापते है  उसका क्या,1
Kishore Kumar Adhikary agar desh hindut ho ta yahi ho chua chhoot ucha nicha aur bhi ho ta dangai aur hote gay bahais ke naam PE ladne wale aur hote aur usi taraf to ja raha desh Jo anpadta pahle thi loktant se kuch kam hui thi par fir se desh usi anpadta ki taraf ja raha hai,1
Koi kadam to uthaana hi hoga sarkaar ko,0
न्यायालय को अब किसी भी प्रकरण को सुनने से पहले सभी पक्षों से शपथ पत्र लिखकर लेना चाहिये कि वे न्यायालय के आदेश का पालन करेंगे कि नहीं और सुनवाई की समय सीमा तय करना चाहिये ।,0
Matlab noise pollution 11 12 baje tak kar sakte ho  aur 1 mint k liye azaan bardast nhi hoti...,1
Ater ki har pe naitikta ke adhar pe shivraj mama bi isteefa denge kya lulwe,1
Or Uttarbharat m Jo kanvad yatra hoti h jisse raste tak band ho jate h D.J. P bhonde gano par jamke nach gana hota h vo kiya h Bhai Babaji ki bhakti ? Mr. Sonu Azaan kuch garib hindu logo ko Jo 24  ghante apne pass Ghadi nhi rakhte unhe time bhi btati h  subh m dopher m sham m . or yadi aap noise pollution ki baat kar rhe h to  Aapka tarika bilkul behuda h .,1
Modi sarkar aise hi jawano ko marwati rahegi.aur shahido ko shardanji deti rahegi,1
Sach ki raah per chal ne wale alag hi nazar aate,0
"विगत 3 वर्षों में 575 जवान शहीद हुए , यह बात आपको दलाल मीडिया कभी नही बताएगा।",1
Abb public KO dhamkane wali job to rahi nahi.. To gaana bajana hi suru kar diya....hahaha Salmaan khurseed ne bhi suru kar diya. Diggi KO aur bula lo...,1
"समस्या चिंता जनक तो हो ही गया है, सोनिया  + राहुल दोनों नाकामयब होगये हैं",0
Turn shaadi kar Teri biwi tujhe talaaq degi,1
Kaha gaye wo log jo bolte the modi taramp ek hai ab sale mar gaye keya,1
"कितनी अजीब बात है कि एक काल्पनिक केरेक्टर बाहुबली की मौत का राज जानने के लिए पूरा देश थिएटरों पर उमड़ा पड़ा है ।काश कि इतने लोग मिलकर सरकार के सामने खड़े होकर यह पूछते कि बताओ आतंकवादी और नक्सलवादी हमारे फौजियों को कैसे मार  रहे हैं, तो देश की तस्वीर ही बदल जाती ।",1
ऐसे ही पाकिस्तान सर काट के हर बार ले जाएगा और ये नामँद हिजडे नेता चुडीया पहनके बयान बाजी करते रहेगे।भडवे साले,1
Sir Jio ka offer aur badav aur extend karo na sir,0
oy ya hindu or sikh drpok han sary ya sirf baten kr sakty han bri bri chor skty han bs hawa m buzdil or drpok han,1
Abi kitni ninda karoge aap....kya ase hi desh k Javan marte rahenge...jya ap kabi in logo ko ans nai doge,1
up mai bjp saaaf aab ki bar bsp sarkar,0
Jab log metro m chalenge  to apko yaad karenge,0
ab kahoge K yogi ji cm hn up k to apna secularism dikhane k lie roze bhi rakhne lage😂😂😂 bc aise log bhi hn duniya me jo aisi baate kr lete hn,1
Sir God apko himmat d logoko understand n ho raha,0
Modi ji ninda jarur karenge,1
Sharm kr bhakti m chur ho kr ye b bhul gya hinduo k liye b somvar or sukravar bhut subh h ya b friday ka mtlb srf jumma hi janta h,1
"अजाण 5 वेळा होते मानतो ,एका दिवसाला ,महिन्याला 150 मग आमचे गणपती 11 दिवस ,नवरात्र 10 दिवस दहीहंडी 1 दिवस तरीही आमच्या सणात desibal check होणार मी हे नाही म्हणत कि त्यांची अजाण बंद करा तो धर्म आहे कोणाच्या धर्म बद्दल बोलणं आपल्याला नाही जमत पण कमीत कमी त्यांच्या sound तर कमी होऊ शकतो.",0
"#AusOpen में बहन वीनस को 6-4, 6-4 से हराकर #SerenaWilliams ने रचा इतिहास, ओपन युग में जीते सबसे ज़्यादा 23 एकल ग्रैंड स्लैम खिताब",0
Chup be haramkhor chara chor,1
Zabardast to India army kya krrhi thi lagta maa chudwa rhi thi,1
आतंकवाद के पहचान के लिए  कुत्तों का नाम ही काफी है पाकिस्तानी नाम  मतलब आंतकवादी,1
ओऐ औकात में रह।तु होता कौन है पुछने वाला ।किस खेत की मुल़ी है।,1
Aaj phir do jawan shaheed v sad Modi g ko jagao plz kucch karo na marnay do unhi kisi ke bete bhai pati ya pita ko koti koti naman,0
Are hum bhi isipe kaam Kar Rahe hai... Ek din chototel ka bhi Pod aa jayega,0
baki ke 2500 500 cr ki wedding walo ke liye bhej diye jynge....f.o,1
Fatwa nhi Quran dekho ye tlaak nhi hui me cheleng karta  hu un  fatwa nikalne walo,1
Tru but bak toh karni hi hai,0
Ek sacha aadmi hi karshakta he aur bol shakta he,0
Ab sala yh khujriwal kya karyga tainshan ho raha hy yr,0
Modi ji or rajnath ji kuch nhi karenge hme permission De de hm marenge,1
"Cnbc thoda aage badho, daro mat.. Janta maaf kar degi",0
"Bhai waha log hi bewkoof the.....Ab bhugaat bhi toh rhe h, hm delhiwaale toh wese bhi kejri ka vote deke bhugat rhe h aur Bihar me bhi nitish Lallu ke sth mil ke bhugat rhe h",1
Galat kya bole sahi hai bachchho ka school time me mobile use ban sahi hai.aap dilwado apne gharo me fir dekho result kya hota.,0
भारत दादा रहा और दादा रहेगा,0
"बेटी की शादी के दिन वीरभद्र के ख़िलाफ़ CBI की एफआईआर, घर पर छापेमारी भी http://khabar.ndtv.com/news/india/cbi-registers-fir-against-virbhadra-singh-1223161 #VirbhadraSingh #cbi",0
70 me se 67 ke waqt kyu nahi diye istefa??? Kejriwal ko bura bhala bolne wale...,1
"विपक्षी नाम  की कोइ राजनेतिक भूमिका  आज के दिन नही है  विरोध प्रतिकात्मक रह गया है. शोर अधिक, प्रभाव और परीणाम शून्य..इसलिये उनके किये की  चर्चा ही अनुपयोगी है. जनता को किसी अन्य दल से अपेक्षा भी नही है भाजपा सत्ताधारी दल है. अच्छा  करता  है, नही करता है. उसकी मर्जी. कोइ रोकने, टोकने, नयी सलाह देने , विरोध करने वाला  नही है... भाजपा के लिये आज की स्तिथी मे  ईच्छानुसार  कुछ भी करने का अवसर है.  समय का लाभ लेते हुवे  अपनी ईच्छानुसार कर भी रही है.",0
haha gau aur bhains main keha fark hai wese kajol main khayea toh gau ko hai but dictator ke raj main darke mare ESE bol rahi haha😂👏,0
Jai ho modi ji ; hum app ke sath hai,0
Nahi kejriwal ki nautanki hai,1
मैडम कुछ केन्द्र सरकार के बारे में भी.....,0
Esme aalah aur bhagwan kaha se aa gye  tum allah ko gali diya aur wo bhagwan ko  ka fayeda hua tum dono ke chakkar me allah  aur bhagwan gali sun rhe hai,0
Nice Name Hai Tumhara @ABP News@ O:)    Visit : MultiBot.Ga,0
Modi ji jara ye talak walak or halala walala chodiye jara pls jawano k liye kuch kariye yaha apki sabse jyada jarurat hai,1
Sudhir Bhagat Sudhir Bhagat Kaha Kot Oh Randi Khana Yu Ja Hum Kot Khud Hai,1
Samajh nahi aata ki maarte bhi hain aur sar kaatkar le bhi jaate hain! Aise to ek din Delhi panhuch jayenge,1
भारत  मां  के वीर सपूतो हमे गर्व  है  आप पर और  आपकी शहादत पर...,0
"नवाज शरीफ, नरेंद्र मोदी के शपथग्रहण समारोह में शामिल होने के लिए भारत आएंगे",0
sale 2M milke india ke economy ko majak bana ke rakh diye,1
Tujhe bhi Aazadi chaye kya. .... Pigs,1
Sir kya gazab show dikhaya rat me prime time me..,0
आजम खाँ जैसे गद्दारोँ से भारत या भारती मुसलमानों के लिये अच्छी बातें सोचना सम्भव ही नहीं है।ये व्यक्ति पाकिस्तानी भाषा ही बोलेगा UN जाय या भाँड मेजय जाने दे इसको भारती मुसलमान भी कभी अपना शुभचिन्तक नहीं मानता है।,1
In saale netaoo ko apne apne chair ki fikr hai.. saalo... DUBB MARO TUM LOG...,1
Sahi kaha subah se kitni bar dekhli,0
Bhai 2 saal se bol rha hai bank account bna lo.. adhaar card bna loo.. kya tyaari nai ki.. log bhadkayenge kripya  patience rakho...,0
Aur Tu koansa Aadmi dikh raha hai madarchod... kisi Veshya khane kee Hijdi Munch vala lagta hai 😎😎😃😃😃😃,1
Bik gayi hai gormint....Saare mil k humko ch*tya Bana rahe hai,1
Ab kya krogi tm janch kroo machin ki,1
Kiyu ki kisi state ke cm ne amount ki koi limit nahi banti jis prakar electricity ki unit or amount hai kiya aise education private school main nahi hona chaiya,0
Ye asli aur sachha muslim hai,0
Aunty ji ab aap and mulayam teerth karne jaiye...Aplogo ka validity khatm ho gaya.....,1
Koi support ni kr raha hoon.atanki hai to usko saza do .but bekusur na pakdo.news ni padte ki 10 saal baad riha hua koi suboot ni tha police ne galat fasaya tha.isme hindu muslim dono ho skte hai.atankwad ko kyn support krega koi bhi,0
Jitna bjp ne kiya hai..Utna congress ne apne life time mein bhi kiya...Khali bakwas karte hai... Aur ninda karte rahete hai...,0
Pehle modi bhakt the ab yogi bhakta bhi aagye .... :P,1
"मोहब्बत है इकरार कहाँ किया,  अदावत करी मगर प्यार कहाँ किया।   मौलाना साहब आदत डाल लो। ना तुमने योगी को जिताया न भाजपा को।",1
akshe  kumar aaj kal modi ki chamcha giri main lage hai anupam kher ki tarah ...jab seniko k sath bura bartaaw kiya jata hai tab kyo nahi bolte akshe kumar ...chamcha giri joro par hai ......,1
Koi mana kiya h un jaane se shauk se jaa sakte ho,0
"बहुत अच्छा किया अन्ना जी , ""आप"" ज्वाइन करना जीवन की सबसे बड़ी गलती है,केजरीवाल के साथ साथ आपका भी नाम ख़राब हो जाता ।",0
bhai tum sb chodo politician sonu nigam sb politics hai hai but kashmir m jo ho rha uske bare m ap kya bologe hmare jawano pr is trh ke hmle hote hain uske bare m kya bologe o to kisi politician a person k liye nii hai pure desh k liye hain,0
आवश्यकता है लडके एवं लडकियो की pantjali heath care में (राज्य एवं जिले अनुसार) हेल्पर- 8500+OT+ रहना+ खाना सुपरवाइजर- 12600+OT+रहना+ खाना (अनपढ से ग्रेजुएट तक)[उ०प्र० एवं बिहार मे and other states] सम्पर्क नं०- 7991766327 ( whatsapp),0
1hafte se Sare ATM khali Hai 209601 k khul to rahte hain. Par paise Nahin Kabhi milte Yahan. Not bandi k baad se aisa hee haal Hai yahan,0
1000 caror+ jayegi ye movie mera ashirwad jo hi enke sath :),0
kam se kam army ki to izzat rakhlo ab ise bhi modi ki gand ka goo samajhke khane ke chakkar me ho tm log,1
Yadav naam ki beemari Hindu samaaj se door honi chaahiye...,1
राहुल गांधी से कोई पूछे कि भैया दस साल आपकी सरकार ने कौन से ढोल बजाये थे जो अमेठी में बिजली नहीं भिजवा सके!!!!!!? 16 रुपये किलो वाली चीनी आपके दौर में ही हमने 44 रुपये किलो खरीदी थी। 250 रूपये का गैस सिलिंडर आपकी ही सरकार में 1000 रुपये का हो गया था। साहब आपके PM ने तो खामोशी से हो जाने दिया ये तो ढोल बजा के कर रहे हैं!!,1
garib admi hai hujuor maaf kar do sahib bhul ho gayee,0
Aafi Irfan.... thore din ruk saale mulle .... ek din wo v aayega... jb Kashmir v India ka hi hissa hoga,1
Ahooo ab 2 hogy hin ab to mza aye gaa,0
देश को समर्पित नेता ऐसा होता हैं दोस्तों हमें गर्व है कि हमें आप जैसा प्रधानमंत्री मिला मोदी जी !!!!!!!,0
Desh me es samye Modi ji ke allava koi bhi yesa rastra Premi nhi h jo aatanvad aur nakalvad se Mukti dila sake,0
Raj Kumar shuru ke 5 second dekh hod aise ginta hai,0
| हरे कृष्ण हरे कृष्ण कृष्ण कृष्ण हरे हरे | || हरे राम हरे राम राम राम हरे हरे ||,0
Yaar koi sahi khabar bhi de diya karo AAP ke bare me sara time shadyantar hi rachte rehte ho,1
सोनू जी ने मंदिरोऔर गुरुद्वाराओ के लिए भी कहा है लेकिन मीडिया और गद्दार लोग सिर्फ अपने धर्म को लेकर चलेंगे आउर सोनु निगम vs मुस्लिम ही होगा अगले एक हफ्ते तक,1
अभिनेता राजकुमार की पुण्यतिथि पर उनसे जुड़ी कुछ दिलचस्प बातें...,0
"Surgical strike ka traylar tha pictur to abhi baqi h , bewakofo randin agr ye do mare unkay sath 5 ,6 aur thy woh kahan ma chudane gay buzdil bhag gay kia socho randin",1
सोनु निगम की पुलिस मे रिपोर्ट हो चुकी हैं कीसी की धार्मिक भावना को ठेस पहोचाने की,0
sbse bda tharki ko tera krisna h jo nhate huye aurto ko dekhta tha. chup chup kr bachpan se hi randi bazz h wo.  tu mohhmd ke bare me pehle thik se jaan le fir bt kriyo teri to okat b nhi unka naam tk lene ki.tu lgta h assaram ke kisi asram ki paidayish h .arvind.,1
"Yr tumhe hr jgah problem hai...bura kro toh hai hi, accha kro tb bhi.",1
Shiv k wajah se he to ho ..jis din bigar gaya us din mitti me v jagah na milegi,0
sir mai kabhi nahi darunga mai asli desh bhakt hu  mai hamesha aap raj ji aur prasoon ji ke sath hu jai hind,0
"ज़िन्दगी भर बस यही करना  कभी कराची , लाहौर , इस्लामाबाद पर भी कब्ज़ा करो !",1
Aaj tak waale bjp k bhakt hai ... Koi ek news aisi bataoo k aajtak waalo modi ya amit shah k against koi news dhikayee hoo.. Ye sab fake hai...,1
Kiyun ki sab jante Hain ki Sahi se inke paas power aagayee to beimano Ko bans karne me der nahi lagegi...,1
Bhag haramzada tera bap ka hindustan nahi gaddar kahi ke,1
इस्तीफा और केजरीवाल वैसे अप्रैल में ही अप्रैल फूल मनता है # मना लो,1
jo or aa gae rhne unko le ja unke pass toh honge abhi.. thode din baad nai honge,0
Nahi be.. pagle ho kya ..  Mera dept hai isme,0
Hume aap par vishwas hai,0
Ek baat samaj nahi aati ki in naksaliyon ke pass Ak47 aur SLR aai kaha se...inki janch honi chahiye.....,0
bike start nahi ho rahi lagta isiliye isko gaane bol diya,0
Desh na chalao insaaniyat to lao janwar ko maarke khoon baha ke paka ke lhaate ho yeh tumhare allah ko accha lagta hai kya,1
Jo hamari sena ke uper  sk kre unke sath asa hi hona chaeiye Jay Bharat mata,0
Post ko ni un svi ka body part ko tbah kr do,1
अरे इस रंडी के बीज को मारो ।। बाहन का लोडा दो बार पिट चुका है पर है भी तो ढेढ का बीज,1
PACL realstate ka paisa unke costumer ko kab tak lautayege mantri ji,0
2018 में बीजेपी को 30 से 40 सीटे मिलेगी ।,1
प्रधानमंत्री नरेन्द्र मोदी द्वारा डिजिटल इण्डिया का पहला कदम अपने android मोबाईल का उपयोग अब घर बैठे online work करके Rs.15000 - 50000 कमाना चाहते है तो आइये DIGITAL INDIA से जुड़िये Zero investment JOIN होने के लिए आप  1⃣ अपने फ़ोन के play store में Champcash लिखो और उस app को अपने मोबाइल में install कर लो  2⃣ अब app पर click करो और sign up पर click करके अपनी डिटेल्स भर दो 3⃣ Refer id of sponsor पूछेगा वहाँ पर 9568568डाल दो 4⃣ complete challenge aur apna id activate karke business se jud jao,0
Congress walo ko to buao hi mat debat me ye terrorist supporter h isse puchiye ki jnu me Rahul gandi kya krne gye the,1
Modi ji apne kaha tha k agar ek sir kata to hum 10 katenge aaj waqt aagaya hai 56 inch ka sina dikhane ka time,0
*JOB JOB JOB**_```मुझे कुछ 50-100 ऐसे लड़के - लड़कियों की ज़रूरत है जो कि मेरे साथ टीम बनाकर अपने घर में बैठ कर काम कर सकें । काम केवल फेसबुक और व्हाट्स एप पर एड पोस्टिंग का है।```_**_```काफी अच्छा पैसा कमा सकते हैं बिना एक भी रूपया लगाये अपने पार्ट टाइम में । अगर आप इच्छुक हैं तो मेरे व्हाट्स एप 'JOB' लिख कर भेज दें।```_**(+919555486359)इस नंबर पर ।**_```नोट:- सिर्फ ऐसे लोग सम्पर्क करें जो मेहनत करके कुछ पाना चाहते हैं । बिना कुछ किए पाने की इच्छा रखने वाले मुझसे सम्पर्क न करें ।```_*,0
Bole tw zeada kon log h India m deobndi or brelvi?,0
kejriwal to dlf ka bhi muh kala karne ki bat kar rahe the jaise congress ne raj thakhre ko khara kiya wiase hi delhi me bjp ke khilap kejriwal ko. congress ko pta hai uske voter kahi nahi jane wale katni to bjp ke hi hai. mai sabhi sambrant logo se nivedan hai ki congress ke is raj thakre se savdhan.,1
यूपी विधानसभा चुनाव के लिए समाजवादी पार्टी और कांग्रेस में गठबंधन हो गया है. गठबंधन के बा कांग्रेस के खाते में 105 सीटें आई हैं. लखनऊ में दोनों ही पार्टी के नेताओं ने इसकी घोषणा की.,0
woh dor hi alag tha.,0
Dekhna kejrewal tere yahi ghatiya raajneeti tere aur tere chamcho ke maut ka kaaran banege..  Marne ke leye tayaar re jaldi apne chamcho ke saath.....,1
"#BCCI की बैठक में फैसला, चेन्नई और राजस्थान दो साल के निलंबन के बाद वापसी करेंगे, 2018 के बाद दस टीमों का होगा #IPL",0
Hmare Sena k pass Kai achcha buletpruf jakket nhi  mai dekh rha hu khuley head ghum rha hai,0
क्या शाओमी रेडमी नोट 4 एक बार फिर कंपनी के लिए भरोसे वाला प्रोडक्ट साबित होगा? क्या इस डिवाइस के साथ रेडमी सीरीज़ की सफलता पर ब्रेक लग जाएगा? आइए रिव्यू के ज़रिए जानते हैं।,0
Kunder wahi na jiske chatta pada tha.,0
"Saala humaare hosh Kyu udne bc, Humaari mashook lagti Hai Kya Jo humain dokha dekr Kisi r k sath set ho gai ho, News ki headline to dhang ki daala kro. Isse b handsome luk wale bande Hai iss duniya me, Unhe dekhkr Ni hosh ude to iss chakkundr ko dekh kr Kya hona? Small hair cut me iske ears aise lgte Hain jaise nano ki dono khedkiyaan kholi ho, Saala dumna kahi ka.",1
Bike toh abhi italy se aa raha hai . .india aane tak ye gaana chalega lagtha hai,0
इसे पहचानने में बहुतों ने भूल की।,1
Bc londa😂 hote hi talwnted hai,0
आज रात 10 बजे नेशनल रिपोर्टर: शरीफ के आने पर सस्पेंस क्यों…? #NawazSharif #NarendraModi,0
Pls congress bjp ko 15 saal to rhne dou.... Kb tk piynge cow urine.. Kbi to dvlpmt ka jobs ka sochnge bhakts..,1
VIDEO : #AapProtest आम आदमी पार्टी की ओर से केंद्र सरकार के एक साल के कामकाज के खिलाफ दिल्ली के जंतर-मंतर पर प्रदर्शन किया गया।,0
Nahi dilli mcd ke kam kaj se khush nahi hai ha KEJRIWAL se jaroor naraj hai. BJP ko isi ka fayda mila.,1
Chachu  12000/  ki  thali  bhi  nhi  mili,0
इराक में संकट के बीच सोना फिर 28000 रुपये के पार...पढ़ें खबर... http://khabar.ndtv.com/news/business/iraq-crisis-gold-soars-crosses-28-thousand-mark-558213?KhabarFB=007,0
छत्तीसगढ़ : आज़ादी के दिन ही होगा आदिवासियों के अधिकार पर हमला? पढ़ें विस्तृत रिपोर्ट...,0
"Correction- hote instead note, hain instead gain,hote  instead note,hote  instead vote,gaye instead",0
राजस्थान में बीजेपी को बहुमत नही मिलेगा वसुंधरा सरकार ने लोगो को ठगा है,1
"Jo bhi bjp k hein jo kehte hein theek kehte hein, ab behas ki zaroorat nahi ha",0
इंटरनेशनल एजेंडा आज रात 7.30 बजे नग़मा सहर के साथ एनडीटीवी इंडिया पर http://t.co/YH7IwbYg36,0
Ye modi sahb se kuch nhi Hoga ye 21 vi sadi ke lego ko bana rha h...,1
Esse bhadkar bhaichara aur kya ho sakta h,0
hahahaha 45 -1 hr .........isse jayda log mandir mein khade rehte hain........yeh inconvinence  kuch nhi...,0
"इस साल सिविल सेवा परीक्षा में टॉप करने वाली ईरा सिंघल के घर जश्न का माहौल है। इरा का साल 2009 में भी सेलेक्शन हुआ था, लेकिन शारीरिक तौर पर कमज़ोर होने के होने के नाते उसे चार साल तक नियुक्ति नहीं मिल पाई थी…",0
सुपरस्टार सलमान खान का मानना है कि युवा अभिनेत्री और फिल्म ‘‘प्रेम रतन धन पायो’’ में उनकी साथी कलाकार सोनम कपूर ने खूबसूरती और प्रतिभा के मामले में उनकी नायिका रहीं… #SalmanKhan #SonamKapoor,0
Pehle kha tha tha nhi mila ab kh rha hu mila sach kya hai bhai.,1
"इंग्लैंड की टीम भारत दौरे से पहले बांग्लादेश गई थी. बांग्लादेश दौरे से पहले उसके कई खिलाड़ियों ने आतंकी हमले के डर से वहां जाने से इंकार कर दिया था, जिनमें वनडे कप्तान इयोन मॉर्गन और… #HaseebHameed #INDvsENG #RajkotTest",0
Prakashstl me investment liya hi 2229 shear 1.35 ki karidari,0
1992 ke baad yeh pehla mauka hain jab khilaadio ne har jagah maayus kiya hain.,1
"उत्तर कोरिया ने हफ्ते में दूसरी बार आज मध्यम दूरी की शक्तिशाली मिसाइल का परीक्षण किया, जो असफल रहा. विशेषज्ञों ने चेतावनी दी है कि इस मिसाइल को अगले साल तक तैनात किया जा… #NorthKorea",0
Ya sala news wala modi our yogi ke kutta hai,1
"Ek  hai  chanda  neel  gagan  me,  ek  hi  RAVISH  KUMAR  J o u r n a l i s m     me  ☺👃☝",0
Isme  galt  kuchh  bhi  nhi  hai,0
"दोनों शहीदों के #शव के साथ बर्बरता,  अबे 56 इन्च वाले #गीदड अब तो कुछ कर दे,  तुमसे तो अच्छा वो #चुपचाप रहने वाला #मनमोहन सिंह था जिसने हेमराज का बदला #सर काट के लिया था,  देश थूकता है ऐ #मोदी,राजनाथ और सुषमा क्योंकि तुम ही लोगों ने 2014 में कहाँ था कि #हमारी सरकार बनी तो एक सर के बदले दस #सर काटेगे,  अब क्यों #नामर्द बने हो ऐ नवाज कि #बिरयानी खाने वाले मोदी।",1
Tum toh  beef ke chakkar mein he mare ja rahe ho .,1
Hamara sarakar thik hotato esa nehi hota ninda karte ninda karte bolaki janedenge unki koi beta hoga to samaj me ayega jay hind,1
fir bete ko hero our beti ko house wife kese bana diya,1
"ईश्वर अल्लाह तेरु नाम , सबको सम्मत्ति दे भगवान !!!!!",0
Mohammad Mohsin bhai kv to life me tamij se baat karna sikh lo,1
Ese to MODI ko 30baar Istifa dena chahiye agar Naitikta ka Itna Khayal he BJP walon ko to,1
"प्रसाद ने कहा, ""मैं तो घाटे में चल रहे भारत संचार निगम लिमिटेड (बीएसएनएल) को सुधारने में लगा हूं, परंतु नीतीश अपने नए मित्रों के साथ बिहार को गर्त में ले जा रहे हैं।"" पढ़ें पूरी खबर लिंक पर क्लिक करके...",0
फिल्म जगत ने पुलिस बल की छवि बिगाड़ी : पीएम नरेंद्र मोदी http://t.co/LjpgGJbiCF,0
Hmre desh k neta sale rajneet k chakkar m hizra ban gye h,1
"Single ticket Lena. Jis din tu UN gaya tu is desh ko bhool Jana, warna jaan gava ni padegi.",1
"उत्तर प्रदेश का वोट फोरकास्ट : BJP 38% (+21), SP 22% (-1) BSP 20% (-7) Cong 10 (-12)",0
Kabse wo Rone walo ne pareshan ker rkha tha.. Ab tum gaandu  log aa Gaye... Abe hato saalo bich me se,1
"Cow , Vande Matram, blah blah yaar iske aage kab badoge?",1
चीन से लगी सरहद पर तैनात आईटीबीपी के जवान अब स्नो स्कूटर से गश्त लगाएंगे. पहली बार आईटीबीपी को ऐसे पांच स्कूटर दिए गए हैं.,0
Mai. Bhi iss channel ko mobile phone pe dekhna chahta hoon..any link,0
Samaj ho to Apne Aapko dekho👈🏿 Petrol ⛽️ pump Chiting loot👈🏿 EVM mashin Chiting desh loot👈🏿  Loot Gaya kaladhan Videsh wala Or india k Bhasan wale Ko meela nahi.. Bhasan fail huva.. Ye ek News Chenal ka lamba naam he😁  Muje😁 BJP ki Pepper Add.. TV 📺 Add.. 15 Lakh ₹ ka Bhasan.. juthe vadhe.. Acche Deen.. Mahegai khatam.. bhasan ka Fayda Huva Nahi he.. Nuksan Huva he.. Dekhna Chahte ho.. to apne aapko dekho.. or Bank seving or buchat Gayab huvi he.. uspar dhyan do..🤔?,1
‌Part time job करके Rs.10000 - 50000 कमाना चाहतेहै तो.......आइये *CashLess DIGITAL INDIA* से जुड़िये......Zero investment.... JOIN होने के लिए आप1⃣ अपने फ़ोन केplaystore*में*Champcash money free* लिखो और उस app को अपने मोबाइल में install कर लो !2⃣ अब app पर click करो और sign up पर click करके अपनी डिटेल्स भर दो.3⃣ Refer id of sponsor पूछेगा वहाँ पर *12935304* डाल दो 4⃣ complete challenge aur apna id activate karke business se jud jao*Refer id 12935304,0
Tumhare  udte honge  hamare kyu udeinge ?  Idiot kahin ka,1
Apni ma se puch tera hi bap hoga high court samjhe bhosadi wala.aur kisi ka nhi hai,1
Gau mutter pee or stone satatue k agay dance ker hahahaha backward Randia,1
सही किया AAP ज्वाइन नही की वरना बीजेपी के एजेंट बने रहने में मुश्किल होती।,1
"गन्दगी ज़हन में नहीं है। आज से 1400 साल पहले ईमाम हुसैन (a.s.) ने जो आतंकवाद के खिलाफ लड़ाई की थी। हम उसी लड़ाई को क़यामत तक जारी रखेंगे। और जो इंसानियत के खिलाफ है उसे किसी फिरखे में शामिल नहीं किया जा सकता, और ये सऊदी उसी ""यज़ीद"" की नाजायज़ औलाद हैं। जो रसूल (s.a.w.s.) के वक़्त से आतंकवाद फ़ैलाते आये हैं।",1
beef khana jroori hai kya kuch b healthy food khalo .,0
Arvind Kumar Singh but tum logo ka kaam hi h kisi aur pe blame kerna,1
Job Admi ki time thik hota too uss ki jhuta wada sunney ka liea log tower hote hain aur job samey   kharap hote too sucha bat sunney ki liea nahi atea,1
"Bhai UP me koi chance nhi, akhilesh, maya ke bad bachta kaha h kisi ke liye UP me,",1
Kanun ka chkkr to lamba chalta hai?jese 16 sal baad lalu par sirf aarop hi tay hua?,0
In ko line lagwake goli mar deni chahiye salo ko ....,1
Sheeyzaan Pervez bhai ab toh le hi le,0
Sahi bat kahi kaha raj bhoj kaha gangu teli,1
Chara kha gya aa miti kha gya or kia khayaga pyad v khalo haba v khalo or kia bacha hy,1
Pls do saal railway ka job barha dijiye this month,0
Abe jhaat k pissu kamran kb  beta ab gaand fat ri h kya...acchi baat h fattni bi chahiye...,1
" Intezamaat naye sire se sambhaale jaayen, Jitne kamzarf hain mehfil se nikaale jaayen.....""",1
App savi chup rho kisi ko ngi pta desh ke 26 jawan kis trha sahhedd huwe h,0
"आमिर खान गला फाड़ कर हिन्दू धर्म की  कुरीतियों के लिए बोलता है, अगर सोनू निगम ने   बोल दिया तो कोनसी आफत आ गयी .. क्या अभिव्यक्ति  की आज़ादी तो सिर्फ शांतिप्रिय धर्म को  है",1
"Sandeep Silani हर जगह पर अपनी माँ मत चुदवा, उसको बहुत दर्द होता होगा",1
Dost aap Indian ho Apko ye sb baate Shobha nhi deti aap bhi humare bhai ho,0
कहाँ से ढूंढ लाए है अन्ना को ?,0
Me inhi achche dino k liye saalo se marr raha tha,1
"Mera desh mahan hai,  Jaha mere ache Hindu Bhai bhi hai. Aur  ham sob mil jhul kr hai, ye Dekh Nahi pa rahe hai . Insha Allah in comment kr ne walo ko samaj le chahiye ke, Khada, Parmeshwar b hota hai.  Inn bhadka ne walo ko pani Naseeb nahi hoga",0
Retweeted NDTV Videos (@ndtvvideos):  कोलकाता की एक बिल्डिंग में लगी आग - http://t.co/DZjyhDmFAH,0
Parhez sabse badi dava hai .... kya sarkar ko nahi Chahiye ki lute hue ko aur lutne se bachaya jaye ... Naahi plastic money ab aayi hai aur Naahi Cyber Security pe Charcha nayi hai ... Hum aaj bhi raat mein kapde press kar lete hai taki subah taiyar rahe.,0
"Mike Paul भाई घर पता कर ले अपने , सुअर ना हो तेरा बाप",1
"₹₹ ONLINE PART TIME JOB ₹₹  100%free अगर आप घर बैठे कमाना चाहते हैl  10000-15000/ month बिना पैसा लागाये तो मेरे , whatsapp no. *9025891038* पर  *JOIN* लिख करके मैसेज करे...",0
Jo badar PR hota hai o jnta ko pta nhi chalta hai aisa kyo,1
Aajam Khan Desh hi chhor de to ess Desh se sampradaiekta hi khatamho jaati salle khate India k Hai or gaate bahar k. Hai,1
"रोहित सरदाना सबका बाप और निडर, निषपक्ष , राष्ट्रप्रेमि ! हीजडे और लंगुर कि कोई हेसियत नही ! भडवे हमेशा डरावनें मुद्दो से भागते है !",1
Modi pradhan mantri ke layak nahi hai.o ek cellebraty ke kaam ke liye acha hai prachar karna road show stage show man ki baat aise cheezo ke liye modi sahi hai....modi ko pata b nahi pradhan mantri kya hota hai aur uska kya kaam hai.....modi ko jaldi se satta se hatana hai nahi to hindustan barbad hojayega,1
america ni bol raha trup bol raha h barna Bharat Ke khilap yaise ward,1
बेहतरीन जानकारी दी आपने रवीश सर,0
Ye vivad badane wale feku ki aulade hi hai .,1
"कांग्रेस के महासचिव दिग्विजय सिंह ने व्यापमं घोटाले में इस बार शिवराज सिंह चौहान के साथ-साथ उनके परिवार को भी घसीटा। इस मामले में कांग्रेसी नेता ने और क्या-क्या कहा, जानने के लिए देखें यह वीडियो....http://goo.gl/NpfLXG",0
"हिन्दू, मुस्लिम झगड़े से मुर्ख सच्चाई छुपाये? सेक्युलरिज्म की हद हो गई! तेरे जैसे लोगों की वजह से पाकिस्तान बना है",1
matlab ye hua ke .. besharmi ki hadd nhi hai  gir bhi gaye to bole ke pair to uppar hai na,1
Bhakto suji kya .... 😀😀😀😀,1
मैं वापस आ जाऊँ  तब तक तुम यहाँ बैठना ।।,0
खयाल अच्छा है गालिब दिल को बहलाने को।,0
देवनानी की वजह से बीजेपी हारेगी अब,1
Bjp sarkar ki bhedbhav nit he,1
Ye abhi na kewal congress se nikala jayega balki desh se bhi,1
जेएनयू छात्र संघ के नेता कन्हैया कुमार के साथ रवीश कुमार की बातचीत,0
Har baar maar kha ke hi akal kyu aati hai agar muh Tod jawab ek baar hi de diya jaata to aisi naubat hi kyu aati. Modi & Co puri Tarah defence main flop Ho chuki hai lekin gulam aur bikau media kabhi sach nahi dikhayegi kiyuki media hamesha jhut hi bolti rahi hai sach ka samna ye gulam jhuthi media kabhi nahi Karna chahti,1
Hum iski ninda karte hai..agar pak ne ayse harkat agey ki toh hum uska kari se kari sabdo mai ninda karenge.,1
Farak bahut bada hain. Yaha aur waha ka .kya dikhayi nehi deta tumko.,1
"ane wale time mai ,. saudi arab jaise desho ko jinki economy oil p tiki hai ,.unhe bahut nuksaan uthana pad skta hai , ... America or china bhi es wajah s pareshaab hai ki ane wale time mai oil s jada mahenga pani ho jaega .. kuch desho mai abhi k time mai bhi water , oil s jada mahenga hai.",1
इस राजनीती ने बहुत से जवनो को मौत के घाट उतार दिया,0
मित्र एक कार्यकर्ता की तरह नहीं ! एक नागरिक की तरह दोनों के कार्यो का आलान करें !,0
आशा में कि अगली सरकार कांग्रेस की हो और वो पुराने नोट बहाल कर दे,0
Haa ye mulle modi pr laa dete hai kabhi bola mc ne ki PAC yesa hai galat huaa sena ke saath. Mc ko mil raha aarachadn aur kya,1
शर्म करो.... कब तक बेगुनाह सैनिकों की जान लेते रहेगें.. बेशर्म सरकार..,1
Solve jaldi nh bh horha na to gandmarane.... bdawa bhe mt do Aur jo hathi mast chalrha haina use inform kr do chintiya bhe tyar hai hathi ko sulane,1
Modi ji aap ki party jab Virodh me thi to us waqt aapne aisa koi nirnay kyo nahi liya ...? Jo boya woh kaat rahe hei aap log ...!,1
Jansankhya aise hi badti rahi to ye jaldi hi 160 crore hone wale hain. Iske bare me bhi socho modi ji.,0
Abe tere gaav me news chenal Nhi h kya India me kutto ki dakhal Nhi li jati,1
राजनिती अपने आखरी चरन पर है        आपनी भाषा अपना दामन बताती हैं,0
hahaha yeh lundian hain kch bhi sochty rehty hain . . inko yeh nahi pta k us time indian army nahi thi balky british indian army thi . . . .,1
अं घो  को दिखता नहि ! उनका एक ही एजेंडा है मोदीजीको निकालो क्योंकि बहुत डर ग ये लगते हैं।,1
to tms bh ksi ne nh bola ki is post ko dekh kr apni bakchodi start krdo ok or mne to yeh bola tha kutto ko bhokne do to iska mtlb tm apne ap ko kutta mante ho...hahahhahaa...nd who r u to tell me where am i comment...or meri soch badi h tbh tm jeso logo ko jhel rhe h aj ki is duniya me bhi,0
Quran me likha nahi he ki Hindu ke mandir todo or na hi srheemad bhagvat geeta ma likha he ki masjid todo..bus dharam ke thekedar apni roti sekte he or maja lete hee,1
अब मोदी और राजनाथ  को भोकना बंद कर नीद से  जागना  ही होगा ्नही तो देश कभी  माफ नही करेगा।,1
wahi to meri samajh me nahi aarha logo ko kya maja aarha hai is film me,0
Aabki baar say bye to modi sarkar,1
सुप्रीम कोर्ट ने 2002 में अमेरिकी सेंटर पर हुए हमले के मामले में दोषी साबित दो लोगों की मौत की सजा उम्रकैद में तब्दील की।,0
सही.है।नकली नोट का मसला कम से कम होगा।लूट कम होगी।महीने में चार बार में दो लाख कम तो नहीं हैं।केश लेस ट्रानजेकशन करना हिमालय पर चढना तो नहीं है।झिझक काहे की।,0
उत्तरा खंड हाई कोर्ट ने evm मशीनें ज़ब्त कर के उन मशीनों की जाँच करने का आदेश दिया था। 👎🏽मगर👎🏽 जानकारी मिली हे की evm मशीनें अपनी जगह पर नहीं हें। evm अपनी जगह से गायब हें। न्यूज पैपर में कोई खबर नहीं। TV मिडिया में कोई खबर नहीं। मिडिया में खबर हे तो योगी जी ने कुत्ते को दूध पिलाया कितना इस पर शाम 5-30 बजे डिबेट। 👎🏽शर्म की बात👎🏽 भारत की मीडया 180 देशों की सूचि में  90 से गिर कर 136 इस्थान पर आगई हे। इस पर भी डिबेट होजाय के कितना और गिरे गी भारत की मीडया।,1
हरियाणा के रोहतक में एक लड़की से बदसलूकी का मामले सामने आया है। शहर के सदर थाने के पास दसवीं के एक छात्र ने 12वीं की एक छात्रा का पीछा कर उसे सरेआम थप्पड़ मारना शुरू कर... #Rohtak,0
"♨♨♨♨♨♨♨♨♨♨ आपको नहीं लगता / कि, मजहब ए इस्लाम / दूनिया के, हर देश के लिए / मुसीबत का कारण, बन गया है / ♨♨♨♨♨♨♨♨♨♨",1
itnà paisa ager sports authority practice aur facility provide kiya hota toh....aaj..kai player medal jeeta hota...mager afsoos,1
अगर आप एक भेहतार काम की तलास कार रहे हे  तो ये मेरा मो0 नाम्बार हे काल कार सकते है  8979713010 whatsaap no 7837245692 विरेन्द्र सिंग पंवार,0
Ye desh drohi ab kar bhi kya sakteyhai? Khisayi Billi khamba nochaye,1
बाह क्या मजाक है ।शायद बी के सिंह शर्म से अपना काला चेहरा बेटी के दुपट्टे से ढकने की कोशिश का घिनौना खेल खेल रहे है ।अब देशभक्ती कहा गई ।ये पहले देशभक्त थे परन्तु अब जिसके साथ है शायद वही देशभक्तो के लिये घातक है ।,1
"जवानों की 😢कुर्बानी का #बदला_लो पाकिस्तान को हर्जाना देना पडेगा      सरकार सेना को छूट दे,,,,, हमें चाहिए  #खून_का_बदला_खून 😠😤😤",1
Hum bhe to kab se yahi keh rahe hain ...but 😢,0
ye sarkar ka aasu aur magarmachh ki aasu ak hi he,1
Dev Singh... Bhai comment vale ka nam dekh jehadi he ..In log ke mu se Desh bhkti acchi nhi lgti,1
मोदी जी कुछ करो आ आहे दिन आतकवादी हमले हो रहै।,1
अगर भारत में कानून नहीं बदला तो महिलाओं को नहीं मिलेगा इंसाफ : निर्भया की मां http://khabar.ndtv.com/news/india/people-would-lose-faith-in-law-says-nirbhayas-mother-asha-devi-1257234 #NirbhayaCase,0
In haramkhoro ne Modi ji k PM banane se pehle bhi America ko visa na dene ki appeal kar chuke hai. Inke man me is desh k liye kitna zehar hai saf saf dikhayi padta hai,1
इसलिए हो रहे है की देशद्रोही कश्मीर मे बैठै है कश्मीर के देशद्रोहीयो को मिटा दो तो पाकिस्तान कि लडाई खत्म हो जाऐगी,1
"ABP न्यूज वालो आप सवाल पूछो मोदीजी से क्या आप भारत के हर एक इंसान  आम आदमी है, तो हर एक आम आदमी की कमाई भी तो सबकी सरीखी होनी चाहिए.",0
Jhuth nikla ye bhi fakebjp fakerss,1
Akhir kab tak aisa chalega? Pak ko dar kyu rhe ho? Safaya kr do BC pak ka...,1
"koi puche inse, 500 1000 k notes lete h kya",0
Koi nhi hai hi is beraham duniya me🙈🙉🙊,0
Aur BJP ne pure desh ko brbaad krne pe tuli hai...... Aur mujhe lgtaa hai jb tk BJP pure desh ko brbaad ni kr deti tb tk wo sttaaa se waaps ni jaayegi/...kyoki is desh me jaahilo ki kmi ni hai...,1
"get your love back just call Now 9928346668 and #all_problems_solution_with_in_72_hours one call change your life.  समस्या चाहे कैसी भी हो जड़ से खत्म। बड़ी से बड़ी समस्या का समाधान।101% अपने मन चाहे प्यार को पाना, काम कारोबार, किया कराया, सोतन से छुटकारा, पति - पत्नी में अनबन,  just call now(((((+91-9928346668)))) baba ji This is my what's up no>>+91-9928346668",0
Cake thoosne kaun Gaya tha Pak ?? Woh bhi bin bulaye,1
Kumar Sir per  aarop lagane walo per afsos h,0
Atif Malik hamare yahan bhi kata jayega bas thoda licence ki zaroorat hai,1
Phir to beef export karne walo ko sab se pahle phansi par chadhao .chaddhi walo.,1
दिग्विजय उर्फ डॉगी सबसे गंदी गाली सोच ले और समझ ले मैंने तुझे दी,1
Sanghi hazare aap rehne do lokpal ka kya hua murakh,1
arey magarmach  ke ankh par apna gila  kapra daal deyta  or aram se nikal jata,0
Its just a publicity stunt media ki nazaron mai aane ke liye,0
Ek baap ki aulaad nahi he re tu,1
भारत माता की जय बोलना सिखाना पड़ेगा + भारत माता की जय नहीं बोलुगां जय हिद + विधान सभा से बाहार किया+ ये असंवैधानिक अदलत जाऊंगा+ ओवैसी की जबान काटो १करोड़+ बोलने वाले को बहार निकाला  = ओवैसी भक्त खुश शेर है नही झुका शिवसेना कोंग्रेस खुश थोड़ा मौका हमें भी मिला देशभक्ती की गंगा में हांथ धोने का मोदी और भाजपा दिखानें में कामयाब कितने साफ सुथरे हैं +भक्त भी खुश #जनता_अभी_तक_कोशिश_ही_कर_रही_है_समझने_की,1
Kashmir may bhi mar khao gay or afganistan may bhi mar khao gay....,1
"नेहा ये सुअर ""दीदी"" से भी हलाला करते हैं  बच के रहना / नेहा दीदी",1
Sala dominoz ka pizza bhe diliver hogaya abhi tak 😁😁😁,0
Divay Kumar Garg - tu hai kya isme?  Kirtan Shetty Arshiya Shaikh,0
Ghante ka istifa bjp dilli or Bihar done me hari thi,1
Mai aj cow ka meat khaya hu kisiko kuch  khna h,0
Bhai cancer(congress) aur HIV(communal parties like AIMIM etc etc wtvr)  TB n cough(kejru) cold(modi) better h na😉😉😉😉,1
Hamare pm bhashan dene nikakte hain...,1
Wrost DLS MATHOD  . Ran kam kiya!!!  Over kam kiya!!!  Tho phir wicket kam kyun nahi kiya?????,0
Jo log Yahaa pe pm ji se answer Maan Rahe Hai na ek khaas warg k log Pehle huk k liye ladna Hai to apne Ghar se start Karo..... Wahaa pe bhi bahut intolerance Hai....... Pehle unko khutam karo,0
Yha tumhari gaand marenge of peeche se  ghar pr tumhari begum ki raw agent... aa jao... gaand pr tel lga kr ana... loda mota bhot h.. ya allah nikl jaegi ...,1
Petrol and desiel vehicles ki sale band kyun nahi ho rahi,0
Tum ko Kia problem hai khalistan se,0
"100%लवमैरिज,+91-7300354751 सौतन दुश्मन छुटकारा मनचाहा प्यार मनचाही शादी ,वशीकरण, समस्या, गृहक्लेश ,love problem solutionsसभी समस्याओं के समाधान के लिए आज ही संपर्क करे  HARI NATH",0
Modi Ji an waqt agya he him ko apse hi umid he ki ap jaldi koi fesla loge nhi tu 2019 me apka ana muskil he sarkar me,1
"पाकिस्तान की तीन चोकीयाँ उडा दी हमारी सेना ने...  . तब तक 100,200 से ऊपर ना पहुंच जाएं तब तक ये ना बताना कितने मरे.. . #भरोसा_कायम_हे_मोदीभक्त_का_मोदी_पर..",1
किस्मत अच्छी है मोडी की जो सैफु लखनऊ मे  मिला वरना गुजरात मे मिला होता तो  शाहजादे ने हल्ला पीट पीट कर  उसको अखलाख बना देना था,1
"Na  inko apne desh ke PM pr believe h , Na hi is desh ke constitution pr .. kya rh kr rhe h india me ye..kuchh din America rh kar aaye achhe se sb smjh ajaega .😕😕😕😕😕😕😕😕😕😕😕😕",1
Fake report  hai ye I have both sim jio and airtel.airtel is much faster thn jio .airtel ka 2G bhi jio ke 4g se faster hai .,1
Ab cash ka addat badlo pareshani nahin hogi.Saara scheme dirty money walon ke liyea hai.,0
Na re tu rehne de tu apne dharm me reh HINDUSTAN k tukre karne wali baat kehne wale tume HINDU dhrm apnane ki jarurat nahi hai ..tum jaiso k liye yaha jagah nahi hai...,1
"डिजिटल इंडिया वीक आज से, जानें क्या-क्या मिलेंगी सुविधाएं ...खबर पढ़ने के लिए फोटो पर क्लिक करें..",0
Esa to Hajaro salo se Tum log karne ki kosish Kar rahe ho fir bhi kamyab tab bhi nai hue the Aur aaj bhi nai Hoga... Tum kutoeko1971 yaad hai na... Kese 15din main ghutno tak aagai the...kuch 600 Saal pinche jao to Pata chalega Kese Gujarat ke bechraji mandir main Tum Bodo ki puri army chir Di thi,1
आपका अभिवावक महाराज जी हैं तो आपके दादा जी कहां गए आपके मां मां को महाराज जी रखे थे क्या,1
ha har jay gi kkr,0
Congress  ka  modi ji  per  lagaya gaya  her  dauv  ullta  congress per  padta   hai,1
Rly base kitchen se hi supply ho,0
Mr PM where is ur 56 inch chest.... hahahahah Kaha Hai RSS VHP maa k laal ......,1
तीन खान का फिल्म कोई नही  देखना,0
Song choro film banao film..😂😂,0
समाज पूरा नफे नुकसान की चिंता करता है। एक दिन में न भारत बना है नहीं एक दिन में बन कर खड़ा हो जायेगा। बस हम पाँच साल इस जिम्मेदारी को अलग अलग पार्टी को सौंप देते हैं।,0
Har mazhab ke log apni reti rewaz ke hisab se kaam karte hain India Mae agar molvi aur pandit sahi hote to aaj hamlog world me top hote esi liye hamae khud educate hona chahye aur molvi Aur pundit ghalat bole to uska oppose karna chahye,0
मोदी राज में चारों तरफ अशांति ही अशांति है,1
J            Shahid javano ko 1caror RS ki shahay milnichahiye  AAP dusre Des ko shahay Dena bhandh Karo  Des ka Javan hamare super hero hai,0
अब तो खुले आम चेतावनी दे दी जाए की अब कोई हादसा हुआ तो पाकिस्तान श्मशान बना दिया जाएगा । अपने देश के कुछ मुस्लिम भी पाकिस्तान की बजाते है निकाल फैको सबको पाकिस्तान भारतीय नागरिकता खत्म करो,1
मणिशंकर अय्यर की कलम से : वाजपेयी का विनम्र हास्य नदारद था लालकिले के भाषण से - http://t.co/9iqZCZf7gO,0
Jissaki vo baad me bol sake ham modi wave liaye the dilli me!!  Agar bina kouch prachar kare bina hi jeet jayenge to.logo ka shak badhega!!,0
धीरे धीरे जनता अपना हरा चश्मा उतार रही है जो मोदी ने जनता को पहनाया था । देश के जवानों के साथ इतना कुछ अशोभनीय हो रहा है और ये पार्टी का विजय दिवस मना रहे हैं । बेशर्मी !!,1
DOST DOST BAN KE RAHO DOSTOs . YAAD RAKHO DOSTO NANGA AAYA HAI AUR NANGA HI UPAR JAIGA! JHAGRA KARKE KUCH MILNA NAHI HAI DOSTOs !  PAYAR ~ PAYAR SE RAHO YAAR! AARAM SE SLEEP YAAR!KHANA KHAO MASTI ME YAAR!,0
Rahul Raviprasad bhai kejriwal ko mat bhulna !! 😬,0
Akshay kumar toh kisi ginti hi me nahi aata hai bechara,0
मनोज सिन्हा जी जैसे विकास परुष को सत सत  नमन है,0
Kuch chutiya log AAP ko khatm bata rahe he .....unke liye me jahna chahunga ki AAP ab per pasar rahi he ab tu kgatm ho jaye fir bhi aap khatm nahi hone wali he ye mugalda chod de......,1
Suar ki olad randiii K Jane Tumlogo or Tum tumhare suar Allah ki Maa ka bhosde...mm,1
Mere bhai jab freeze me rakha mutton 6 mahine me beef ban sakta hai .to video bhi sahi ho sakte hain..khair sochne wqli baat ye hai ki pehle hi cfsl se jaanch kyun nahi karai gayi...khair jo bhi ho aham ye hai ki neta kisi ka saga nahi hota..taish me mat aao apni buddhi lagao..,1
Bihar mai aayiaa ek dun hum app ka sath hai,0
#सेना तो अपनी भी मार रही है  भाई  लेकिन #फेसबुक वालो को तब तक चैन नही  आएगा  जब तक #मोदीजी और #राजनाथ खुद  #तलवार से  किसी #पाकिस्तानी का सिर काटते हुए  फोटो  अपनी फेसबुक id पर पोस्ट  ना कर दे #पाक_की_दो_चौकिया_तबाह,1
Molana  apne ghar par  hanuman chaleesa kara lo cm house me ajan bhi  ho jayegi,1
Apne phon k play store se champcash install kro signup kro reffer id mange usme 331710 daalo .... bas ho gye join 62 rs turnt milenge or lakho mahine kmao gaurnted.... modi ji ko yh app permot krni chahiye berojgaro k liye... for more info whatsapp me 9068010671,0
"Ravish, Cash jitne khatarnaak to nahi hi honge.",0
Up ka dekaho na......bhaia......koi news,0
कड़ी निन्दा कर तो रहीं है सरकार ओर क्या चाहिये ....देखना कड़ी निन्दा के बाद सारे पाकिस्तानी मर जायेंगे,1
congress n bjp sa badiya ha AAP..,0
Aayush. Bhai dekho sahi se likha hai Sutra .. yaani kuch hua nhi hai hai ... Sutr sirf ek anubhaw ko ya aash lagaya jata hai bus,1
जबतक केश न्यायालय में विचाराधीन है किसी को भी अपराधी मानना उचित नही,0
"Modiji ka baat Jo samjha WO wise, Jo nehi samjha WO other wise.",0
नोटबंदी के बाद 500 और 1000 रुपये के पुराने नोटों पर मोदी सरकार ने एक और सख्त कदम उठाया है. आज ही मोदी कैबिनेट ने नया अध्यादेश पास किया है. #Ordinance,0
राजनाथ जी इस हमले का जवाब कड़ी निंदा करके देंगे...उन्होंने ने समझ क्या रखा है...,1
Happy birthday Sushma ji Aap jio hajaron saal Swasthya rahe💐💐,0
राम माधव ने जीप पर युवक को बांधने के फैसले के लिए संबंधित सैन्य अधिकारी की तारीफ की #rammadhav,0
"प्रिय आमिर - शाहरूख - सलमान, अलविदा...अब हमारे पास 1000 करोड़ का बाहुबली है!",0
"Rahul Dhalwalkar tum jaise logo ko kuch bhi kahne ka haq nahi Jo pahle se mind set rakhte hain k koi virodh na kre, samjhoge wahi Jo pahle se tay kar rakha hoga dimag me",1
Bhai tere bibi ko sambalo Bas...,1
Bilkul sahi bol rahe ho,0
Mai Hindu hu Muslim mera bhai hai Christian mera bhai hai sikh mera bhai hai hum sbko ek hona hai mere pyare bhaiyo humko apne hi Ghr. Mai koi Jhgda nhi krna Meri yhi yhi khwahish hai Agar muslim sikh Hindu Christian sb k Ghr mai prblm hai toh sb ek sath ho kr solve kr kre ye Ladai jhagdee mai beksur Hindu muslim sikh christian maare Gye bache anath hogye Ghr brbaad hogye,0
Kya chutiyapa hai. It's ones choice to eat or no,1
Ap se better koi nahi hai,0
gajendar ke jacha qui na hi kara rhe he,0
इंडिया  कय कर रहे हो बास मुठ मरते रहो,1
Jai hind agr modi sharkar ab be chop rahi to fer modi or manmhan sharkar may koe fark nahi ha,1
But China m muslmano ko Mara ni jata cow khany pe,1
NDTV खबर का NDTV से कोई लेना देना नहीं है ये फ़र्ज़ी न्यूज़ चैनल है। केवल मुँह का बवासीर है।,1
Kamine kutte mulle ki aulad,1
hum haina annaji lokpal   k andolon fir suru karo,0
Kuch dharm me hi kattarta bhari huwi hai..nhi to yesa konsa dharam hai jo sir katne ki izazat deta hai...,1
"यही था प्याज ,९८ में त्रि सरकारें गिराई थी भाजपा उतारी फर्श में कांग्रेस सत्ता में आयी थी दोहरा रही है प्याज़ फिर से इतिहास अपना कांग्रेस सत्ता में आने का, न ले अब पुनः सपना",1
video kon bna rha h phle ye btao dusro ko kya blame kr rhe ho cameraman k pas car ya bike nhi thi ???????? ullu  k pattho case krna pdega tum salo par,1
"Chutya nndn,bo hindu h ,apne acc kaam krega",1
600 rs me to aajkal tumhari chu*ai v nahi karega aunty,1
Modi ki Bibi Aj bhi Whi hain. Modi ko halala nhi karana pda. Modi aur Unki Bibi Ek misal hai.,0
"Surgical strike ki trhan ye bhi jhout hai ,,, afsos k ap surgical strike k naam pr pori dunya main badnaam ho gayee... CNN REPORT",0
Teri bahen ko choosa kamine sale sab post pe apni aukad dikha raha hai Zuber Mansuri,1
Pehle kehte the Sarkar kuch krti ni bhrashtachar h ab jb srkar kuch rhi h to logo ko mirchi lg rhi h  Are bhai desh ko badlna h to sabko bhagidar hona pdega. Desh hmesha sb logo se milkr bnta h Azaadi bhi tabhi mili jb pura desh ekjut ho kr lda tha aaj bhi pure desh ko ek jut hokar ldna pdega,0
Abhi tum lokpal kyon nahi lagwa lete,0
"कावेरी मामला : सुप्रीम कोर्ट ने कर्नाटक सरकार को लताड़ा, 1 से 6 अक्टूबर तक 6000 क्यूसेक पानी छोड़ने को कहा",0
Rifa Ali Khan bara soch tume he mubarak ho ...,0
"मीडिया वाले 100% भाजपा का जगह ले चुका है.....शर्म आनी चाहिए कुछ देश हित का खबर चलाओ, केंद्र सरकार को नींद से जगाओ हमारे सेना प्रत्येक दिन शहीद होते जा रहे है और तुम मीडिया पेड न्यूज को कवर कर रहे हो शर्म करलो कुछ।",0
Zakir Khattak betaa tu bhej tere bat ko Un hinjdo ne indian army ke 2 ko sahid kiya hmne tumhare 7 se jyada maare Bc bhej teri bat ko sb ko tere allah k pas bhejenge,1
Achha matlb pyar karne ka matlb ye ki wo religion hi profess and practice karne lagge,0
प्रधानमंत्री नरेन्द्र मोदी द्वारा डिजिटल इण्डिया का पहला कदम अपने android मोबाईल का उपयोग अब घर बैठे online work करके Rs.15000 - 50000 कमाना चाहते है तो .......आइये DIGITAL INDIA से जुड़िये......Zero investment.... JOIN होने के लिए आप  1⃣ अपने फ़ोन के play store में Champcash लिखो और उस app को अपने मोबाइल में install कर लो ! 2⃣ अब app पर click करो और sign up पर click करके अपनी डिटेल्स भर दो. 3⃣ Refer id of sponsor पूछेगा वहाँ पर 7294883डाल दो. 4⃣ complete challenge aur apna id activate karke business se jud jao. .....जय हिन्द.....जय चैंपकैश... #champcash,0
"Shahrukh,aamir ud gaye Aur aajkal trend me chal rahe exclusive bhagwan  bahubali ne akshay hritik ko chod diya",0
Unko jamino Ko kabja karke amiro Ko de deto ho or garibi ki baat karte hai,0
Benchod 67 seats k time machine thik thi,1
Fir ta nahi bar bartore ga  akoi nai bat nahi hay atanki roj mare na mare par senakoto mar nahi hay,1
An old poem about Delhi...,0
Ab Hume yeah samajh nahi araha ke amit sha bade mujrim hai ya lalu parsad yadav amit ke  upar qatl ka arop hai aur lalu ke  upar cruption ka  Koi tu batao in dono me bada  apradhi kaun hai,1
Jai hind bharat mata me vir sapooto ko shat shat naman,0
Moral of the lesson band karo saarre religion waallle sore. Jayda religious hokkar ban jatte bakchod.,1
Are q aap log National party ka chhabi kharab kar rahe ho.. Mr PM please aise neta logo ko party se nikal dijiye ya to boliye party me rahena agar hai to Party ka maryada banaye rakhe..,1
Mishra.....Jo sarkar dgmo se khud ki raajniti chamkaane ke liye PC karva sakti hai....woh kaarvaai karke media main na bataaye....aisa ho nahi sakta.....dalaal media farzi news chala sakta hai toh fir yeh news kyo nahi....faltu ki bahaane baazi mat kar,1
"हिंदुत्व का अपमान करके बस 22 करोड़ कमाए जा सकते है एक दिन में , हिंदुत्व का सम्मान करके 100 करोड़ , सुधर जाओ बॉलीवुड ,🇮🇳🇮🇳🇮🇳जय हिंद 🇮🇳🇮🇳🇮🇳",1
Ek to Pulsar ka 400 rs ka plan change karke Ye Dominar leke aa rahe hain,0
Kya yeh ek chunavi jumla tha? Kya sena ko apne vivek se karyvai karne ka adhikar nahi hey?,1
मुस्लिम महिलाओ में अधिक्तर वोट बीजेपी को मिले है।।।तलाक के मुद्दों पर....।।दलित और मुस्लिमो को भी सरकार में जगह दे भाजपा।,0
Iska bachho ke sir kaat lo isse baat bhi karte raho,1
Bhai mera bhi Kashmir mei hai aur mujhe is par fakhr hai,0
आजा भाई गोरखपुर में हूं अभी,0
Tumari cabinet ki ma mare madarchod,1
Bhai mujhe laga hat wala ladka toh apna Atin Sharma hai..,0
सरकार अभी गाय तीन तलाक के बारे में सोच रही  सेनिको के बारे में सोचने की डिमांड न करे,1
Aur aap konsa kaam nhi kar sakte without cash transaction everything can be done aapko jo kaam karna hai mobile banking yaa e banking se karo n bhai aap europe countries dekho vaha pe aap dekhenge bohot cashless transaction hota hai isliye unke yaha corruption kum hai n i think so aap 2 lac cash vaapre uske baad cashless transaction kijiye,0
sawal ye hai ki wagon r pe takkar mar ke Scorpio bhaag aai,0
Pak inke cmment bhi zatu ki tarah hote  Zatu sale,1
"Retweeted NDTV Videos (@ndtvvideos):  77 साल के इस शख्स के कारनामे, फर्जी जज भी बना, चोर भी और... - http://t.co/NSLQeIVcP6",0
Modi modi modi modi joy ho,0
बहुत अच्छा किया बीजेपी को वोट देकर अब तो उम्मीद कर ही सकते है कि यूपी के जितने भी बूचड़खाने है सब बंद होने चाहिए,0
Grih mantri ko ninda ki bagar kuch thos kadam uthana chahiye.barana istifa dedena chahiye,0
SIR Aap Karo to swami hum Kare to harami,1
Aab to had ho gye h apne sena ke javan khote j rahe h or vohe ghese pete baste karte h,0
"बयान कोई देता है और लड़ते कोई और हैं। यही हाल हो गया है देश का पिछले दो सालों में तो बहुत ही बुरा हो गया है । किसी को अब महंगाई नहीं दिख रही ,कररप्शन नहीं दिखा रहा सिर्फ और सिर्फ नफरत बची है । कहाँ ले जाकर छोड़ेंगे देश को पता नहीं।",1
Bahubali 2 ne dikha diaa INDIAN film kA DAM SARE DUNIAAKO,0
गलती बता बता के चुप हो जाना हमारी सरकार की आदत बन चुकी है हमारे यहॉ के कुछ दोगले किश्म के  नेता के वजह से हमारी सरकार भी चुप हो जाते है वही हमारे यहॉ कोई आतंकी को मारे तो उसे इज्जत से दफनाया जाता है क्यों उसको भी हम क्यों नहीं कुत्ते को खीलाते है,1
"Tu yoga kar border per jaake, teri chut dekker woh waise hi marjayenge",1
isne apni jindgi me kabhi koi movie nahi banai siwaye deshdrohi ke aur bata aise raha hai jaise kitna bada gayni hai,1
शिव सेना  की नाराज़गी स्थाई प्रकृति की है लेकिन अप्रभावी है.  इसलिये सरकार के लिये  चिंता की कोइ बात नही है.,0
कायर राजकीय नेताओका बार बार एकही बयान  बयान मीडियामें  दिखाकर आप भारतीय सेनाका अपमान मत करो,1
Sala pagal he ek admi ki jan leli sale ne apni movei ko parmot karne ke liye,1
हैदराबाद वनडे : श्रीलंका ने टॉस जीतकर पहले बल्लेबाजी करने का फैसला किया,0
Rohit bhai sandip ji se kahiye ki ..vo hamare javano ko..bullet proof jecket or helmet kab muhaiya kara rahe hai..jo javan aise nakash or atankvad prabhavit ilako me tainat hai.,0
ye dekho ek modi bhakt mila 👆   modi agar apne bhakto ko apne kiye huy sandaas ko halwa bolega to uske bhakt wo bhi sach samajh kar khaa jaayege,1
Annaji kya bolenge koi nenhi bol sakta,0
sare jahan se acha hindusta hamara,0
भारत की जनता को मीडया के साथ मिल कर बेवकूफ नही बना  सकते पाकिस्तान से आर पार की लड़ाई चाहिए कबड्डी का खेल नई जो बॉडर के पार तू तू तू कर के छू कर चले आये,1
Pak ki labour pain start abke 4 aulad hogi.ajit doval ne sonography ki dr.modi delivery karenge.ek bete ka naam baloochistan dusra sindh teesra gilgit 4 pata,1
sabse ghatiya neta h randeep surjewala  awe kamine ham bhi jante h ki pak ko sabak sikhaya jaye lekin sabse pehle ye to soch kashmir viviad ki adchan kisne paida ki kasmir m teri allains party ncp tera jigri dost farukh abdulla kya bol raha h ye to tu bhi samjhta h na khud to ye smasya paida kar gye or uper se 70 sal kuch bhi nahi kiya or ab keh rahe h 56 inch ka sina kaha h,1
Ye log vote ke liye pirome padege jitneke baad logoko pair padege?,1
Iska music director koun hai ... saale ko pakad ke dhoon do,1
लालू चारा खाया न इस लिये बुधी सटीया,1
रामनवमी की हार्दिक शुभकामनाएँ ab sabhi log hame frds req send kare,0
Election me sarafat kam nhi aati harami banna padta hai aur jinki haramio se fatti hai wo haramio k sath ho lete hai,1
"पीडीपी ने समर्थन की पेशकश पर नहीं दिखाई दिलचस्पी, एनसी ने साधा निशाना.. http://khabar.ndtv.com/news/india/nc-says-it-offered-outside-support-to-pdp-yet-no-response-727309",0
ky br br br br br nr br .lga rka h.,1
Bhai Kashmir bhi nhi banana India ko  Bhajpa hi sahi h Kam se kam mooh se tatti to nikal rhe ho Hum sab Bhai h kehke jaise hi majority ho jaaye phir  bhaiyo ki gaand maar lo Hehehe  Angrezi chod rhe ho,1
संयुक्त अरब अमीरात ने प्रदूषण रहित मसदर हाई टेक शहर के बाद मंगल की ओर रुख करने की योजना बनाई है. मसदर शहर पूरी तरह प्रदूषणमुक्त है. #Mars,0
तो इतने साल से क्यों दिखाई नहीं दे रहा था?,0
Bc mera mb Khatam ho raha hai jaldi bike dikhao,0
इतिहास गवाह है ये लोग किसी के भी नही हुये ...तो हिन्दुस्तान का क्या होगा .. ये लोग जिस थाली मे खाते हैं उसी थाली मे छेद करते हैं ..l,1
"गुरु नानक जयंती की छुट्टी के बाद देशभर के सभी बैंक आज फिर से खुलने जा रहे हैं, लेकिन बैंकों और एटीएम के बाहर लोगों की लंबी कतार बीती रात से ही लगने लगी थी.",0
Maine Google pe search kiya to bahut se article mile malda riots ke aur kuchh news wale statements bhi le rahe the jinke gharo ko jala diya gaya tha malda mai aur kya proof chahiye #amarnayak.,0
जम्मू कश्मीर में राष्ट्रपति शासन लगाने की आवश्यकता है मोदी जी । कृपया इस बात को ध्यान से सोच कर अमल करने की आवश्यकता है। नहीं तो हमारी पार्टी की बहुत बेज्जती हो जायेगी मोदी जी please,0
Amaan Mansuri ae ye wai !,0
Es chutiye ke liye bhi 2 shabd kah do..... Bhala hoga tumhara,1
Indian express ko vi chorna chahiye patrakarita,1
दिल्ली के सीएम अरविंद केजरीवाल ने 10 दिनों के विपश्यना से लौटते ही आगामी विधानसभा चुनावों के लिए कमर कस ली है #AAP,0
"+91-9815215009 प्रेम-विवाह }}{{ मनचाहा प्यार }}{{ काम-कारोबार }}{{ पति - पत्नी में अनबन }} +91-9815215009 लव मैरिज ,वशीकरण, सौतन दुश्मन छुटकारा ,पति पत्नी अनबन गृहक्लेश ,कर्जा मुक्ति , ,निःसंतान, एक बार फ़ोन जरूर कर Call Now +91-9815215009",0
READ : #JayaAquitted  कर्नाटक हाईकोर्ट ने आय से अधिक संपत्ति मामले में तमिलनाडु की पूर्व मुख्यमंत्री जे जयललिता को बरी कर दिया है। ख़बरे पढ़े यहां- http://goo.gl/pgXpXU,0
कमाइए 500 - 1000 प्रती दिन अपने ही एंड्रॉइड फोन से...! सबसे पहले google play store से Champ cash App अपने android फोन में इंस्टॉल कर लें और उसमें साइन अप करके Refer id :- 9028334 सबमिट कर दीजिए...  ♦कृपया ध्यान रखें  ♦ (साइन अप करते समय whats app नंबर का ही इस्तेमाल करें...) बाकी जानकारी आपको whats app पर समझा दी जाएगी...,0
शाहवेझ खान सुअर साले भगवा झंडा तेरी मा के चूत में घुसायेंगे!,1
mera kagji mudra len den m ek rupya ka idhr udhr nhi huaa h.. agr plastic mudra k len den m huaa toh kya kr sakta hu... ..ye baat bata dijiye plzz...who r supporting this govt step,0
Garibo ki baat karnay walo  unki madad karo ! Neta ki tarah unhay exploit na karo ! Modi non stop kaam kar rahay hain aur critics sirf gaal baja rahay hain !,0
वीडियो : राजस्थान के टोंक में पानी के तेज बहाव में फंसा ट्रक http://t.co/7JYR80WiGA http://t.co/FFTirE7UcS,0
56 babu ko apna resign president ko   de dena chahiye...,1
? Camera man lo bhai sare dominar aa gae lol,0
mumbai mein aja ek baar. dekh tera kya hota hai,1
Varun Kale tere tarah me terrorist nai hun thk na ho sake to khud chala ja,1
वर्ल्ड टी-20 : भारत के खिलाफ तीन ओवर के बाद पाकिस्तान का स्कोर 12/0 #WT20 #IndvsPak,0
Jainritesh Jain musalman bhi Insan hai jisse to suar kehta hai tu bhi wohi jaati ka hai...matlab Insaan..kya tu suar hai..???,1
Tera baap CM bana hai isliye,1
Iska ancestral mugal aur British samraj ka chamcha aur ye bhi wahi Kar raha hai.,1
Aesa koi nhi bola ye sab jut hai agar koi bola hai to sahi nhi kisi se achchi ummid rakhana bura nhi aur achchi hi ummid Kare take sabka bhala ho,0
मोदी जी बहुत भुगत चुके। कोई लोटा दे हमारे बीते हुए दिन,1
Kya ho rha h es desh me srkar ekdm npunshk ho gyi h,1
Govt. Experts ki rai le tabhi sakaratsmak karyavahi ho sakti hai,0
KUCH KARO BHAI JAWAN MAREY JARAHY HAIN AUR SIRF NINDA  HORAHI HAI,1
Tu apni chinta kar dogi aur salajeet ka prayog kiya kar . Ghar ki pareshani bahar mat bata . Jo teri aukat hai vo hi kaam kar . Apni nachania amma ke joote chat .,1
VisHesh VeRma दम है तो अगले एक हफते में मूझे जेल में डाल कर दिखा।,1
Baki state k log padhe likhe nai h? Tumhari modi se dushmani h.. Bas,0
यह वही कांग्रेस के लोग हैं जिनका नारा था 27 साल यूपी बेहाल अब क्या मुंह लेकर जाएंगे जनता में,1
Tumlog to already taang liye ho mecca me kaala kafan me..arey hum hindu hai jo jalte hai aag me ..tum jaise to darr kr MITTI me chup jate hai ..salo TUMLOG kya BHARAT MATA KI JAI BOLOGO..JIS THALI ME KHAOGE USIME HAGOGE CHATOGEY Syed Shanam Haider,1
♥ जय जय श्रीराम ♥ रामनवमी की हार्दिक शुभकामनायें ♥ जय जय श्रीराम <3  जय जय श्रीराम <3  जय जय श्रीराम <3  जय जय श्रीराम <3  जय जय श्रीराम <3  जय जय श्रीराम <3  जय जय श्रीराम <3  जय जय श्रीराम <3  जय जय श्रीराम <3  जय जय श्रीराम <3  जय जय श्रीराम <3  जय जय श्रीराम <3  जय जय श्रीराम <3  जय जय श्रीराम <3  जय जय श्रीराम <3  जय जय श्रीराम <3,0
Bike dekh k bhi iski roti aawaz nahi aani chahiye,1
Date to aisay bata rahay. Jaisay lagata ha kal kee bat ho 2117,1
Satta ka lalach kisi dal me aisa pehli baar dekha.,1
Yahan desh ki ldai hone wali h tuje paiso ki padi h.sale,1
inki shay ki vjh se up ma kitna hi log gunda grdi krte ghum rage,1
Sab ki sab boke pe sawar hone ke liye khadi hai,0
Bank se aur is govt se logo ka bharosa uth gaya hai,1
Aap de minister ta corruption ch fade ja rahe aa te kujh ration card bnan ch busy aa ?,0
Hizdo ke fauz aur kar bhi kya sakti h saale gadhe case bhi nhi pata..unpadh gavar..,1
VIDEO : #ChandigarhFiring  चंडीगढ़ में एक डिस्को के बाहर फ़ायरिंग की तस्वीर सीसीटीवी में क़ैद हुई है। वीडियो में कुछ लोगों को छुपते और भागते भी देखा जा सकता है।,0
Bharat ji hoga pkka hoga,0
hahahahahahahahahahah youtube stream ko camera se live kar rakh hai cnbc ne,0
Jo scam tune kiye hain tu bhi toh muh nahi dikha payega,1
"Chu apne baap ko banana Hume nai@Niyaz Ahmed,,",1
"world famous astrologar pt. Vinod Swami ji      call & whatsaap no.+91-9928827268  चारों तरफ से दुखी व् निराश व्यक्ति जरूर संपर्क करें  समस्या कैसी भी हो घर बैठे100% समाधान जैसे : लव मेंरीज ,प्रेम   प्यार,वशीकरण ,किया कराया,ग्रह क्लेश,+91-9928827268",0
agar vo atankavaadi thi to usaka sahi hasr hua................,0
Nahi bachi hein ab Sir pakad ke royiye aur koi naya BJP ka dushman dhundiyen jo aapki mada kare...,1
Is mamle me aap party ko BJP se sikhni chahiye we sab mil Jul kar kaam karte hain  Aap v kuch v ho kisi tarah is mamle ko khatam kare AAP PARTY KI MARYADA KO SAB SAMJHE,0
Are dosto ye mani to pagal hai iska dimaagi ilaaj chal raha hai(ander ki baat hai) iski baato ko serious na  lena,1
Afsos yahi hai k ye sarkare vipaksh me rahte hai tabi damkham dikhate hai aur Sarkar bannane k baad kewal ninda me hi khush ho jate hain,0
Baap aakhir baap hota hai love you indian army chak de fatte,0
हम मानते हैं जनता का फैसला स्पष्ट रूप से हमारे खिलाफ है : सोनिया गांधी,0
Patanjali Toh India Ki compony Hai... Us Pe b masjido Se faatve Aa gay.... Tumri muh Se China Ki hi spot k Baat nikle GI.....,1
Vidya  mustache is like two antennas now bzz bzz,0
pehle sahi se likhna sikh le....hum hindu ke liye country pehle ata hai dharam baad mein thats why we follow constitution and its rule...hum hindu time ke saath  chalte hai aur apne dharam me changes karte hai naki 1400 saal purane kanoon ko mante hai....hum doosro ko kafir nahi samaghte hai... samagha,1
बाबा जी...1 येसा काम करो  के दुनिया आपके मुट्ठी आ जाये......के कोई भी  बेमार नही पड़ जाये..जय श्री राम,1
"सामाजिक तौर से दलितों की स्थिति ख़राब है, लेकिन दलितों से भी ज़्यादा मुस्लिमों की स्थिति खराब है।",0
Bjp sarkar ko jawano ke bare me sochne ka tym nai h ye to abhi sirf 2019 ki soch rhe h  aap sochte rho hm bhi 19 ki hi soch rhe h kya krna h aapka,1
आवश्यकता है लडके एवं लडकियो की pantjali heath care में (राज्य एवं जिले अनुसार) हेल्पर- 8500+OT+ रहना+ खाना सुपरवाइजर- 12600+OT+रहना+ खाना (अनपढ से ग्रेजुएट तक)[उ०प्र० एवं बिहार मे and other states] सम्पर्क नं०- 7991766327 ( whatsapp),0
Sahi ja rah hai tu bhie,0
Ha ha  kuta khud ko sher smaj rha h phudi g sa kho dm h to such ma gusa k to dakhy pak ma 1 inch andr akr dakho dunya sa hindu prjati na mita di to khna hmri history yad rkho,1
All AAP candidates will lose their deposits . Forget them winning any deposits and you speak about winning seats.,0
Retweeted NDTV Videos (@ndtvvideos):  डीडीए हाउसिंग स्कीम : अब लकी ड्रा का इंतजार - http://t.co/H5gnLTRZXj,0
Retweeted NDTV Videos (@ndtvvideos):  जम्मू-कश्मीर और झारखंड में पहले दौर का मतदान - http://t.co/r7FhwhZtpm,0
Apni biwiyo ko to izzat de nahi skte sale 3 talaq dekr muh maarne chale jate ho kahi aur ...aur suar k janmo bare gyan pelte ho ....pehle apne allah ka muh to dkho jakr sahi se Syed Shanam Haider ..fir chillana pichwara uthakr smjaa,1
"get your love back +91-(9815215009) and #all_problems_solution_with_in_72_hours one call change life  समस्या चाहे कैसी भी हो जड़ से खत्म। बड़ी से बड़ी समस्या का समाधान।101% अपने मन चाहे प्यार को पाना, काम कारोबार, किया कराया, सोतन से छुटकारा, पति - पत्नी में अनबन, +91-(9815215009)",0
Sonu masjidke bahar sota hai isliye uthjata hai,1
आजकल के धर्म गुरु पागल हो गए है सब । काठ मुल्ला लोग आप या तो राजनीति करलो या तो फिर धर्म का काम करो ।,1
Agar cong ko desh mein rehna hai toh phir pilot ya sindhiya ko aage karen . Gandhi pariwar se desh se nafrat hai .lootmar kar k desh ko barbaad karne ki koshish kar rahe hain yeh lootere yeh maabeta .akal naam ki koyee cheez nahi inme .,1
Sahi bola yar. Jb hmara koi jawan shaheed hota hai to hm km se km 5 ya 6 endian ko to maarte hain. Magar yeh endian jawan saale hijre hain.. apne 2 jawano ko chor kar bhaag gay k jao maro bc,1
Yogi ko chodo abhi pak ke bare m keya bol rahe ho,0
"तो हमारा $60 billiion का बजट कहा जाता ह। एक $ 250 बिलियन की पाकिस्तान इकॉनमी कंट्री ने 3 ट्रिलियन इकॉनमी की नाक मैं दम कर रखा ह।।।। इससे बफी शर्म की और क्या बाय होगी।।।।  शर्म कर मोदी राजनाथ, और जेटली।।।।।।",1
कब तक व्यर्थ बोलते रहिगे नेता अब कुश करने का टाइम आ गया हे,1
56 inch Wale sirf gidhad Ki dhamki dega lekin kuch kar nehi sakte. Bas sirf kadi ninda kar sakte hein,1
Bhagwa ke niche kon hai ye kaise kah sakte... ho sakta hai kai vedio kewal bahgwa phan kar jai sree ram bol kar muslim bhaio ko maar kar.. ue dikhaya ja raha ho opposition ka ki kaise bhi badnam karo bjp ko.. matlab specially vedio banaya jata hai fir use post kia jata.. bana kuch chutiye goo rakchak ban kar drama kar rahe berojgar beakal gadhe hai wo.. insan ko marna galat hai.. par sambavnaye kai sari hai.. mahol bigane aur desh mai dharam ke naam par rajneeti bhadkane ki bhi kavayat ho sakti,0
ओ हो अब पता चला क्यो 2•5 साल से विकाश अपनी अम्मा के पेट में रुका हुवा है,1
Fuji daily marr rahy hy aur hamare country ka Hitler Mann ki bakwas kr KY khud ko bohat smart samaz raha hy...,1
Modi ji hamare javan or hamare desh ka to khyaal karoo. Jay hind,1
मेगास्टार अमिताभ बच्चन का कहना है कि वह अपनी ‘पीकू’को-स्टार दीपिका पादुकोण के साथ फिर से काम करने को तैयार हैं...,0
Ko kuchh hota. Hai. Vo sabhi. Ram. Rachi rakha   Hai.  Jai. Shre. Ram,0
"Modi ji ab bhi waqat hai, @least Pak Govt se direct bat kar ke jo kta hoa ang lekar gye hain usko wapis lekar shaheed ke priwar ko sopne ke liye.. Pleeez Pm ji seriously kuch kro.....",0
In bato se koi bhi tumhare uper jute mar sakta he,1
किसानों ने भारत का भाग्य बदला : प्रधानमंत्री नरेंद्र मोदी,0
Bhai 8 saal ki umar m hum plastic ke phone m bumbro bumbro shyam rang bumbro sunnte the,0
"कोई कुछ भी कहे, आप जैसा कोई नही मोदीजी। देश आप के साथ है और रहेगा",0
"IPL GLvsRPS:पुणे के एंड्रयू टॉय की हैट्रिक , शारदुल (0) को बोल्‍ड किया, स्‍कोर  167/8 (19.3ओवर), पहले मैच में RCB के बद्री ने भी ली थी हैट्रिक",0
"🎵🎵🎵🎵🎵🎵🎵🎵🎵🎵       Jk के - ""सुअरों"" को /    Ak 47 की - सख्त जरुरत /   सिर्फ दो दिन - इस्तेमाल किजिए /  सारे, सुअरों के साथ - कचरा भी, साफ /    ""स्वच्छ भारत अभियान"" 🎵🎵🎵🎵🎵🎵🎵🎵🎵🎵",1
A gayi beta Indian express....tumhari khopadi me akal.....salon bach gaye band hone se anarchist.....2 star diya tha na,1
sali ko Koi Hindu ladka nhi mila jo issse shadhi kregi,1
Amit shah jee government ko bole kuch strategy kaam karne ke liye bhi banaye jayen sirf government banane ke liye nahi. Kuch Karen aaplog sirf baaten nahi. Nahi to kuch Dino baad aapki condition bhi Aap jaisi hogi......,1
Sahi hai sir colges alg hona chiye led is ka alga awor jence alg hona chiye,0
Kya chutipiya chal raha hai bike launch hai ya koi audio function hai,1
Ess Desh ko bipakshp ne hijraa bana kar Randi Ka nachh nachwa Raha Hai . Saala sarkar kuch Kare to Bawal na kaere to bhi bawaal iski Maa kaa sallla,1
Amit shah ko kab bula rhi hey C.B.I ????,0
Bc alag hi level pe chal rhe yeh bande,1
Kya amit shah ko bjp ka sabse bada chor kaha jaye ya nahi? Ab bolo chor bhi judgement dene lage.,1
Aap extra..pay kr  diya kro..nhi badhta hai agr,0
Finally he cameout with rss face,0
Agar congress government hoti to bjp Bale pure desh me hahakar macha dete sharm aana en logon ko doob kar mar jana chahiye,1
"Pagal bhakt kaha hai ab,,,bhakto k bade papa indians ko pareshan kar rahe hai bhakto samjao na aapke trump papa ko",1
सुंदर निर्णय हे वेसे हर काम भारतीय परम्पराओ के अनुसार होना चाहीये।,0
Hahaha    ab  to  bolna  bekaar  hai ......,0
Chup chap intezar karo.. Jawab ka... Suna hai 7 kutte maare hai raat ko.. Pta karo,1
hahahahaha modi ne tm jise muftkhori band karwa diya hai. tm log ki aukat dekha de hai. tm log modi nafrat me pagal kutte ho chuke ho. kuch bhe iljam laga dete ho. janta tm jise k muh bhe nhi lagte hai.😀😁😂.,1
"पाकिस्तानी तालिबान ने हेलीकॉप्टर गिराने का वीडियो जारी किया, साथ ही दी और हमले की धमकी। पढ़ें खबर... http://goo.gl/TvkqBx",0
नींद या निद्रा कड़ी निंदा या गहरी निद्रा  शहीद हो ने के लिए भारतीय सैनिक है ????,1
"पाकिस्तान के पापों का घडा भर चुका ...........  सिंहनाद सा हुआ कहीं, भयभीत सा हुआ कोई  ध्येय में हिन्द का विस्तार सा हुआ कोई  जन-जन है रत हुआ, कर्म व्याकुल हुआ  राष्ट्र शक्ति माल्य का रत्नों सृजन हुआ  राष्ट्र जोश से बढ़ा, सुभाष सा कोई खड़ा  लौह-नेतृत्व में वीर ओज से भरा  पोत डोलने लगे, तेजस खौलने  कलाम बैलिस्टिक कंपी, विस्तार उन्मत्त से लगे  बाजू फड़क उठे, मातृ-दिल धड़क उठे  धरा ऋण-मुक्ति को वीर पग भड़क उठे  नापाक धरती हिल सके, हिन्दोसतां में मिल सके  देश व्याकुल हो रहा अखंड-भारत के लिए  देश व्याकुल हो रहा अखंड भारत के लिए |",1
अरे ललुआ बरनोल माँगता क्या?,1
अमेरिका में 17 कंपनियों के सीईओ से आज मुलाकात करेंगे पीएम नरेंद्र मोदी...http://t.co/dlb8cK53TU,0
Unse jyada tumko Marne chahiye sale jhute wade karke abhi tak chutiya bna rhe h aur public to bhakti me paresan h unhe glt bhi sab shi lgta h,1
Chutiye  Dekh k chapa kr😂😂😂,1
Janta ki jeet hai Arvind kejariwal ko janta Ko samzana chhaey ki Janta Hi Malik Hai  Kaam Kare Dusoro Ko gali Ka Kam Chore,1
Ha chala lenge madharchod sale tu bina soche samjhe apni ma na chuda,1
"उमर ने कहा, हमने मुनादी करवाई थी, लेकिन लोग घर छोड़ने को तैयार नहीं हुए",0
Apna singing par dhiyan do,1
Chor yaar 2 baar vejne k baad v nahi dikha to rehne de ...ankho wale andhe ..bhai tu dkha v hoga to bolega thore,1
Apne ko to khud ki dalroti ki fikar h,0
जितने भी नेता  अफसर और जज हैं उन सब की औलादों को बॉर्डर पर भेज देना चाहिए । अगर ऐसा नहीं होता है तो सारे जवान और सैनिक अपने-अपने घर पर लौट कर आ जाए ।,0
क्यो की ओ मुल्ला नहीं है क्यो की ओ एक हिन्दू शेर हैं,1
आज नक्सलियों पर #मोदी और #राजनाथ ने भारत का सबसे बड़ा बम #कड़ी_निंदा_बम गिरा दिया अब देखना कैसे नक्सली तड़प तड़प के मरेंगे।,0
Prince Bhai Yekdam sahi  JÃ¤Ã¿ Å¡hÅ™Å™Ãª Ram Namo,0
"+91-9815215009 प्रेम-विवाह }}{{ मनचाहा प्यार }}{{ काम-कारोबार }}{{ पति - पत्नी में अनबन }} +91-9815215009 लव मैरिज ,वशीकरण, सौतन दुश्मन छुटकारा ,पति पत्नी अनबन गृहक्लेश ,कर्जा मुक्ति , ,निःसंतान, एक बार फ़ोन जरूर कर Call Now +91-9815215009",0
दिल्ली : उबर टैक्सी के ड्राइवरों ने बैन के खिलाफ किया प्रदर्शन  http://t.co/6ZccOh4NUL http://t.co/hrBTCM4xif,0
Jo pakde unke khilaf suboot ni they khud motivate hue ye police ne kaha .isme kiya naya hai sbko pata hai sirf tb aur whatsapp k base pe ap kisi ko atanki ni ghoshit kr skte.ispe bayanbazi na ho kch galat hai to jaanch ho.jo bhatke hai unko raste pe lao,0
badhai  ho  eak  kachara  aur  saf  kiya.,0
चुप कर चारा चोर तेरी राबडी को कुतते खा जायेगे,1
Ohh to ek hindu hi na mara gaya kya hua ?,0
Communal activities ke liye vaparenge ......ye log... Paise ka power our political power dono milenge,1
"शस्त्र भी हो, शस्त्रधारी भी हो, लेकिन राष्ट्र रक्षा के लिए उत्तम गुप्तचर व्यवस्था जरूरी : पीएम http://t.co/ObewYMl1cm http://t.co/tWbyk1LfRK",0
bhai is k viweres drop kar do turant laund ho jayegi bike,0
Kutto ka .maloom nhi naag ka suna tha,0
Mishra ji pahle suniye ek bar,0
right... junaid pehle 5 pe tha ab 4 pe kar diya...,0
Ho nah! Chapri a ti😂 editing ek no a pn!,0
Darshit Saruparia bhai ko tag kar 😂😂,0
Garibo k pass cards nahi hote hai...brijendra Singh....hum to kaise bhi apna guzaara kar lete hai....lekin in sab k bich garib be maut mare jaa Rahe hai......,0
सत्य की लड़ाई लड़ने वाले को जनता आखिर चूतिया साबित कर ही देती हैं और जब बोझ तले दर्द से तड़पती हैं तो एक दूसरे कमीने को लाती हैं क्यूंकी वो सिर्फ मुहँ पर बोलती हैं उसे इंसाफ चाहिए लेकिन चुनती हैं भ्रष्ट को ... क्यूँ दाग हैं तो अच्छे हैं पर सत्यवादी अभी बच्चे हैं ..... केजरी को बेकार इन लोगों की चिंता हैं मरने सड़ने गलने दो ये इसी लायक हैं एक तरफ भ्रष्ट को चुनते हैं फिर कहते हैं इस देश का कुछ नहीं हो सकता।,1
Dekhi h. Kl krke dikhaungi tuje,0
जन्म दिन कि अनेकों शुभकामनाएं,0
Bhai hum apni glti ni mante aur tumse kya debate kru ap toh kh doge ki global warming bhi ravish kumar ki bjah se hai,1
Iska naya pata hona chahia parlok yamraj  pur,1
"मैं सोचता हूं कि सुषमा स्वराज, वसुंधरा राजे , शिवराजसिंह चौहान आदि सेपहले इस्तीफा ले लेना चाहिए तब इनसे भी मांग लेना चाहिए । सबसे बड़ा अपराध तो हमारे प्रधानमंत्रीजीने देशके झंडे के अपमान का किया है तो उन्हें सबसे पहले इस्तीफा दे देना चाहिए ।",1
"इतने दिन तो ५६"" सिना वाले प्रधानमंत्री को डायलाग बाजी शुने  आबकिबार तो कुछ करके दिखाया करो ।",0
Simple bandar kya jane adrak ka swad. 100 crore mai kitne zero hote hai yeh bhi is ghatiya admi ko pata nahi hoga.,1
World ke 2 sabse bure se bure serial h....1-ye rishta kya kahlata h. 2-sasural simar ka.,0
जिनको अपने आप पर जरूरत से ज्यादा विश्वास होता है उनके हाथ मात्र असफलता और शर्मिन्दगी ही आती है । यदि आपकी समस्या का हल भारत मे नही हो सकता तो ऐसा कोई देश नही हो सकता जो समस्या हल कर दे । विश्व मे जितने भी विवाद है उनके अजाम पर सोच लो । आप अपने व्यवहार को देख सकते है इस तरह से क्या आप हल अपने जीवन मे ले सकेगे । समझदार बने और अपने देश का गौरव करना सीखे । हा पाकिस्तान भी अपने तरीके से मदद कर सकता है । आमीन,0
Mujhe to Bahut dukh ho raha hai...roti bhi halaq se nahi utar rahi hai...mere jawano ko koi to bachalo,1
"भारत  ke neta yahi bolte h, javab milega pakistan ko karara kab milega  Yahi karad h ki samajh me nhi aata kaun se neta ko vote de",0
Kya ghantaa diyaa jaigaaa   sala tum log bas Chillaooo or kuch nhi   Aaj tk POK to Le nhi pai  or Chillana duniyaaa bhar kaaa,1
रवीश कुमार...कश्मीरियों का दर्द और सैनिकों की बर्बरता कब दिखा रहा है भाई ?,1
Yeh karara jawaab nahin hai karara jawaab to humare ek Jawan Bhai k badle unke 150 udaya jaaye tab saalon k dimaag mn baat baithegi,1
Abey samjhao apne logon ko yaar Sashank Vemulapalli XD,1
"आगामी एक अप्रैल, 2017 से रियायती दर पर ट्रेन यात्रा के लिए टिकटों का आरक्षण कराने वाले वरिष्ठ नागरिकों के लिए आधार कार्ड उपलब्ध कराना अनिवार्य हो जाएगा.",0
desh ka pradhan mantri aisa hona jo ki modi ji ne praman karke dikhaya,0
Desh ko Hari Singh Nalwa jaiisa shaasak kab mileyga  !!!,0
Salo katwo aa gaya Tumhara baap yogi wo karega tumhari Ma behen,1
pichar abhi baki hai mere dost... mcd ka chunao to kejtiwal hi jitega dekhte jao bus,0
Aapko to satta ka durupyog kya hota hai malum hi nahi,1
Ab modi ne soch Lia h India ko burane ka,1
Aap ek baar fojiyo ko naksalbaad ma duty de app rajniti kam kare rajniti se wa bapies nhi ayage,1
Waa kya bat he aaesha hi tara chalte rahena jai ahendra bahubali,0
महाराष्ट्र में बीजेपी और शिवसेना की साझा सरकार है और ऐसे में एक भी दल की नाराजगी का मतलब सरकार पर खतरा। वरिष्ठ बीजेपी नेता और सरकार में मंत्री एकनाथ खड़से के मुद्दे पर… #EknathKhadse #LandScam,0
Tera chehara India ka jonta samajgia. Tu Isis ka jongi proved ho gia.,1
पूरा देश में भी अगर बीजेपी आजाये फिर भी देश जस का तस रहेगी,1
"आज फिर पाकिस्तान की सेना भारत की सीमा के अन्दर 200 मीटर तक आ गयी और हमारे 2 जवान मार दिये और उनके सर काट दिये... क्या अब हमारे देश के बहादुर बजरंग दल , शिव सेना , विश्व हिंदू परिषद , करणी सेना , आर एस एस , विहिपी जैसी संगठन क्या पाकिस्तान की सीमा में घुस के एक के बदले 10 सर लायेंगे या फिर इन्हें सिर्फ गाय की रक्षा करके लाठियाँ चलानें की ट्रेनिंग दी जाती है क्यूँ नहीं ये बहादुरी के साथ पाकिस्तान पे लाठी , डंडे़ लेकर चढ़ाई करते...???? #राष्ट्रवादी_सच",1
खतरों की जानकारी देकर आपने जनसेवा की है ।अब खतरों से खेलने में आसानी होगी ।जोखिम नहीं तो प्राप्ति नहीं!लड़ने का हुनर जरूरी है।जरूरत आविष्कार करवा देती है।शिक्षित होना भी अनिवार्य हो जायगा।अपने दर्शकों के प्रति आपका उत्तरदायित्व-बोध अनुकरणीय है।,0
मीरा ने कड़वे सच्च को तीखे शब्द दिए हैं। पर यह सच्चाई है। व्यक्तिगत न होकर यह सीधा सरकार या समाज को कुछ ओर इस दिशा में करने को प्रेरित करता है।,0
bawvali baba ka kaun Sunita hi salsa satiya gaya hi,1
Kashmir azaad hai bc .. education ki ajadi.. profession ki ajadi.. internet use karne ki ajadi.. sari azadi to hai.. aur army waha atankwad se ladne aur tumhari surakcha ke lie hai.. warna atankwadi bomb fodege aur kasmiri logo ka khun bahega..,1
Aahat serial ka sequal a rha hai.....  Aahat 2,0
Koi baat nahi virat aage ki tayaari karo ok,0
APNE NEW KA TV SCREEN PAR CO. NO. DE DIJIYE,0
Bjp pkka haregi Rajasthan m likh k le lo modiji ldenge tbi jeet payegi,1
bas kahe rula rahi h..ab to sach me lag rha h engg chor de :P,0
Ravis kumar ko mera salam,0
"Muhammad sb koi naya dharm nahi laye the ye wahi शाश्वत धर्म ya सनातन धर्म tha jo yaha mahatma budh ,shri ramchandr ji shri krishn ji,jesus christ or sabhi mahapurush unse pehke la chuke the...srf iski language SANSKRIT se badal kr ARABIC ho gayi thi bcoz ARAB wale arab me hi accept kr skte the is dharm ko jese hme yaha hindi me hi smj ayga.",1
Ravindra Tiwari ji wo tv serial crime petrol me aayi thi..,0
Sab jhut hai qki cash deposit karke laut raha tha,0
Me desh ke logo SE puchna chahta hu kya Modi ko isliye vate kiya tha,1
"मुरादाबाद के कांठ में तनाव बरकरार, पूरे इलाके में धारा-144 लागू http://t.co/xj1td5NnRP",0
जब ये नोट चलने ही बंद हो गये तो इस अध्यादेश का क्या फायदा??,1
itni saal ke baad SP ka neta kuchh sach bola.,1
हम दिल्ली वालों की गलती है जो एक सड़क से उठकर आता है हम उसे दिल्ली का मुख्यमंत्री बना देते हैं जोकि इस देश का दिल है नाच ना आवे आंगन टेढ़ा खुजलीवाल,1
Dekho is chomu ko abe chomu aaj trump ka oath hai isiliye,1
Susma ji ka kaam achcha hi rehta hai,0
